item_id,capitulo,titulo,dado_original,ano_dado,trecho_contexto,tipo_indicador,pode_atualizar,prioridade,motivo_atualizacao,fonte_original,url_original
hsia-559b96715b41,1,Brasil aposta no yuan para emitir títulos: medida pode gerar atritos com os EUA?,6%,nao_identificado_no_conteudo_disponivel,"comércio mundial, atingindo 6% das transações.",comercio_brasil_china,revisao_manual,media,"O valor é quantitativo e potencialmente variável, mas o conteúdo local não informa com segurança seu ano-base; é preciso conferir a fonte original antes de incluí-lo na fila de atualização.",Sputnik,https://noticiabrasil.net.br/20260622/brasil-aposta-no-yuan-para-emitir-titulos-medida-pode-gerar-atritos-com-os-eua-51549498.html
hsia-559b96715b41,1,Brasil aposta no yuan para emitir títulos: medida pode gerar atritos com os EUA?,82%,nao_identificado_no_conteudo_disponivel,"Ainda assim, a moeda chinesa está bem distante do dólar norte-americano, que possui uma fatia de 82%.",participacao_mercado,revisao_manual,media,"O valor é quantitativo e potencialmente variável, mas o conteúdo local não informa com segurança seu ano-base; é preciso conferir a fonte original antes de incluí-lo na fila de atualização.",Sputnik,https://noticiabrasil.net.br/20260622/brasil-aposta-no-yuan-para-emitir-titulos-medida-pode-gerar-atritos-com-os-eua-51549498.html
hsia-559b96715b41,1,Brasil aposta no yuan para emitir títulos: medida pode gerar atritos com os EUA?,"R$ 56,7 trilhões",nao_identificado_no_conteudo_disponivel,"Aliado a isso, o especialista lembra que a China tem o segundo maior mercado de capitais do mundo, com capitalização superior a US$ 11 trilhões (R$ 56,7 trilhões), ficando atrás apenas dos Estados Unidos.",indices_mercados,revisao_manual,media,"O valor é quantitativo e potencialmente variável, mas o conteúdo local não informa com segurança seu ano-base; é preciso conferir a fonte original antes de incluí-lo na fila de atualização.",Sputnik,https://noticiabrasil.net.br/20260622/brasil-aposta-no-yuan-para-emitir-titulos-medida-pode-gerar-atritos-com-os-eua-51549498.html
hsia-559b96715b41,1,Brasil aposta no yuan para emitir títulos: medida pode gerar atritos com os EUA?,US$ 11 trilhões,nao_identificado_no_conteudo_disponivel,"Aliado a isso, o especialista lembra que a China tem o segundo maior mercado de capitais do mundo, com capitalização superior a US$ 11 trilhões (R$ 56,7 trilhões), ficando atrás apenas dos Estados Unidos.",indices_mercados,revisao_manual,media,"O valor é quantitativo e potencialmente variável, mas o conteúdo local não informa com segurança seu ano-base; é preciso conferir a fonte original antes de incluí-lo na fila de atualização.",Sputnik,https://noticiabrasil.net.br/20260622/brasil-aposta-no-yuan-para-emitir-titulos-medida-pode-gerar-atritos-com-os-eua-51549498.html
hsia-476697f7d4cb,1,Brasil e China atuam por desdolarizacao em meio a pressao financeira dos EUA,5 bilhões de euros,nao_identificado_no_conteudo_disponivel,"Durigan relembrou a operação de abril, quando o país fez a maior emissão de papéis nacionais em uma rodada da história brasileira, captando 5 bilhões de euros (R$ 30 bilhões).",investimentos_financiamento,revisao_manual,media,"O valor é quantitativo e potencialmente variável, mas o conteúdo local não informa com segurança seu ano-base; é preciso conferir a fonte original antes de incluí-lo na fila de atualização.",Folha de S.Paulo,https://www1.folha.uol.com.br/mercado/2026/06/brasil-e-china-atuam-por-desdolarizacao-em-meio-a-pressao-financeira-dos-eua.shtml
hsia-476697f7d4cb,1,Brasil e China atuam por desdolarizacao em meio a pressao financeira dos EUA,R$ 30 bilhões,nao_identificado_no_conteudo_disponivel,"Durigan relembrou a operação de abril, quando o país fez a maior emissão de papéis nacionais em uma rodada da história brasileira, captando 5 bilhões de euros (R$ 30 bilhões).",investimentos_financiamento,revisao_manual,media,"O valor é quantitativo e potencialmente variável, mas o conteúdo local não informa com segurança seu ano-base; é preciso conferir a fonte original antes de incluí-lo na fila de atualização.",Folha de S.Paulo,https://www1.folha.uol.com.br/mercado/2026/06/brasil-e-china-atuam-por-desdolarizacao-em-meio-a-pressao-financeira-dos-eua.shtml
hsia-li-c74adf303cd7,1,Encontrar uma Ilha Segura,"2,234%",nao_identificado_no_conteudo_disponivel,"A taxa de rentabilidade de título de 2 anos americano chegou a taxa 2,366 % a.a no dia 21/03, agora está 2,234%a.a..",investimentos_financiamento,revisao_manual,media,"O valor é quantitativo e potencialmente variável, mas o conteúdo local não informa com segurança seu ano-base; é preciso conferir a fonte original antes de incluí-lo na fila de atualização.",Compilacao autoral LinkedIn 2017-2018,https://pt.linkedin.com/pulse/encontrar-uma-ilha-segura-hsia-hua-sheng
hsia-li-c74adf303cd7,1,Encontrar uma Ilha Segura,"2,366 %",nao_identificado_no_conteudo_disponivel,"A taxa de rentabilidade de título de 2 anos americano chegou a taxa 2,366 % a.a no dia 21/03, agora está 2,234%a.a..",investimentos_financiamento,revisao_manual,media,"O valor é quantitativo e potencialmente variável, mas o conteúdo local não informa com segurança seu ano-base; é preciso conferir a fonte original antes de incluí-lo na fila de atualização.",Compilacao autoral LinkedIn 2017-2018,https://pt.linkedin.com/pulse/encontrar-uma-ilha-segura-hsia-hua-sheng
hsia-li-c74adf303cd7,1,Encontrar uma Ilha Segura,"2,717%",nao_identificado_no_conteudo_disponivel,"A rentabilidade de título de 10 anos americano que chegou a taxa 2,957 % a.a no dia 21/03, agora está 2,717% a.a.",investimentos_financiamento,revisao_manual,media,"O valor é quantitativo e potencialmente variável, mas o conteúdo local não informa com segurança seu ano-base; é preciso conferir a fonte original antes de incluí-lo na fila de atualização.",Compilacao autoral LinkedIn 2017-2018,https://pt.linkedin.com/pulse/encontrar-uma-ilha-segura-hsia-hua-sheng
hsia-li-c74adf303cd7,1,Encontrar uma Ilha Segura,"2,957 %",nao_identificado_no_conteudo_disponivel,"A rentabilidade de título de 10 anos americano que chegou a taxa 2,957 % a.a no dia 21/03, agora está 2,717% a.a.",investimentos_financiamento,revisao_manual,media,"O valor é quantitativo e potencialmente variável, mas o conteúdo local não informa com segurança seu ano-base; é preciso conferir a fonte original antes de incluí-lo na fila de atualização.",Compilacao autoral LinkedIn 2017-2018,https://pt.linkedin.com/pulse/encontrar-uma-ilha-segura-hsia-hua-sheng
hsia-8fe9607c211c,1,Foco no Mercado Interno,50%,nao_identificado_no_conteudo_disponivel,"Essas empresas contribuem para 80% de emprego no país, 70% de inovação e registros de patentes, 60% do PIB e 50% da receita tributária.",atividade_precos,revisao_manual,media,"O valor é quantitativo e potencialmente variável, mas o conteúdo local não informa com segurança seu ano-base; é preciso conferir a fonte original antes de incluí-lo na fila de atualização.",LinkedIn,https://www.linkedin.com/pulse/foco-mercado-interno-hsia-hua-sheng
hsia-8fe9607c211c,1,Foco no Mercado Interno,60%,nao_identificado_no_conteudo_disponivel,"Essas empresas contribuem para 80% de emprego no país, 70% de inovação e registros de patentes, 60% do PIB e 50% da receita tributária.",atividade_precos,revisao_manual,media,"O valor é quantitativo e potencialmente variável, mas o conteúdo local não informa com segurança seu ano-base; é preciso conferir a fonte original antes de incluí-lo na fila de atualização.",LinkedIn,https://www.linkedin.com/pulse/foco-mercado-interno-hsia-hua-sheng
hsia-8fe9607c211c,1,Foco no Mercado Interno,70%,nao_identificado_no_conteudo_disponivel,"Essas empresas contribuem para 80% de emprego no país, 70% de inovação e registros de patentes, 60% do PIB e 50% da receita tributária.",atividade_precos,revisao_manual,media,"O valor é quantitativo e potencialmente variável, mas o conteúdo local não informa com segurança seu ano-base; é preciso conferir a fonte original antes de incluí-lo na fila de atualização.",LinkedIn,https://www.linkedin.com/pulse/foco-mercado-interno-hsia-hua-sheng
hsia-8fe9607c211c,1,Foco no Mercado Interno,80%,nao_identificado_no_conteudo_disponivel,"Essas empresas contribuem para 80% de emprego no país, 70% de inovação e registros de patentes, 60% do PIB e 50% da receita tributária.",atividade_precos,revisao_manual,media,"O valor é quantitativo e potencialmente variável, mas o conteúdo local não informa com segurança seu ano-base; é preciso conferir a fonte original antes de incluí-lo na fila de atualização.",LinkedIn,https://www.linkedin.com/pulse/foco-mercado-interno-hsia-hua-sheng
hsia-8fe9607c211c,1,Foco no Mercado Interno,90%,nao_identificado_no_conteudo_disponivel,Esses estabelecimentos correspondem 90% de total de mercado chinês.,outro_indicador_quantitativo,revisao_manual,media,"O valor é quantitativo e potencialmente variável, mas o conteúdo local não informa com segurança seu ano-base; é preciso conferir a fonte original antes de incluí-lo na fila de atualização.",LinkedIn,https://www.linkedin.com/pulse/foco-mercado-interno-hsia-hua-sheng
hsia-215c75199ff9,1,Guerra comercial entre EUA e China,"1,15 %",nao_identificado_no_conteudo_disponivel,"Se a China reagir, essa perda do PIB seria 1,15 %.",atividade_precos,revisao_manual,media,"O valor é quantitativo e potencialmente variável, mas o conteúdo local não informa com segurança seu ano-base; é preciso conferir a fonte original antes de incluí-lo na fila de atualização.",LinkedIn via Google,https://pt.linkedin.com/pulse/guerra-comercial-entre-eua-e-china-hsia-hua-sheng
hsia-215c75199ff9,1,Guerra comercial entre EUA e China,"1,26%",nao_identificado_no_conteudo_disponivel,"Um dos institutos de pesquisas mais importantes da área de ciências sociais aponta uma queda média do PIB de 1,26%, caso a China não reaja o aumento de impostos americanos de importação de 30%.",atividade_precos,revisao_manual,media,"O valor é quantitativo e potencialmente variável, mas o conteúdo local não informa com segurança seu ano-base; é preciso conferir a fonte original antes de incluí-lo na fila de atualização.",LinkedIn via Google,https://pt.linkedin.com/pulse/guerra-comercial-entre-eua-e-china-hsia-hua-sheng
hsia-215c75199ff9,1,Guerra comercial entre EUA e China,"1,5%",nao_identificado_no_conteudo_disponivel,"Mas, se os Estados Unidos e a China estenderem essa guerra comercial utilizando outras ferramentas não tarifárias, tais como Super 301 dos americanos (direitos de propriedade intelectuais), o impacto negativo do PIB chinês seria 1,5%.",atividade_precos,revisao_manual,media,"O valor é quantitativo e potencialmente variável, mas o conteúdo local não informa com segurança seu ano-base; é preciso conferir a fonte original antes de incluí-lo na fila de atualização.",LinkedIn via Google,https://pt.linkedin.com/pulse/guerra-comercial-entre-eua-e-china-hsia-hua-sheng
hsia-215c75199ff9,1,Guerra comercial entre EUA e China,30%,nao_identificado_no_conteudo_disponivel,"Um dos institutos de pesquisas mais importantes da área de ciências sociais aponta uma queda média do PIB de 1,26%, caso a China não reaja o aumento de impostos americanos de importação de 30%.",atividade_precos,revisao_manual,media,"O valor é quantitativo e potencialmente variável, mas o conteúdo local não informa com segurança seu ano-base; é preciso conferir a fonte original antes de incluí-lo na fila de atualização.",LinkedIn via Google,https://pt.linkedin.com/pulse/guerra-comercial-entre-eua-e-china-hsia-hua-sheng
hsia-cee723d69484,1,Medidas para atrair mais IED!,65%,nao_identificado_no_conteudo_disponivel,"Há alguns dias, o capital francês cimenteira Vicat acerta compra de 65% da Ciplan por R$ 1,29 bilhão.",investimentos_financiamento,revisao_manual,media,"O valor é quantitativo e potencialmente variável, mas o conteúdo local não informa com segurança seu ano-base; é preciso conferir a fonte original antes de incluí-lo na fila de atualização.",LinkedIn,https://pt.linkedin.com/pulse/medidas-para-atrair-mais-ied-hsia-hua-sheng
hsia-cee723d69484,1,Medidas para atrair mais IED!,"R$ 1,29 bilhão",nao_identificado_no_conteudo_disponivel,"Há alguns dias, o capital francês cimenteira Vicat acerta compra de 65% da Ciplan por R$ 1,29 bilhão.",investimentos_financiamento,revisao_manual,media,"O valor é quantitativo e potencialmente variável, mas o conteúdo local não informa com segurança seu ano-base; é preciso conferir a fonte original antes de incluí-lo na fila de atualização.",LinkedIn,https://pt.linkedin.com/pulse/medidas-para-atrair-mais-ied-hsia-hua-sheng
hsia-bd6325688e01,1,Mercado refaz contas com novo sobressalto da China,50%,nao_identificado_no_conteudo_disponivel,"A moeda chinesa pode perder até 50% do seu valor, arrastando junto a maioria das moedas emergentes.",rmb_cambio_reservas,revisao_manual,media,"O valor é quantitativo e potencialmente variável, mas o conteúdo local não informa com segurança seu ano-base; é preciso conferir a fonte original antes de incluí-lo na fila de atualização.",Folha de S.Paulo,http://www1.folha.uol.com.br/mercado/2016/01/1727162-mercado-refaz-contas-com-novo-sobressalto-da-china.shtml
hsia-1d2e924224a7,1,O uso de derivativos da taxa de câmbio e o valor de mercado das empresas brasileiras listadas na Bovespa,48 empresas,1999,"Este trabalho examina o impacto da utilização de derivativos de moedas no valor de mercado da firma, a partir de amostra das 48 empresas não-financeiras mais líquidas listadas na Bolsa de Valores de São Paulo, abrangendo o período de 1999 a 2007.",indices_mercados,nao,baixa,"O número integra o recorte metodológico, a amostra ou o resultado histórico do estudo e deve permanecer como evidência daquele período.",FGV EAESP,https://eaesp.fgv.br/sites/default/files/files-eaesp/pesquisa-eaesp-files/arquivos/sheng_-_o_uso_dos_derivativos_da_taxa_de_cambio_e_o_valor_de_mercado_das_empresas_brasileiras_listadas_na_bovespa.pdf
hsia-8e0c70b5a1f8,2,Pizzacoin ou Bitcoin?,70%,nao_identificado_no_conteudo_disponivel,A ação dessa empresa acumulou uma valorização de 70% em 15 dias.,indices_mercados,revisao_manual,media,"O valor é quantitativo e potencialmente variável, mas o conteúdo local não informa com segurança seu ano-base; é preciso conferir a fonte original antes de incluí-lo na fila de atualização.",LinkedIn via Google,https://pt.linkedin.com/pulse/pizzacoin-ou-bitcoin-hsia-sheng
hsia-li-fa209b3e91e4,2,Quem vai ser dono do varejo no Brasil?,"4,27%",nao_identificado_no_conteudo_disponivel,"As principais empresas desse setor sofreram perdas expressivas no dia do anúncio, Walgreens Boots Alliance Inc (Ela acabou de substituir GE no Índice de Dow Jones) caiu 6,56%, Outra rede de farmácia CVS Health também caiu 4,27% no dia.",indices_mercados,revisao_manual,media,"O valor é quantitativo e potencialmente variável, mas o conteúdo local não informa com segurança seu ano-base; é preciso conferir a fonte original antes de incluí-lo na fila de atualização.",Compilacao autoral LinkedIn 2017-2018,https://pt.linkedin.com/pulse/quem-vai-ser-dono-do-varejo-brasil-hsia-hua-sheng
hsia-li-fa209b3e91e4,2,Quem vai ser dono do varejo no Brasil?,"6,56%",nao_identificado_no_conteudo_disponivel,"As principais empresas desse setor sofreram perdas expressivas no dia do anúncio, Walgreens Boots Alliance Inc (Ela acabou de substituir GE no Índice de Dow Jones) caiu 6,56%, Outra rede de farmácia CVS Health também caiu 4,27% no dia.",indices_mercados,revisao_manual,media,"O valor é quantitativo e potencialmente variável, mas o conteúdo local não informa com segurança seu ano-base; é preciso conferir a fonte original antes de incluí-lo na fila de atualização.",Compilacao autoral LinkedIn 2017-2018,https://pt.linkedin.com/pulse/quem-vai-ser-dono-do-varejo-brasil-hsia-hua-sheng
hsia-li-970be065f7f1,3,As Commodities são para especialistas!,8%,nao_identificado_no_conteudo_disponivel,A notícia da reabertura de terminais de petróleo da Libia derrubou o preço de petróleo em aproximadamente 8% em um dia.,commodities,revisao_manual,media,"O valor é quantitativo e potencialmente variável, mas o conteúdo local não informa com segurança seu ano-base; é preciso conferir a fonte original antes de incluí-lo na fila de atualização.",Compilacao autoral LinkedIn 2017-2018,https://pt.linkedin.com/pulse/commodities-s%C3%A3o-para-especialistas-hsia-hua-sheng
hsia-96490b2559d8,3,China desafia o padrão: Dívida soberana em dólar pode ditar nova taxa livre de risco,30x,nao_identificado_no_conteudo_disponivel,"China emite US$ 4 bi em títulos em dólar, com demanda 30x maior que oferta, reforçando credibilidade e impacto para investimentos no Brasil.",investimentos_financiamento,revisao_manual,media,"O valor é quantitativo e potencialmente variável, mas o conteúdo local não informa com segurança seu ano-base; é preciso conferir a fonte original antes de incluí-lo na fila de atualização.",Money Times,https://www.moneytimes.com.br/china-desafia-o-padrao-divida-soberana-em-dolar-pode-ditar-nova-taxa-livre-de-risco-jals/
hsia-96490b2559d8,3,China desafia o padrão: Dívida soberana em dólar pode ditar nova taxa livre de risco,US$ 4 bi,nao_identificado_no_conteudo_disponivel,"China emite US$ 4 bi em títulos em dólar, com demanda 30x maior que oferta, reforçando credibilidade e impacto para investimentos no Brasil.",investimentos_financiamento,revisao_manual,media,"O valor é quantitativo e potencialmente variável, mas o conteúdo local não informa com segurança seu ano-base; é preciso conferir a fonte original antes de incluí-lo na fila de atualização.",Money Times,https://www.moneytimes.com.br/china-desafia-o-padrao-divida-soberana-em-dolar-pode-ditar-nova-taxa-livre-de-risco-jals/
hsia-cee154dd3abb,3,Desafios de Exportadores de Commodities no Curto Prazo!,30%,nao_identificado_no_conteudo_disponivel,Só esse movimento já fez o preço de papel de atacado na China ter uma queda de 30% nos ultimos dias (os preços de ações da Suzano tambem caiu esses dias...) Esse movimento de redução pode ser ainda maior a partir de 1º.,indices_mercados,revisao_manual,media,"O valor é quantitativo e potencialmente variável, mas o conteúdo local não informa com segurança seu ano-base; é preciso conferir a fonte original antes de incluí-lo na fila de atualização.",LinkedIn via Google,https://pt.linkedin.com/pulse/desafios-de-exportadores-brasileiros-hsia-hua-sheng
hsia-bd6325688e01,3,Mercado refaz contas com novo sobressalto da China,50%,nao_identificado_no_conteudo_disponivel,"A moeda chinesa pode perder até 50% do seu valor, arrastando junto a maioria das moedas emergentes.",rmb_cambio_reservas,revisao_manual,media,"O valor é quantitativo e potencialmente variável, mas o conteúdo local não informa com segurança seu ano-base; é preciso conferir a fonte original antes de incluí-lo na fila de atualização.",Folha de S.Paulo,http://www1.folha.uol.com.br/mercado/2016/01/1727162-mercado-refaz-contas-com-novo-sobressalto-da-china.shtml
hsia-li-76e6c1bce155,3,Risco de Guerra Cambial,2X,nao_identificado_no_conteudo_disponivel,"Por outro lado, a China está reduzindo compulsórios (2X ou 3X?), consequentemente, uma redução de taxa de juros na China.",juros_credito,revisao_manual,media,"O valor é quantitativo e potencialmente variável, mas o conteúdo local não informa com segurança seu ano-base; é preciso conferir a fonte original antes de incluí-lo na fila de atualização.",Compilacao autoral LinkedIn 2017-2018,https://pt.linkedin.com/pulse/risco-de-guerra-cambial-hsia-hua-sheng
hsia-li-76e6c1bce155,3,Risco de Guerra Cambial,3 X,nao_identificado_no_conteudo_disponivel,"De um lado, o Federal Reserve americano está acelerando aumento de taxas de juros (3 X ou 4X?).",juros_credito,revisao_manual,media,"O valor é quantitativo e potencialmente variável, mas o conteúdo local não informa com segurança seu ano-base; é preciso conferir a fonte original antes de incluí-lo na fila de atualização.",Compilacao autoral LinkedIn 2017-2018,https://pt.linkedin.com/pulse/risco-de-guerra-cambial-hsia-hua-sheng
hsia-li-76e6c1bce155,3,Risco de Guerra Cambial,3X,nao_identificado_no_conteudo_disponivel,"Por outro lado, a China está reduzindo compulsórios (2X ou 3X?), consequentemente, uma redução de taxa de juros na China.",juros_credito,revisao_manual,media,"O valor é quantitativo e potencialmente variável, mas o conteúdo local não informa com segurança seu ano-base; é preciso conferir a fonte original antes de incluí-lo na fila de atualização.",Compilacao autoral LinkedIn 2017-2018,https://pt.linkedin.com/pulse/risco-de-guerra-cambial-hsia-hua-sheng
hsia-li-76e6c1bce155,3,Risco de Guerra Cambial,4X,nao_identificado_no_conteudo_disponivel,"De um lado, o Federal Reserve americano está acelerando aumento de taxas de juros (3 X ou 4X?).",juros_credito,revisao_manual,media,"O valor é quantitativo e potencialmente variável, mas o conteúdo local não informa com segurança seu ano-base; é preciso conferir a fonte original antes de incluí-lo na fila de atualização.",Compilacao autoral LinkedIn 2017-2018,https://pt.linkedin.com/pulse/risco-de-guerra-cambial-hsia-hua-sheng
hsia-dca185baeabb,4,China troca motores de crescimento e indicadores tradicionais perdem força,"6,7%",nao_identificado_no_conteudo_disponivel,"Em entrevista nesta terça-feira (18) ao Times Brasil – Licenciado Exclusivo CNBC , Sheng afirmou que números como a queda de 6,7% dos investimentos em ativos fixos nos primeiros sete meses do ano seriam muito mais preocupantes uma década atrás. “ A economia chinesa saiu daquele modelo de crescimento que é intensivo em ativo fixo, investimento imobiliário e infraestrutura e está indo para desenvolvimento sustentável, de alta tecnologia, de qualidade e com muita inova",investimentos_financiamento,revisao_manual,media,"O valor é quantitativo e potencialmente variável, mas o conteúdo local não informa com segurança seu ano-base; é preciso conferir a fonte original antes de incluí-lo na fila de atualização.",CNBC Brasil,https://timesbrasil.com.br/mundo/china-troca-motores-do-crescimento-e-indicadores-perdem-forca/
hsia-4ce1eb628895,4,"O mito da desaceleração da China: Por que a “fragilidade” econômica é, na verdade, um salto para a autonomia tecnológica","4,5%",nao_identificado_no_conteudo_disponivel,"Entenda as metas de crescimento da China entre 4,5% e 5% e o que isso significa para a economia global e suas análises.",atividade_precos,revisao_manual,media,"O valor é quantitativo e potencialmente variável, mas o conteúdo local não informa com segurança seu ano-base; é preciso conferir a fonte original antes de incluí-lo na fila de atualização.",Money Times,https://www.moneytimes.com.br/o-mito-da-desaceleracao-da-china-por-que-a-fragilidade-economica-e-na-verdade-um-salto-para-a-autonomia-tecnologica-ceci/
hsia-4ce1eb628895,4,"O mito da desaceleração da China: Por que a “fragilidade” econômica é, na verdade, um salto para a autonomia tecnológica",5%,nao_identificado_no_conteudo_disponivel,"Entenda as metas de crescimento da China entre 4,5% e 5% e o que isso significa para a economia global e suas análises.",atividade_precos,revisao_manual,media,"O valor é quantitativo e potencialmente variável, mas o conteúdo local não informa com segurança seu ano-base; é preciso conferir a fonte original antes de incluí-lo na fila de atualização.",Money Times,https://www.moneytimes.com.br/o-mito-da-desaceleracao-da-china-por-que-a-fragilidade-economica-e-na-verdade-um-salto-para-a-autonomia-tecnologica-ceci/
hsia-312e973b7c88,5,Como estará o apetite da China no mercado em 2024 e quais serão os impactos para empresas?,"4,5%",2024,"Sendo assim, o Produto Interno Bruto (PIB) do país deve crescer 4,5% em 2024 e 4,3% em 2025, contra o avanço estimado de 5,2% em 2023.",atividade_precos,sim,alta,"O indicador varia ao longo do tempo e o ano 2024, registrado no próprio trecho, já pode estar defasado para uma edição atual do livro.",YouTube / Money Times,https://www.moneytimes.com.br/como-estara-o-apetite-da-china-no-mercado-em-2024-e-quais-serao-os-impactos-para-empresas/
hsia-312e973b7c88,5,Como estará o apetite da China no mercado em 2024 e quais serão os impactos para empresas?,"5,2%",2023,"Sendo assim, o Produto Interno Bruto (PIB) do país deve crescer 4,5% em 2024 e 4,3% em 2025, contra o avanço estimado de 5,2% em 2023.",atividade_precos,sim,alta,"O indicador varia ao longo do tempo e o ano 2023, registrado no próprio trecho, já pode estar defasado para uma edição atual do livro.",YouTube / Money Times,https://www.moneytimes.com.br/como-estara-o-apetite-da-china-no-mercado-em-2024-e-quais-serao-os-impactos-para-empresas/
hsia-312e973b7c88,5,Como estará o apetite da China no mercado em 2024 e quais serão os impactos para empresas?,"4,3%",2025,"Sendo assim, o Produto Interno Bruto (PIB) do país deve crescer 4,5% em 2024 e 4,3% em 2025, contra o avanço estimado de 5,2% em 2023.",atividade_precos,sim,media,"O indicador é temporalmente variável e está associado ao ano 2025; convém confirmá-lo na revisão da nova edição, sem substituir o valor original.",YouTube / Money Times,https://www.moneytimes.com.br/como-estara-o-apetite-da-china-no-mercado-em-2024-e-quais-serao-os-impactos-para-empresas/
hsia-87d3e5f64666,5,Por que a Bolsa da China subiu? Veja o que diz o vice-presidente do Bank of China,100 bilhões de yuan,2025,"O governo chinês anunciou que adiantará 100 bilhões de yuan (cerca de US$ 14,1 bilhões) do orçamento de investimento de 2025 […]",investimentos_financiamento,sim,media,"O indicador é temporalmente variável e está associado ao ano 2025; convém confirmá-lo na revisão da nova edição, sem substituir o valor original.",Money Times - busca interna,https://www.moneytimes.com.br/por-que-a-bolsa-da-china-continua-subindo-veja-o-que-diz-o-vice-presidente-do-bank-of-china-mtm/
hsia-87d3e5f64666,5,Por que a Bolsa da China subiu? Veja o que diz o vice-presidente do Bank of China,"US$ 14,1 bilhões",2025,"O governo chinês anunciou que adiantará 100 bilhões de yuan (cerca de US$ 14,1 bilhões) do orçamento de investimento de 2025 […]",investimentos_financiamento,sim,media,"O indicador é temporalmente variável e está associado ao ano 2025; convém confirmá-lo na revisão da nova edição, sem substituir o valor original.",Money Times - busca interna,https://www.moneytimes.com.br/por-que-a-bolsa-da-china-continua-subindo-veja-o-que-diz-o-vice-presidente-do-bank-of-china-mtm/
hsia-96490b2559d8,5,China desafia o padrão: Dívida soberana em dólar pode ditar nova taxa livre de risco,30x,nao_identificado_no_conteudo_disponivel,"China emite US$ 4 bi em títulos em dólar, com demanda 30x maior que oferta, reforçando credibilidade e impacto para investimentos no Brasil.",investimentos_financiamento,revisao_manual,media,"O valor é quantitativo e potencialmente variável, mas o conteúdo local não informa com segurança seu ano-base; é preciso conferir a fonte original antes de incluí-lo na fila de atualização.",Money Times,https://www.moneytimes.com.br/china-desafia-o-padrao-divida-soberana-em-dolar-pode-ditar-nova-taxa-livre-de-risco-jals/
hsia-96490b2559d8,5,China desafia o padrão: Dívida soberana em dólar pode ditar nova taxa livre de risco,US$ 4 bi,nao_identificado_no_conteudo_disponivel,"China emite US$ 4 bi em títulos em dólar, com demanda 30x maior que oferta, reforçando credibilidade e impacto para investimentos no Brasil.",investimentos_financiamento,revisao_manual,media,"O valor é quantitativo e potencialmente variável, mas o conteúdo local não informa com segurança seu ano-base; é preciso conferir a fonte original antes de incluí-lo na fila de atualização.",Money Times,https://www.moneytimes.com.br/china-desafia-o-padrao-divida-soberana-em-dolar-pode-ditar-nova-taxa-livre-de-risco-jals/
hsia-f719d6f9027a,5,China surpreende mercado com corte na taxa de juros,10 pontos-base,nao_identificado_no_conteudo_disponivel,O Banco Central da China surpreendeu o mercado nesta segunda-feira (22) ao decidir cortar a taxa de juros em 10 pontos-base.,juros_credito,revisao_manual,media,"O valor é quantitativo e potencialmente variável, mas o conteúdo local não informa com segurança seu ano-base; é preciso conferir a fonte original antes de incluí-lo na fila de atualização.",Money Times,https://www.moneytimes.com.br/china-surpreende-mercado-com-corte-na-taxa-de-juros-jals/
hsia-li-c74adf303cd7,5,Encontrar uma Ilha Segura,"2,234%",nao_identificado_no_conteudo_disponivel,"A taxa de rentabilidade de título de 2 anos americano chegou a taxa 2,366 % a.a no dia 21/03, agora está 2,234%a.a..",investimentos_financiamento,revisao_manual,media,"O valor é quantitativo e potencialmente variável, mas o conteúdo local não informa com segurança seu ano-base; é preciso conferir a fonte original antes de incluí-lo na fila de atualização.",Compilacao autoral LinkedIn 2017-2018,https://pt.linkedin.com/pulse/encontrar-uma-ilha-segura-hsia-hua-sheng
hsia-li-c74adf303cd7,5,Encontrar uma Ilha Segura,"2,366 %",nao_identificado_no_conteudo_disponivel,"A taxa de rentabilidade de título de 2 anos americano chegou a taxa 2,366 % a.a no dia 21/03, agora está 2,234%a.a..",investimentos_financiamento,revisao_manual,media,"O valor é quantitativo e potencialmente variável, mas o conteúdo local não informa com segurança seu ano-base; é preciso conferir a fonte original antes de incluí-lo na fila de atualização.",Compilacao autoral LinkedIn 2017-2018,https://pt.linkedin.com/pulse/encontrar-uma-ilha-segura-hsia-hua-sheng
hsia-li-c74adf303cd7,5,Encontrar uma Ilha Segura,"2,717%",nao_identificado_no_conteudo_disponivel,"A rentabilidade de título de 10 anos americano que chegou a taxa 2,957 % a.a no dia 21/03, agora está 2,717% a.a.",investimentos_financiamento,revisao_manual,media,"O valor é quantitativo e potencialmente variável, mas o conteúdo local não informa com segurança seu ano-base; é preciso conferir a fonte original antes de incluí-lo na fila de atualização.",Compilacao autoral LinkedIn 2017-2018,https://pt.linkedin.com/pulse/encontrar-uma-ilha-segura-hsia-hua-sheng
hsia-li-c74adf303cd7,5,Encontrar uma Ilha Segura,"2,957 %",nao_identificado_no_conteudo_disponivel,"A rentabilidade de título de 10 anos americano que chegou a taxa 2,957 % a.a no dia 21/03, agora está 2,717% a.a.",investimentos_financiamento,revisao_manual,media,"O valor é quantitativo e potencialmente variável, mas o conteúdo local não informa com segurança seu ano-base; é preciso conferir a fonte original antes de incluí-lo na fila de atualização.",Compilacao autoral LinkedIn 2017-2018,https://pt.linkedin.com/pulse/encontrar-uma-ilha-segura-hsia-hua-sheng
hsia-8fe9607c211c,5,Foco no Mercado Interno,50%,nao_identificado_no_conteudo_disponivel,"Essas empresas contribuem para 80% de emprego no país, 70% de inovação e registros de patentes, 60% do PIB e 50% da receita tributária.",atividade_precos,revisao_manual,media,"O valor é quantitativo e potencialmente variável, mas o conteúdo local não informa com segurança seu ano-base; é preciso conferir a fonte original antes de incluí-lo na fila de atualização.",LinkedIn,https://www.linkedin.com/pulse/foco-mercado-interno-hsia-hua-sheng
hsia-8fe9607c211c,5,Foco no Mercado Interno,60%,nao_identificado_no_conteudo_disponivel,"Essas empresas contribuem para 80% de emprego no país, 70% de inovação e registros de patentes, 60% do PIB e 50% da receita tributária.",atividade_precos,revisao_manual,media,"O valor é quantitativo e potencialmente variável, mas o conteúdo local não informa com segurança seu ano-base; é preciso conferir a fonte original antes de incluí-lo na fila de atualização.",LinkedIn,https://www.linkedin.com/pulse/foco-mercado-interno-hsia-hua-sheng
hsia-8fe9607c211c,5,Foco no Mercado Interno,70%,nao_identificado_no_conteudo_disponivel,"Essas empresas contribuem para 80% de emprego no país, 70% de inovação e registros de patentes, 60% do PIB e 50% da receita tributária.",atividade_precos,revisao_manual,media,"O valor é quantitativo e potencialmente variável, mas o conteúdo local não informa com segurança seu ano-base; é preciso conferir a fonte original antes de incluí-lo na fila de atualização.",LinkedIn,https://www.linkedin.com/pulse/foco-mercado-interno-hsia-hua-sheng
hsia-8fe9607c211c,5,Foco no Mercado Interno,80%,nao_identificado_no_conteudo_disponivel,"Essas empresas contribuem para 80% de emprego no país, 70% de inovação e registros de patentes, 60% do PIB e 50% da receita tributária.",atividade_precos,revisao_manual,media,"O valor é quantitativo e potencialmente variável, mas o conteúdo local não informa com segurança seu ano-base; é preciso conferir a fonte original antes de incluí-lo na fila de atualização.",LinkedIn,https://www.linkedin.com/pulse/foco-mercado-interno-hsia-hua-sheng
hsia-8fe9607c211c,5,Foco no Mercado Interno,90%,nao_identificado_no_conteudo_disponivel,Esses estabelecimentos correspondem 90% de total de mercado chinês.,outro_indicador_quantitativo,revisao_manual,media,"O valor é quantitativo e potencialmente variável, mas o conteúdo local não informa com segurança seu ano-base; é preciso conferir a fonte original antes de incluí-lo na fila de atualização.",LinkedIn,https://www.linkedin.com/pulse/foco-mercado-interno-hsia-hua-sheng
hsia-215c75199ff9,5,Guerra comercial entre EUA e China,"1,15 %",nao_identificado_no_conteudo_disponivel,"Se a China reagir, essa perda do PIB seria 1,15 %.",atividade_precos,revisao_manual,media,"O valor é quantitativo e potencialmente variável, mas o conteúdo local não informa com segurança seu ano-base; é preciso conferir a fonte original antes de incluí-lo na fila de atualização.",LinkedIn via Google,https://pt.linkedin.com/pulse/guerra-comercial-entre-eua-e-china-hsia-hua-sheng
hsia-215c75199ff9,5,Guerra comercial entre EUA e China,"1,26%",nao_identificado_no_conteudo_disponivel,"Um dos institutos de pesquisas mais importantes da área de ciências sociais aponta uma queda média do PIB de 1,26%, caso a China não reaja o aumento de impostos americanos de importação de 30%.",atividade_precos,revisao_manual,media,"O valor é quantitativo e potencialmente variável, mas o conteúdo local não informa com segurança seu ano-base; é preciso conferir a fonte original antes de incluí-lo na fila de atualização.",LinkedIn via Google,https://pt.linkedin.com/pulse/guerra-comercial-entre-eua-e-china-hsia-hua-sheng
hsia-215c75199ff9,5,Guerra comercial entre EUA e China,"1,5%",nao_identificado_no_conteudo_disponivel,"Mas, se os Estados Unidos e a China estenderem essa guerra comercial utilizando outras ferramentas não tarifárias, tais como Super 301 dos americanos (direitos de propriedade intelectuais), o impacto negativo do PIB chinês seria 1,5%.",atividade_precos,revisao_manual,media,"O valor é quantitativo e potencialmente variável, mas o conteúdo local não informa com segurança seu ano-base; é preciso conferir a fonte original antes de incluí-lo na fila de atualização.",LinkedIn via Google,https://pt.linkedin.com/pulse/guerra-comercial-entre-eua-e-china-hsia-hua-sheng
hsia-215c75199ff9,5,Guerra comercial entre EUA e China,30%,nao_identificado_no_conteudo_disponivel,"Um dos institutos de pesquisas mais importantes da área de ciências sociais aponta uma queda média do PIB de 1,26%, caso a China não reaja o aumento de impostos americanos de importação de 30%.",atividade_precos,revisao_manual,media,"O valor é quantitativo e potencialmente variável, mas o conteúdo local não informa com segurança seu ano-base; é preciso conferir a fonte original antes de incluí-lo na fila de atualização.",LinkedIn via Google,https://pt.linkedin.com/pulse/guerra-comercial-entre-eua-e-china-hsia-hua-sheng
hsia-bd6325688e01,5,Mercado refaz contas com novo sobressalto da China,50%,nao_identificado_no_conteudo_disponivel,"A moeda chinesa pode perder até 50% do seu valor, arrastando junto a maioria das moedas emergentes.",rmb_cambio_reservas,revisao_manual,media,"O valor é quantitativo e potencialmente variável, mas o conteúdo local não informa com segurança seu ano-base; é preciso conferir a fonte original antes de incluí-lo na fila de atualização.",Folha de S.Paulo,http://www1.folha.uol.com.br/mercado/2016/01/1727162-mercado-refaz-contas-com-novo-sobressalto-da-china.shtml
hsia-96490b2559d8,6,China desafia o padrão: Dívida soberana em dólar pode ditar nova taxa livre de risco,30x,nao_identificado_no_conteudo_disponivel,"China emite US$ 4 bi em títulos em dólar, com demanda 30x maior que oferta, reforçando credibilidade e impacto para investimentos no Brasil.",investimentos_financiamento,revisao_manual,media,"O valor é quantitativo e potencialmente variável, mas o conteúdo local não informa com segurança seu ano-base; é preciso conferir a fonte original antes de incluí-lo na fila de atualização.",Money Times,https://www.moneytimes.com.br/china-desafia-o-padrao-divida-soberana-em-dolar-pode-ditar-nova-taxa-livre-de-risco-jals/
hsia-96490b2559d8,6,China desafia o padrão: Dívida soberana em dólar pode ditar nova taxa livre de risco,US$ 4 bi,nao_identificado_no_conteudo_disponivel,"China emite US$ 4 bi em títulos em dólar, com demanda 30x maior que oferta, reforçando credibilidade e impacto para investimentos no Brasil.",investimentos_financiamento,revisao_manual,media,"O valor é quantitativo e potencialmente variável, mas o conteúdo local não informa com segurança seu ano-base; é preciso conferir a fonte original antes de incluí-lo na fila de atualização.",Money Times,https://www.moneytimes.com.br/china-desafia-o-padrao-divida-soberana-em-dolar-pode-ditar-nova-taxa-livre-de-risco-jals/
hsia-4ce1eb628895,7,"O mito da desaceleração da China: Por que a “fragilidade” econômica é, na verdade, um salto para a autonomia tecnológica","4,5%",nao_identificado_no_conteudo_disponivel,"Entenda as metas de crescimento da China entre 4,5% e 5% e o que isso significa para a economia global e suas análises.",atividade_precos,revisao_manual,media,"O valor é quantitativo e potencialmente variável, mas o conteúdo local não informa com segurança seu ano-base; é preciso conferir a fonte original antes de incluí-lo na fila de atualização.",Money Times,https://www.moneytimes.com.br/o-mito-da-desaceleracao-da-china-por-que-a-fragilidade-economica-e-na-verdade-um-salto-para-a-autonomia-tecnologica-ceci/
hsia-4ce1eb628895,7,"O mito da desaceleração da China: Por que a “fragilidade” econômica é, na verdade, um salto para a autonomia tecnológica",5%,nao_identificado_no_conteudo_disponivel,"Entenda as metas de crescimento da China entre 4,5% e 5% e o que isso significa para a economia global e suas análises.",atividade_precos,revisao_manual,media,"O valor é quantitativo e potencialmente variável, mas o conteúdo local não informa com segurança seu ano-base; é preciso conferir a fonte original antes de incluí-lo na fila de atualização.",Money Times,https://www.moneytimes.com.br/o-mito-da-desaceleracao-da-china-por-que-a-fragilidade-economica-e-na-verdade-um-salto-para-a-autonomia-tecnologica-ceci/
hsia-559b96715b41,8,Brasil aposta no yuan para emitir títulos: medida pode gerar atritos com os EUA?,6%,nao_identificado_no_conteudo_disponivel,"comércio mundial, atingindo 6% das transações.",comercio_brasil_china,revisao_manual,media,"O valor é quantitativo e potencialmente variável, mas o conteúdo local não informa com segurança seu ano-base; é preciso conferir a fonte original antes de incluí-lo na fila de atualização.",Sputnik,https://noticiabrasil.net.br/20260622/brasil-aposta-no-yuan-para-emitir-titulos-medida-pode-gerar-atritos-com-os-eua-51549498.html
hsia-559b96715b41,8,Brasil aposta no yuan para emitir títulos: medida pode gerar atritos com os EUA?,82%,nao_identificado_no_conteudo_disponivel,"Ainda assim, a moeda chinesa está bem distante do dólar norte-americano, que possui uma fatia de 82%.",participacao_mercado,revisao_manual,media,"O valor é quantitativo e potencialmente variável, mas o conteúdo local não informa com segurança seu ano-base; é preciso conferir a fonte original antes de incluí-lo na fila de atualização.",Sputnik,https://noticiabrasil.net.br/20260622/brasil-aposta-no-yuan-para-emitir-titulos-medida-pode-gerar-atritos-com-os-eua-51549498.html
hsia-559b96715b41,8,Brasil aposta no yuan para emitir títulos: medida pode gerar atritos com os EUA?,"R$ 56,7 trilhões",nao_identificado_no_conteudo_disponivel,"Aliado a isso, o especialista lembra que a China tem o segundo maior mercado de capitais do mundo, com capitalização superior a US$ 11 trilhões (R$ 56,7 trilhões), ficando atrás apenas dos Estados Unidos.",indices_mercados,revisao_manual,media,"O valor é quantitativo e potencialmente variável, mas o conteúdo local não informa com segurança seu ano-base; é preciso conferir a fonte original antes de incluí-lo na fila de atualização.",Sputnik,https://noticiabrasil.net.br/20260622/brasil-aposta-no-yuan-para-emitir-titulos-medida-pode-gerar-atritos-com-os-eua-51549498.html
hsia-559b96715b41,8,Brasil aposta no yuan para emitir títulos: medida pode gerar atritos com os EUA?,US$ 11 trilhões,nao_identificado_no_conteudo_disponivel,"Aliado a isso, o especialista lembra que a China tem o segundo maior mercado de capitais do mundo, com capitalização superior a US$ 11 trilhões (R$ 56,7 trilhões), ficando atrás apenas dos Estados Unidos.",indices_mercados,revisao_manual,media,"O valor é quantitativo e potencialmente variável, mas o conteúdo local não informa com segurança seu ano-base; é preciso conferir a fonte original antes de incluí-lo na fila de atualização.",Sputnik,https://noticiabrasil.net.br/20260622/brasil-aposta-no-yuan-para-emitir-titulos-medida-pode-gerar-atritos-com-os-eua-51549498.html
hsia-6cdab507abb8,8,Estabilidade financeira global: A nova vítima do tarifaço do Trump?,15%,nao_identificado_no_conteudo_disponivel,"O resultado foi uma queda de 15% nos preços e uma disparada na taxa de rendimento de 3,9% para 4,5%.",juros_credito,revisao_manual,media,"O valor é quantitativo e potencialmente variável, mas o conteúdo local não informa com segurança seu ano-base; é preciso conferir a fonte original antes de incluí-lo na fila de atualização.",Money Times,https://www.moneytimes.com.br/estabilidade-financeira-global-a-nova-vitima-do-tarifaco-do-trump-jals/
hsia-6cdab507abb8,8,Estabilidade financeira global: A nova vítima do tarifaço do Trump?,"3,9%",nao_identificado_no_conteudo_disponivel,"O resultado foi uma queda de 15% nos preços e uma disparada na taxa de rendimento de 3,9% para 4,5%.",juros_credito,revisao_manual,media,"O valor é quantitativo e potencialmente variável, mas o conteúdo local não informa com segurança seu ano-base; é preciso conferir a fonte original antes de incluí-lo na fila de atualização.",Money Times,https://www.moneytimes.com.br/estabilidade-financeira-global-a-nova-vitima-do-tarifaco-do-trump-jals/
hsia-6cdab507abb8,8,Estabilidade financeira global: A nova vítima do tarifaço do Trump?,"4,5%",nao_identificado_no_conteudo_disponivel,"O resultado foi uma queda de 15% nos preços e uma disparada na taxa de rendimento de 3,9% para 4,5%.",juros_credito,revisao_manual,media,"O valor é quantitativo e potencialmente variável, mas o conteúdo local não informa com segurança seu ano-base; é preciso conferir a fonte original antes de incluí-lo na fila de atualização.",Money Times,https://www.moneytimes.com.br/estabilidade-financeira-global-a-nova-vitima-do-tarifaco-do-trump-jals/
hsia-li-76e6c1bce155,8,Risco de Guerra Cambial,2X,nao_identificado_no_conteudo_disponivel,"Por outro lado, a China está reduzindo compulsórios (2X ou 3X?), consequentemente, uma redução de taxa de juros na China.",juros_credito,revisao_manual,media,"O valor é quantitativo e potencialmente variável, mas o conteúdo local não informa com segurança seu ano-base; é preciso conferir a fonte original antes de incluí-lo na fila de atualização.",Compilacao autoral LinkedIn 2017-2018,https://pt.linkedin.com/pulse/risco-de-guerra-cambial-hsia-hua-sheng
hsia-li-76e6c1bce155,8,Risco de Guerra Cambial,3 X,nao_identificado_no_conteudo_disponivel,"De um lado, o Federal Reserve americano está acelerando aumento de taxas de juros (3 X ou 4X?).",juros_credito,revisao_manual,media,"O valor é quantitativo e potencialmente variável, mas o conteúdo local não informa com segurança seu ano-base; é preciso conferir a fonte original antes de incluí-lo na fila de atualização.",Compilacao autoral LinkedIn 2017-2018,https://pt.linkedin.com/pulse/risco-de-guerra-cambial-hsia-hua-sheng
hsia-li-76e6c1bce155,8,Risco de Guerra Cambial,3X,nao_identificado_no_conteudo_disponivel,"Por outro lado, a China está reduzindo compulsórios (2X ou 3X?), consequentemente, uma redução de taxa de juros na China.",juros_credito,revisao_manual,media,"O valor é quantitativo e potencialmente variável, mas o conteúdo local não informa com segurança seu ano-base; é preciso conferir a fonte original antes de incluí-lo na fila de atualização.",Compilacao autoral LinkedIn 2017-2018,https://pt.linkedin.com/pulse/risco-de-guerra-cambial-hsia-hua-sheng
hsia-li-76e6c1bce155,8,Risco de Guerra Cambial,4X,nao_identificado_no_conteudo_disponivel,"De um lado, o Federal Reserve americano está acelerando aumento de taxas de juros (3 X ou 4X?).",juros_credito,revisao_manual,media,"O valor é quantitativo e potencialmente variável, mas o conteúdo local não informa com segurança seu ano-base; é preciso conferir a fonte original antes de incluí-lo na fila de atualização.",Compilacao autoral LinkedIn 2017-2018,https://pt.linkedin.com/pulse/risco-de-guerra-cambial-hsia-hua-sheng
hsia-li-33515125f96e,9,Everybody loves US Dollar,"3,00%",2014,"A taxa de juros de títulos do Tesouro americano de 10 anos ultrapassou pela primeira vez a barreira de 3,00% desde 2014.",investimentos_financiamento,sim,alta,"O indicador varia ao longo do tempo e o ano 2014, registrado no próprio trecho, já pode estar defasado para uma edição atual do livro.",Compilacao autoral LinkedIn 2017-2018,https://pt.linkedin.com/pulse/everybody-loves-us-dollar-hsia-hua-sheng
hsia-li-63e4f8cbe0ec,9,Alta de Bolsa + Alta de Taxa de juros = Crise?,"2,06 %",nao_identificado_no_conteudo_disponivel,"A rentabilidade de título de 2 anos americano chegou a taxa 2,06 % ao ano.",investimentos_financiamento,revisao_manual,media,"O valor é quantitativo e potencialmente variável, mas o conteúdo local não informa com segurança seu ano-base; é preciso conferir a fonte original antes de incluí-lo na fila de atualização.",LinkedIn,desconhecido
hsia-li-63e4f8cbe0ec,9,Alta de Bolsa + Alta de Taxa de juros = Crise?,"2,638 %",nao_identificado_no_conteudo_disponivel,"A rentabilidade de título de 10 anos americano chegou a taxa 2,638 % ao ano.",investimentos_financiamento,revisao_manual,media,"O valor é quantitativo e potencialmente variável, mas o conteúdo local não informa com segurança seu ano-base; é preciso conferir a fonte original antes de incluí-lo na fila de atualização.",LinkedIn,desconhecido
hsia-li-e5893af33250,9,America First,25%,nao_identificado_no_conteudo_disponivel,"Em um ano, a produção aumentou aproximadamente 25%.",atividade_precos,revisao_manual,media,"O valor é quantitativo e potencialmente variável, mas o conteúdo local não informa com segurança seu ano-base; é preciso conferir a fonte original antes de incluí-lo na fila de atualização.",Compilacao autoral LinkedIn 2017-2018,https://pt.linkedin.com/pulse/america-first-hsia-hua-sheng
hsia-f719d6f9027a,9,China surpreende mercado com corte na taxa de juros,10 pontos-base,nao_identificado_no_conteudo_disponivel,O Banco Central da China surpreendeu o mercado nesta segunda-feira (22) ao decidir cortar a taxa de juros em 10 pontos-base.,juros_credito,revisao_manual,media,"O valor é quantitativo e potencialmente variável, mas o conteúdo local não informa com segurança seu ano-base; é preciso conferir a fonte original antes de incluí-lo na fila de atualização.",Money Times,https://www.moneytimes.com.br/china-surpreende-mercado-com-corte-na-taxa-de-juros-jals/
hsia-6cdab507abb8,9,Estabilidade financeira global: A nova vítima do tarifaço do Trump?,15%,nao_identificado_no_conteudo_disponivel,"O resultado foi uma queda de 15% nos preços e uma disparada na taxa de rendimento de 3,9% para 4,5%.",juros_credito,revisao_manual,media,"O valor é quantitativo e potencialmente variável, mas o conteúdo local não informa com segurança seu ano-base; é preciso conferir a fonte original antes de incluí-lo na fila de atualização.",Money Times,https://www.moneytimes.com.br/estabilidade-financeira-global-a-nova-vitima-do-tarifaco-do-trump-jals/
hsia-6cdab507abb8,9,Estabilidade financeira global: A nova vítima do tarifaço do Trump?,"3,9%",nao_identificado_no_conteudo_disponivel,"O resultado foi uma queda de 15% nos preços e uma disparada na taxa de rendimento de 3,9% para 4,5%.",juros_credito,revisao_manual,media,"O valor é quantitativo e potencialmente variável, mas o conteúdo local não informa com segurança seu ano-base; é preciso conferir a fonte original antes de incluí-lo na fila de atualização.",Money Times,https://www.moneytimes.com.br/estabilidade-financeira-global-a-nova-vitima-do-tarifaco-do-trump-jals/
hsia-6cdab507abb8,9,Estabilidade financeira global: A nova vítima do tarifaço do Trump?,"4,5%",nao_identificado_no_conteudo_disponivel,"O resultado foi uma queda de 15% nos preços e uma disparada na taxa de rendimento de 3,9% para 4,5%.",juros_credito,revisao_manual,media,"O valor é quantitativo e potencialmente variável, mas o conteúdo local não informa com segurança seu ano-base; é preciso conferir a fonte original antes de incluí-lo na fila de atualização.",Money Times,https://www.moneytimes.com.br/estabilidade-financeira-global-a-nova-vitima-do-tarifaco-do-trump-jals/
hsia-li-33515125f96e,9,Everybody loves US Dollar,3%,nao_identificado_no_conteudo_disponivel,"Em outras palavras, para um investidor internacional investir em algum ativo (ou projeto de investimento), ele vai exigir no mínimo 3% de taxa de juros por ano.",investimentos_financiamento,revisao_manual,media,"O valor é quantitativo e potencialmente variável, mas o conteúdo local não informa com segurança seu ano-base; é preciso conferir a fonte original antes de incluí-lo na fila de atualização.",Compilacao autoral LinkedIn 2017-2018,https://pt.linkedin.com/pulse/everybody-loves-us-dollar-hsia-hua-sheng
hsia-li-33515125f96e,9,Everybody loves US Dollar,91 pontos,nao_identificado_no_conteudo_disponivel,A moeda americana também teve uma forte valorização com seu índice atingindo acima de 91 pontos essa semana.,rmb_cambio_reservas,revisao_manual,media,"O valor é quantitativo e potencialmente variável, mas o conteúdo local não informa com segurança seu ano-base; é preciso conferir a fonte original antes de incluí-lo na fila de atualização.",Compilacao autoral LinkedIn 2017-2018,https://pt.linkedin.com/pulse/everybody-loves-us-dollar-hsia-hua-sheng
hsia-li-bc1c5a6e81e1,9,Quem paga mais taxa de juros? Brasil ou China?,"3,7807 %",nao_identificado_no_conteudo_disponivel,"Por exemplo, para aplicação em tesouro do governo chinês de dois anos, a taxa de juro anual é 3,7807 % por ano, já o Brasil oferece 8,300% (a.a) de taxa para mesmo prazo.",outro_indicador_quantitativo,revisao_manual,media,"O valor é quantitativo e potencialmente variável, mas o conteúdo local não informa com segurança seu ano-base; é preciso conferir a fonte original antes de incluí-lo na fila de atualização.",Compilacao autoral LinkedIn 2017-2018,https://pt.linkedin.com/pulse/quem-paga-mais-taxa-de-juros-brasil-ou-china-hsia-sheng
hsia-li-bc1c5a6e81e1,9,Quem paga mais taxa de juros? Brasil ou China?,"8,300%",nao_identificado_no_conteudo_disponivel,"Por exemplo, para aplicação em tesouro do governo chinês de dois anos, a taxa de juro anual é 3,7807 % por ano, já o Brasil oferece 8,300% (a.a) de taxa para mesmo prazo.",outro_indicador_quantitativo,revisao_manual,media,"O valor é quantitativo e potencialmente variável, mas o conteúdo local não informa com segurança seu ano-base; é preciso conferir a fonte original antes de incluí-lo na fila de atualização.",Compilacao autoral LinkedIn 2017-2018,https://pt.linkedin.com/pulse/quem-paga-mais-taxa-de-juros-brasil-ou-china-hsia-sheng
hsia-2ce022423e09,10,Economia da China: O que se espera dos números do terceiro trimestre de 2023?,"4,6 %",2023,"Em agosto, as vendas no varejo de bens de consumo, um indicador importante da força do consumo do país, aumentaram 4,6 % em relação ao ano anterior.",atividade_precos,sim,alta,"O indicador varia ao longo do tempo e o ano 2023, registrado no título da obra, já pode estar defasado para uma edição atual do livro.",Money Times - busca interna,https://www.moneytimes.com.br/economia-da-china-o-que-se-espera-dos-numeros-do-terceiro-trimestre-de-2023/
hsia-87d3e5f64666,10,Por que a Bolsa da China subiu? Veja o que diz o vice-presidente do Bank of China,100 bilhões de yuan,2025,"O governo chinês anunciou que adiantará 100 bilhões de yuan (cerca de US$ 14,1 bilhões) do orçamento de investimento de 2025 […]",investimentos_financiamento,sim,media,"O indicador é temporalmente variável e está associado ao ano 2025; convém confirmá-lo na revisão da nova edição, sem substituir o valor original.",Money Times - busca interna,https://www.moneytimes.com.br/por-que-a-bolsa-da-china-continua-subindo-veja-o-que-diz-o-vice-presidente-do-bank-of-china-mtm/
hsia-87d3e5f64666,10,Por que a Bolsa da China subiu? Veja o que diz o vice-presidente do Bank of China,"US$ 14,1 bilhões",2025,"O governo chinês anunciou que adiantará 100 bilhões de yuan (cerca de US$ 14,1 bilhões) do orçamento de investimento de 2025 […]",investimentos_financiamento,sim,media,"O indicador é temporalmente variável e está associado ao ano 2025; convém confirmá-lo na revisão da nova edição, sem substituir o valor original.",Money Times - busca interna,https://www.moneytimes.com.br/por-que-a-bolsa-da-china-continua-subindo-veja-o-que-diz-o-vice-presidente-do-bank-of-china-mtm/
hsia-li-e26291fed8f9,10,Brasil Ganha com a Guerra Comercial EUA e China,"0,6%",nao_identificado_no_conteudo_disponivel,"Ao contrario dos outros mercados acionários do mundo, o principal índice de mercado (Ibovespa) só caiu 0,6% nessa ultima semana.",indices_mercados,revisao_manual,media,"O valor é quantitativo e potencialmente variável, mas o conteúdo local não informa com segurança seu ano-base; é preciso conferir a fonte original antes de incluí-lo na fila de atualização.",LinkedIn,desconhecido
hsia-li-e26291fed8f9,10,Brasil Ganha com a Guerra Comercial EUA e China,6%,nao_identificado_no_conteudo_disponivel,O preço de petróleo subiu quase 6% nessa semana.,commodities,revisao_manual,media,"O valor é quantitativo e potencialmente variável, mas o conteúdo local não informa com segurança seu ano-base; é preciso conferir a fonte original antes de incluí-lo na fila de atualização.",LinkedIn,desconhecido
hsia-li-e26291fed8f9,10,Brasil Ganha com a Guerra Comercial EUA e China,8%,nao_identificado_no_conteudo_disponivel,"Mesmo que o preço de minério de ferro acumula uma queda de aproximadamente 8% no período, analistas do mercado acreditam na recuperação desses preços, uma vez que há demanda grande no setor de infraestrutura nos Estados Unidos mesmos que a China reduza seu ritmo de construção.",commodities,revisao_manual,media,"O valor é quantitativo e potencialmente variável, mas o conteúdo local não informa com segurança seu ano-base; é preciso conferir a fonte original antes de incluí-lo na fila de atualização.",LinkedIn,desconhecido
hsia-96490b2559d8,10,China desafia o padrão: Dívida soberana em dólar pode ditar nova taxa livre de risco,30x,nao_identificado_no_conteudo_disponivel,"China emite US$ 4 bi em títulos em dólar, com demanda 30x maior que oferta, reforçando credibilidade e impacto para investimentos no Brasil.",investimentos_financiamento,revisao_manual,media,"O valor é quantitativo e potencialmente variável, mas o conteúdo local não informa com segurança seu ano-base; é preciso conferir a fonte original antes de incluí-lo na fila de atualização.",Money Times,https://www.moneytimes.com.br/china-desafia-o-padrao-divida-soberana-em-dolar-pode-ditar-nova-taxa-livre-de-risco-jals/
hsia-96490b2559d8,10,China desafia o padrão: Dívida soberana em dólar pode ditar nova taxa livre de risco,US$ 4 bi,nao_identificado_no_conteudo_disponivel,"China emite US$ 4 bi em títulos em dólar, com demanda 30x maior que oferta, reforçando credibilidade e impacto para investimentos no Brasil.",investimentos_financiamento,revisao_manual,media,"O valor é quantitativo e potencialmente variável, mas o conteúdo local não informa com segurança seu ano-base; é preciso conferir a fonte original antes de incluí-lo na fila de atualização.",Money Times,https://www.moneytimes.com.br/china-desafia-o-padrao-divida-soberana-em-dolar-pode-ditar-nova-taxa-livre-de-risco-jals/
hsia-f719d6f9027a,10,China surpreende mercado com corte na taxa de juros,10 pontos-base,nao_identificado_no_conteudo_disponivel,O Banco Central da China surpreendeu o mercado nesta segunda-feira (22) ao decidir cortar a taxa de juros em 10 pontos-base.,juros_credito,revisao_manual,media,"O valor é quantitativo e potencialmente variável, mas o conteúdo local não informa com segurança seu ano-base; é preciso conferir a fonte original antes de incluí-lo na fila de atualização.",Money Times,https://www.moneytimes.com.br/china-surpreende-mercado-com-corte-na-taxa-de-juros-jals/
hsia-li-c74adf303cd7,10,Encontrar uma Ilha Segura,"2,234%",nao_identificado_no_conteudo_disponivel,"A taxa de rentabilidade de título de 2 anos americano chegou a taxa 2,366 % a.a no dia 21/03, agora está 2,234%a.a..",investimentos_financiamento,revisao_manual,media,"O valor é quantitativo e potencialmente variável, mas o conteúdo local não informa com segurança seu ano-base; é preciso conferir a fonte original antes de incluí-lo na fila de atualização.",Compilacao autoral LinkedIn 2017-2018,https://pt.linkedin.com/pulse/encontrar-uma-ilha-segura-hsia-hua-sheng
hsia-li-c74adf303cd7,10,Encontrar uma Ilha Segura,"2,366 %",nao_identificado_no_conteudo_disponivel,"A taxa de rentabilidade de título de 2 anos americano chegou a taxa 2,366 % a.a no dia 21/03, agora está 2,234%a.a..",investimentos_financiamento,revisao_manual,media,"O valor é quantitativo e potencialmente variável, mas o conteúdo local não informa com segurança seu ano-base; é preciso conferir a fonte original antes de incluí-lo na fila de atualização.",Compilacao autoral LinkedIn 2017-2018,https://pt.linkedin.com/pulse/encontrar-uma-ilha-segura-hsia-hua-sheng
hsia-li-c74adf303cd7,10,Encontrar uma Ilha Segura,"2,717%",nao_identificado_no_conteudo_disponivel,"A rentabilidade de título de 10 anos americano que chegou a taxa 2,957 % a.a no dia 21/03, agora está 2,717% a.a.",investimentos_financiamento,revisao_manual,media,"O valor é quantitativo e potencialmente variável, mas o conteúdo local não informa com segurança seu ano-base; é preciso conferir a fonte original antes de incluí-lo na fila de atualização.",Compilacao autoral LinkedIn 2017-2018,https://pt.linkedin.com/pulse/encontrar-uma-ilha-segura-hsia-hua-sheng
hsia-li-c74adf303cd7,10,Encontrar uma Ilha Segura,"2,957 %",nao_identificado_no_conteudo_disponivel,"A rentabilidade de título de 10 anos americano que chegou a taxa 2,957 % a.a no dia 21/03, agora está 2,717% a.a.",investimentos_financiamento,revisao_manual,media,"O valor é quantitativo e potencialmente variável, mas o conteúdo local não informa com segurança seu ano-base; é preciso conferir a fonte original antes de incluí-lo na fila de atualização.",Compilacao autoral LinkedIn 2017-2018,https://pt.linkedin.com/pulse/encontrar-uma-ilha-segura-hsia-hua-sheng
hsia-8fe9607c211c,10,Foco no Mercado Interno,50%,nao_identificado_no_conteudo_disponivel,"Essas empresas contribuem para 80% de emprego no país, 70% de inovação e registros de patentes, 60% do PIB e 50% da receita tributária.",atividade_precos,revisao_manual,media,"O valor é quantitativo e potencialmente variável, mas o conteúdo local não informa com segurança seu ano-base; é preciso conferir a fonte original antes de incluí-lo na fila de atualização.",LinkedIn,https://www.linkedin.com/pulse/foco-mercado-interno-hsia-hua-sheng
hsia-8fe9607c211c,10,Foco no Mercado Interno,60%,nao_identificado_no_conteudo_disponivel,"Essas empresas contribuem para 80% de emprego no país, 70% de inovação e registros de patentes, 60% do PIB e 50% da receita tributária.",atividade_precos,revisao_manual,media,"O valor é quantitativo e potencialmente variável, mas o conteúdo local não informa com segurança seu ano-base; é preciso conferir a fonte original antes de incluí-lo na fila de atualização.",LinkedIn,https://www.linkedin.com/pulse/foco-mercado-interno-hsia-hua-sheng
hsia-8fe9607c211c,10,Foco no Mercado Interno,70%,nao_identificado_no_conteudo_disponivel,"Essas empresas contribuem para 80% de emprego no país, 70% de inovação e registros de patentes, 60% do PIB e 50% da receita tributária.",atividade_precos,revisao_manual,media,"O valor é quantitativo e potencialmente variável, mas o conteúdo local não informa com segurança seu ano-base; é preciso conferir a fonte original antes de incluí-lo na fila de atualização.",LinkedIn,https://www.linkedin.com/pulse/foco-mercado-interno-hsia-hua-sheng
hsia-8fe9607c211c,10,Foco no Mercado Interno,80%,nao_identificado_no_conteudo_disponivel,"Essas empresas contribuem para 80% de emprego no país, 70% de inovação e registros de patentes, 60% do PIB e 50% da receita tributária.",atividade_precos,revisao_manual,media,"O valor é quantitativo e potencialmente variável, mas o conteúdo local não informa com segurança seu ano-base; é preciso conferir a fonte original antes de incluí-lo na fila de atualização.",LinkedIn,https://www.linkedin.com/pulse/foco-mercado-interno-hsia-hua-sheng
hsia-8fe9607c211c,10,Foco no Mercado Interno,90%,nao_identificado_no_conteudo_disponivel,Esses estabelecimentos correspondem 90% de total de mercado chinês.,outro_indicador_quantitativo,revisao_manual,media,"O valor é quantitativo e potencialmente variável, mas o conteúdo local não informa com segurança seu ano-base; é preciso conferir a fonte original antes de incluí-lo na fila de atualização.",LinkedIn,https://www.linkedin.com/pulse/foco-mercado-interno-hsia-hua-sheng
hsia-215c75199ff9,10,Guerra comercial entre EUA e China,"1,15 %",nao_identificado_no_conteudo_disponivel,"Se a China reagir, essa perda do PIB seria 1,15 %.",atividade_precos,revisao_manual,media,"O valor é quantitativo e potencialmente variável, mas o conteúdo local não informa com segurança seu ano-base; é preciso conferir a fonte original antes de incluí-lo na fila de atualização.",LinkedIn via Google,https://pt.linkedin.com/pulse/guerra-comercial-entre-eua-e-china-hsia-hua-sheng
hsia-215c75199ff9,10,Guerra comercial entre EUA e China,"1,26%",nao_identificado_no_conteudo_disponivel,"Um dos institutos de pesquisas mais importantes da área de ciências sociais aponta uma queda média do PIB de 1,26%, caso a China não reaja o aumento de impostos americanos de importação de 30%.",atividade_precos,revisao_manual,media,"O valor é quantitativo e potencialmente variável, mas o conteúdo local não informa com segurança seu ano-base; é preciso conferir a fonte original antes de incluí-lo na fila de atualização.",LinkedIn via Google,https://pt.linkedin.com/pulse/guerra-comercial-entre-eua-e-china-hsia-hua-sheng
hsia-215c75199ff9,10,Guerra comercial entre EUA e China,"1,5%",nao_identificado_no_conteudo_disponivel,"Mas, se os Estados Unidos e a China estenderem essa guerra comercial utilizando outras ferramentas não tarifárias, tais como Super 301 dos americanos (direitos de propriedade intelectuais), o impacto negativo do PIB chinês seria 1,5%.",atividade_precos,revisao_manual,media,"O valor é quantitativo e potencialmente variável, mas o conteúdo local não informa com segurança seu ano-base; é preciso conferir a fonte original antes de incluí-lo na fila de atualização.",LinkedIn via Google,https://pt.linkedin.com/pulse/guerra-comercial-entre-eua-e-china-hsia-hua-sheng
hsia-215c75199ff9,10,Guerra comercial entre EUA e China,30%,nao_identificado_no_conteudo_disponivel,"Um dos institutos de pesquisas mais importantes da área de ciências sociais aponta uma queda média do PIB de 1,26%, caso a China não reaja o aumento de impostos americanos de importação de 30%.",atividade_precos,revisao_manual,media,"O valor é quantitativo e potencialmente variável, mas o conteúdo local não informa com segurança seu ano-base; é preciso conferir a fonte original antes de incluí-lo na fila de atualização.",LinkedIn via Google,https://pt.linkedin.com/pulse/guerra-comercial-entre-eua-e-china-hsia-hua-sheng
hsia-bd6325688e01,10,Mercado refaz contas com novo sobressalto da China,50%,nao_identificado_no_conteudo_disponivel,"A moeda chinesa pode perder até 50% do seu valor, arrastando junto a maioria das moedas emergentes.",rmb_cambio_reservas,revisao_manual,media,"O valor é quantitativo e potencialmente variável, mas o conteúdo local não informa com segurança seu ano-base; é preciso conferir a fonte original antes de incluí-lo na fila de atualização.",Folha de S.Paulo,http://www1.folha.uol.com.br/mercado/2016/01/1727162-mercado-refaz-contas-com-novo-sobressalto-da-china.shtml
hsia-li-bc1c5a6e81e1,10,Quem paga mais taxa de juros? Brasil ou China?,"3,7807 %",nao_identificado_no_conteudo_disponivel,"Por exemplo, para aplicação em tesouro do governo chinês de dois anos, a taxa de juro anual é 3,7807 % por ano, já o Brasil oferece 8,300% (a.a) de taxa para mesmo prazo.",outro_indicador_quantitativo,revisao_manual,media,"O valor é quantitativo e potencialmente variável, mas o conteúdo local não informa com segurança seu ano-base; é preciso conferir a fonte original antes de incluí-lo na fila de atualização.",Compilacao autoral LinkedIn 2017-2018,https://pt.linkedin.com/pulse/quem-paga-mais-taxa-de-juros-brasil-ou-china-hsia-sheng
hsia-li-bc1c5a6e81e1,10,Quem paga mais taxa de juros? Brasil ou China?,"8,300%",nao_identificado_no_conteudo_disponivel,"Por exemplo, para aplicação em tesouro do governo chinês de dois anos, a taxa de juro anual é 3,7807 % por ano, já o Brasil oferece 8,300% (a.a) de taxa para mesmo prazo.",outro_indicador_quantitativo,revisao_manual,media,"O valor é quantitativo e potencialmente variável, mas o conteúdo local não informa com segurança seu ano-base; é preciso conferir a fonte original antes de incluí-lo na fila de atualização.",Compilacao autoral LinkedIn 2017-2018,https://pt.linkedin.com/pulse/quem-paga-mais-taxa-de-juros-brasil-ou-china-hsia-sheng
hsia-li-76e6c1bce155,10,Risco de Guerra Cambial,2X,nao_identificado_no_conteudo_disponivel,"Por outro lado, a China está reduzindo compulsórios (2X ou 3X?), consequentemente, uma redução de taxa de juros na China.",juros_credito,revisao_manual,media,"O valor é quantitativo e potencialmente variável, mas o conteúdo local não informa com segurança seu ano-base; é preciso conferir a fonte original antes de incluí-lo na fila de atualização.",Compilacao autoral LinkedIn 2017-2018,https://pt.linkedin.com/pulse/risco-de-guerra-cambial-hsia-hua-sheng
hsia-li-76e6c1bce155,10,Risco de Guerra Cambial,3 X,nao_identificado_no_conteudo_disponivel,"De um lado, o Federal Reserve americano está acelerando aumento de taxas de juros (3 X ou 4X?).",juros_credito,revisao_manual,media,"O valor é quantitativo e potencialmente variável, mas o conteúdo local não informa com segurança seu ano-base; é preciso conferir a fonte original antes de incluí-lo na fila de atualização.",Compilacao autoral LinkedIn 2017-2018,https://pt.linkedin.com/pulse/risco-de-guerra-cambial-hsia-hua-sheng
hsia-li-76e6c1bce155,10,Risco de Guerra Cambial,3X,nao_identificado_no_conteudo_disponivel,"Por outro lado, a China está reduzindo compulsórios (2X ou 3X?), consequentemente, uma redução de taxa de juros na China.",juros_credito,revisao_manual,media,"O valor é quantitativo e potencialmente variável, mas o conteúdo local não informa com segurança seu ano-base; é preciso conferir a fonte original antes de incluí-lo na fila de atualização.",Compilacao autoral LinkedIn 2017-2018,https://pt.linkedin.com/pulse/risco-de-guerra-cambial-hsia-hua-sheng
hsia-li-76e6c1bce155,10,Risco de Guerra Cambial,4X,nao_identificado_no_conteudo_disponivel,"De um lado, o Federal Reserve americano está acelerando aumento de taxas de juros (3 X ou 4X?).",juros_credito,revisao_manual,media,"O valor é quantitativo e potencialmente variável, mas o conteúdo local não informa com segurança seu ano-base; é preciso conferir a fonte original antes de incluí-lo na fila de atualização.",Compilacao autoral LinkedIn 2017-2018,https://pt.linkedin.com/pulse/risco-de-guerra-cambial-hsia-hua-sheng
hsia-li-eba6617b96cd,10,Risco Sistemático Global continua?,"0,75%",nao_identificado_no_conteudo_disponivel,"Na última semana, aproximadamente, Euro desvalorizou em torno de 2,26%, Libra desvalorizou 2,53%, moeda coreana desvalorizou 2,78%, Moeda da China (RMB) desvalorizou 0,75% e moeda de Taiwan desvalorizou 1,08%.",rmb_cambio_reservas,revisao_manual,media,"O valor é quantitativo e potencialmente variável, mas o conteúdo local não informa com segurança seu ano-base; é preciso conferir a fonte original antes de incluí-lo na fila de atualização.",Compilacao autoral LinkedIn 2017-2018,https://pt.linkedin.com/pulse/risco-sistem%C3%A1tico-global-continua-hsia-hua-sheng
hsia-li-eba6617b96cd,10,Risco Sistemático Global continua?,"1,08%",nao_identificado_no_conteudo_disponivel,"Na última semana, aproximadamente, Euro desvalorizou em torno de 2,26%, Libra desvalorizou 2,53%, moeda coreana desvalorizou 2,78%, Moeda da China (RMB) desvalorizou 0,75% e moeda de Taiwan desvalorizou 1,08%.",rmb_cambio_reservas,revisao_manual,media,"O valor é quantitativo e potencialmente variável, mas o conteúdo local não informa com segurança seu ano-base; é preciso conferir a fonte original antes de incluí-lo na fila de atualização.",Compilacao autoral LinkedIn 2017-2018,https://pt.linkedin.com/pulse/risco-sistem%C3%A1tico-global-continua-hsia-hua-sheng
hsia-li-eba6617b96cd,10,Risco Sistemático Global continua?,"2,01%",nao_identificado_no_conteudo_disponivel,"Enquanto isso, somente o dólar americano valorizou em torno de 2,01% entre dia 02/02 e 08/02.",rmb_cambio_reservas,revisao_manual,media,"O valor é quantitativo e potencialmente variável, mas o conteúdo local não informa com segurança seu ano-base; é preciso conferir a fonte original antes de incluí-lo na fila de atualização.",Compilacao autoral LinkedIn 2017-2018,https://pt.linkedin.com/pulse/risco-sistem%C3%A1tico-global-continua-hsia-hua-sheng
hsia-li-eba6617b96cd,10,Risco Sistemático Global continua?,"2,118 %",nao_identificado_no_conteudo_disponivel,"A taxa de rendimento (Yield to Maturity) dos títulos de 2 anos chegou em 2,118 % ao ano, mais alta taxa em 9,5 anos.",investimentos_financiamento,revisao_manual,media,"O valor é quantitativo e potencialmente variável, mas o conteúdo local não informa com segurança seu ano-base; é preciso conferir a fonte original antes de incluí-lo na fila de atualização.",Compilacao autoral LinkedIn 2017-2018,https://pt.linkedin.com/pulse/risco-sistem%C3%A1tico-global-continua-hsia-hua-sheng
hsia-li-eba6617b96cd,10,Risco Sistemático Global continua?,"2,26%",nao_identificado_no_conteudo_disponivel,"Na última semana, aproximadamente, Euro desvalorizou em torno de 2,26%, Libra desvalorizou 2,53%, moeda coreana desvalorizou 2,78%, Moeda da China (RMB) desvalorizou 0,75% e moeda de Taiwan desvalorizou 1,08%.",rmb_cambio_reservas,revisao_manual,media,"O valor é quantitativo e potencialmente variável, mas o conteúdo local não informa com segurança seu ano-base; é preciso conferir a fonte original antes de incluí-lo na fila de atualização.",Compilacao autoral LinkedIn 2017-2018,https://pt.linkedin.com/pulse/risco-sistem%C3%A1tico-global-continua-hsia-hua-sheng
hsia-li-eba6617b96cd,10,Risco Sistemático Global continua?,"2,53%",nao_identificado_no_conteudo_disponivel,"Na última semana, aproximadamente, Euro desvalorizou em torno de 2,26%, Libra desvalorizou 2,53%, moeda coreana desvalorizou 2,78%, Moeda da China (RMB) desvalorizou 0,75% e moeda de Taiwan desvalorizou 1,08%.",rmb_cambio_reservas,revisao_manual,media,"O valor é quantitativo e potencialmente variável, mas o conteúdo local não informa com segurança seu ano-base; é preciso conferir a fonte original antes de incluí-lo na fila de atualização.",Compilacao autoral LinkedIn 2017-2018,https://pt.linkedin.com/pulse/risco-sistem%C3%A1tico-global-continua-hsia-hua-sheng
hsia-li-eba6617b96cd,10,Risco Sistemático Global continua?,"2,78%",nao_identificado_no_conteudo_disponivel,"Na última semana, aproximadamente, Euro desvalorizou em torno de 2,26%, Libra desvalorizou 2,53%, moeda coreana desvalorizou 2,78%, Moeda da China (RMB) desvalorizou 0,75% e moeda de Taiwan desvalorizou 1,08%.",rmb_cambio_reservas,revisao_manual,media,"O valor é quantitativo e potencialmente variável, mas o conteúdo local não informa com segurança seu ano-base; é preciso conferir a fonte original antes de incluí-lo na fila de atualização.",Compilacao autoral LinkedIn 2017-2018,https://pt.linkedin.com/pulse/risco-sistem%C3%A1tico-global-continua-hsia-hua-sheng
hsia-li-eba6617b96cd,10,Risco Sistemático Global continua?,"2,833%",nao_identificado_no_conteudo_disponivel,"Já a taxa dos títulos de 10 anos chegou 2,833% ao ano, mais alta em últimos 4 anos.",investimentos_financiamento,revisao_manual,media,"O valor é quantitativo e potencialmente variável, mas o conteúdo local não informa com segurança seu ano-base; é preciso conferir a fonte original antes de incluí-lo na fila de atualização.",Compilacao autoral LinkedIn 2017-2018,https://pt.linkedin.com/pulse/risco-sistem%C3%A1tico-global-continua-hsia-hua-sheng
hsia-li-eba6617b96cd,10,Risco Sistemático Global continua?,"3,153 %",nao_identificado_no_conteudo_disponivel,"E a taxa de 30 anos chegou no patamar de 3,153 %ao ano.",outro_indicador_quantitativo,revisao_manual,media,"O valor é quantitativo e potencialmente variável, mas o conteúdo local não informa com segurança seu ano-base; é preciso conferir a fonte original antes de incluí-lo na fila de atualização.",Compilacao autoral LinkedIn 2017-2018,https://pt.linkedin.com/pulse/risco-sistem%C3%A1tico-global-continua-hsia-hua-sheng
hsia-li-eba6617b96cd,10,Risco Sistemático Global continua?,"7,8%",nao_identificado_no_conteudo_disponivel,"O barril de WTI, referência americana do óleo bruto, apresentou uma queda de 7,8% nos últimos 14 dias.",commodities,revisao_manual,media,"O valor é quantitativo e potencialmente variável, mas o conteúdo local não informa com segurança seu ano-base; é preciso conferir a fonte original antes de incluí-lo na fila de atualização.",Compilacao autoral LinkedIn 2017-2018,https://pt.linkedin.com/pulse/risco-sistem%C3%A1tico-global-continua-hsia-hua-sheng
hsia-li-eba6617b96cd,10,Risco Sistemático Global continua?,"8,6%",nao_identificado_no_conteudo_disponivel,"Em Londres, o preço de barril também caiu 8,6% nos últimos 16 dias.",commodities,revisao_manual,media,"O valor é quantitativo e potencialmente variável, mas o conteúdo local não informa com segurança seu ano-base; é preciso conferir a fonte original antes de incluí-lo na fila de atualização.",Compilacao autoral LinkedIn 2017-2018,https://pt.linkedin.com/pulse/risco-sistem%C3%A1tico-global-continua-hsia-hua-sheng
hsia-96490b2559d8,11,China desafia o padrão: Dívida soberana em dólar pode ditar nova taxa livre de risco,30x,nao_identificado_no_conteudo_disponivel,"China emite US$ 4 bi em títulos em dólar, com demanda 30x maior que oferta, reforçando credibilidade e impacto para investimentos no Brasil.",investimentos_financiamento,revisao_manual,media,"O valor é quantitativo e potencialmente variável, mas o conteúdo local não informa com segurança seu ano-base; é preciso conferir a fonte original antes de incluí-lo na fila de atualização.",Money Times,https://www.moneytimes.com.br/china-desafia-o-padrao-divida-soberana-em-dolar-pode-ditar-nova-taxa-livre-de-risco-jals/
hsia-96490b2559d8,11,China desafia o padrão: Dívida soberana em dólar pode ditar nova taxa livre de risco,US$ 4 bi,nao_identificado_no_conteudo_disponivel,"China emite US$ 4 bi em títulos em dólar, com demanda 30x maior que oferta, reforçando credibilidade e impacto para investimentos no Brasil.",investimentos_financiamento,revisao_manual,media,"O valor é quantitativo e potencialmente variável, mas o conteúdo local não informa com segurança seu ano-base; é preciso conferir a fonte original antes de incluí-lo na fila de atualização.",Money Times,https://www.moneytimes.com.br/china-desafia-o-padrao-divida-soberana-em-dolar-pode-ditar-nova-taxa-livre-de-risco-jals/
hsia-5530051a0940,11,"China pode ajudar Brasil a enfrentar tarifa dos EUA, mas país deve ampliar parcerias",25%,nao_identificado_no_conteudo_disponivel,"A disposição da China em ampliar a cooperação econômica com o Brasil pode fortalecer a posição brasileira diante da ameaça de uma sobretaxa de 25% sobre produtos exportados aos Estados Unidos, avalia Hsia Hua Sheng, professor de Finanças Internacionais da FGV-EAESP.",comercio_brasil_china,revisao_manual,media,"O valor é quantitativo e potencialmente variável, mas o conteúdo local não informa com segurança seu ano-base; é preciso conferir a fonte original antes de incluí-lo na fila de atualização.",CNBC Brasil,https://timesbrasil.com.br/mundo/china-pode-ajudar-brasil-a-enfrentar-tarifa-dos-eua/
hsia-f719d6f9027a,11,China surpreende mercado com corte na taxa de juros,10 pontos-base,nao_identificado_no_conteudo_disponivel,O Banco Central da China surpreendeu o mercado nesta segunda-feira (22) ao decidir cortar a taxa de juros em 10 pontos-base.,juros_credito,revisao_manual,media,"O valor é quantitativo e potencialmente variável, mas o conteúdo local não informa com segurança seu ano-base; é preciso conferir a fonte original antes de incluí-lo na fila de atualização.",Money Times,https://www.moneytimes.com.br/china-surpreende-mercado-com-corte-na-taxa-de-juros-jals/
hsia-215c75199ff9,11,Guerra comercial entre EUA e China,"1,15 %",nao_identificado_no_conteudo_disponivel,"Se a China reagir, essa perda do PIB seria 1,15 %.",atividade_precos,revisao_manual,media,"O valor é quantitativo e potencialmente variável, mas o conteúdo local não informa com segurança seu ano-base; é preciso conferir a fonte original antes de incluí-lo na fila de atualização.",LinkedIn via Google,https://pt.linkedin.com/pulse/guerra-comercial-entre-eua-e-china-hsia-hua-sheng
hsia-215c75199ff9,11,Guerra comercial entre EUA e China,"1,26%",nao_identificado_no_conteudo_disponivel,"Um dos institutos de pesquisas mais importantes da área de ciências sociais aponta uma queda média do PIB de 1,26%, caso a China não reaja o aumento de impostos americanos de importação de 30%.",atividade_precos,revisao_manual,media,"O valor é quantitativo e potencialmente variável, mas o conteúdo local não informa com segurança seu ano-base; é preciso conferir a fonte original antes de incluí-lo na fila de atualização.",LinkedIn via Google,https://pt.linkedin.com/pulse/guerra-comercial-entre-eua-e-china-hsia-hua-sheng
hsia-215c75199ff9,11,Guerra comercial entre EUA e China,"1,5%",nao_identificado_no_conteudo_disponivel,"Mas, se os Estados Unidos e a China estenderem essa guerra comercial utilizando outras ferramentas não tarifárias, tais como Super 301 dos americanos (direitos de propriedade intelectuais), o impacto negativo do PIB chinês seria 1,5%.",atividade_precos,revisao_manual,media,"O valor é quantitativo e potencialmente variável, mas o conteúdo local não informa com segurança seu ano-base; é preciso conferir a fonte original antes de incluí-lo na fila de atualização.",LinkedIn via Google,https://pt.linkedin.com/pulse/guerra-comercial-entre-eua-e-china-hsia-hua-sheng
hsia-215c75199ff9,11,Guerra comercial entre EUA e China,30%,nao_identificado_no_conteudo_disponivel,"Um dos institutos de pesquisas mais importantes da área de ciências sociais aponta uma queda média do PIB de 1,26%, caso a China não reaja o aumento de impostos americanos de importação de 30%.",atividade_precos,revisao_manual,media,"O valor é quantitativo e potencialmente variável, mas o conteúdo local não informa com segurança seu ano-base; é preciso conferir a fonte original antes de incluí-lo na fila de atualização.",LinkedIn via Google,https://pt.linkedin.com/pulse/guerra-comercial-entre-eua-e-china-hsia-hua-sheng
hsia-bd6325688e01,11,Mercado refaz contas com novo sobressalto da China,50%,nao_identificado_no_conteudo_disponivel,"A moeda chinesa pode perder até 50% do seu valor, arrastando junto a maioria das moedas emergentes.",rmb_cambio_reservas,revisao_manual,media,"O valor é quantitativo e potencialmente variável, mas o conteúdo local não informa com segurança seu ano-base; é preciso conferir a fonte original antes de incluí-lo na fila de atualização.",Folha de S.Paulo,http://www1.folha.uol.com.br/mercado/2016/01/1727162-mercado-refaz-contas-com-novo-sobressalto-da-china.shtml
hsia-4ce1eb628895,11,"O mito da desaceleração da China: Por que a “fragilidade” econômica é, na verdade, um salto para a autonomia tecnológica","4,5%",nao_identificado_no_conteudo_disponivel,"Entenda as metas de crescimento da China entre 4,5% e 5% e o que isso significa para a economia global e suas análises.",atividade_precos,revisao_manual,media,"O valor é quantitativo e potencialmente variável, mas o conteúdo local não informa com segurança seu ano-base; é preciso conferir a fonte original antes de incluí-lo na fila de atualização.",Money Times,https://www.moneytimes.com.br/o-mito-da-desaceleracao-da-china-por-que-a-fragilidade-economica-e-na-verdade-um-salto-para-a-autonomia-tecnologica-ceci/
hsia-4ce1eb628895,11,"O mito da desaceleração da China: Por que a “fragilidade” econômica é, na verdade, um salto para a autonomia tecnológica",5%,nao_identificado_no_conteudo_disponivel,"Entenda as metas de crescimento da China entre 4,5% e 5% e o que isso significa para a economia global e suas análises.",atividade_precos,revisao_manual,media,"O valor é quantitativo e potencialmente variável, mas o conteúdo local não informa com segurança seu ano-base; é preciso conferir a fonte original antes de incluí-lo na fila de atualização.",Money Times,https://www.moneytimes.com.br/o-mito-da-desaceleracao-da-china-por-que-a-fragilidade-economica-e-na-verdade-um-salto-para-a-autonomia-tecnologica-ceci/
hsia-li-b0fec39cbec4,11,Remédio Salva Bolsa!,US$ 16 bilhões,nao_identificado_no_conteudo_disponivel,Mais uma tarifa de US$ 16 bilhões podem entrar em vigor dentro de duas semanas.,comercio_brasil_china,revisao_manual,media,"O valor é quantitativo e potencialmente variável, mas o conteúdo local não informa com segurança seu ano-base; é preciso conferir a fonte original antes de incluí-lo na fila de atualização.",Compilacao autoral LinkedIn 2017-2018,https://pt.linkedin.com/pulse/rem%C3%A9dio-salva-bolsa-hsia-hua-sheng
hsia-li-76e6c1bce155,11,Risco de Guerra Cambial,2X,nao_identificado_no_conteudo_disponivel,"Por outro lado, a China está reduzindo compulsórios (2X ou 3X?), consequentemente, uma redução de taxa de juros na China.",juros_credito,revisao_manual,media,"O valor é quantitativo e potencialmente variável, mas o conteúdo local não informa com segurança seu ano-base; é preciso conferir a fonte original antes de incluí-lo na fila de atualização.",Compilacao autoral LinkedIn 2017-2018,https://pt.linkedin.com/pulse/risco-de-guerra-cambial-hsia-hua-sheng
hsia-li-76e6c1bce155,11,Risco de Guerra Cambial,3 X,nao_identificado_no_conteudo_disponivel,"De um lado, o Federal Reserve americano está acelerando aumento de taxas de juros (3 X ou 4X?).",juros_credito,revisao_manual,media,"O valor é quantitativo e potencialmente variável, mas o conteúdo local não informa com segurança seu ano-base; é preciso conferir a fonte original antes de incluí-lo na fila de atualização.",Compilacao autoral LinkedIn 2017-2018,https://pt.linkedin.com/pulse/risco-de-guerra-cambial-hsia-hua-sheng
hsia-li-76e6c1bce155,11,Risco de Guerra Cambial,3X,nao_identificado_no_conteudo_disponivel,"Por outro lado, a China está reduzindo compulsórios (2X ou 3X?), consequentemente, uma redução de taxa de juros na China.",juros_credito,revisao_manual,media,"O valor é quantitativo e potencialmente variável, mas o conteúdo local não informa com segurança seu ano-base; é preciso conferir a fonte original antes de incluí-lo na fila de atualização.",Compilacao autoral LinkedIn 2017-2018,https://pt.linkedin.com/pulse/risco-de-guerra-cambial-hsia-hua-sheng
hsia-li-76e6c1bce155,11,Risco de Guerra Cambial,4X,nao_identificado_no_conteudo_disponivel,"De um lado, o Federal Reserve americano está acelerando aumento de taxas de juros (3 X ou 4X?).",juros_credito,revisao_manual,media,"O valor é quantitativo e potencialmente variável, mas o conteúdo local não informa com segurança seu ano-base; é preciso conferir a fonte original antes de incluí-lo na fila de atualização.",Compilacao autoral LinkedIn 2017-2018,https://pt.linkedin.com/pulse/risco-de-guerra-cambial-hsia-hua-sheng
hsia-0b0906f80fcc,11,"Trump vê que negociação pode levar a um ganho maior do que tarifa unilateral, diz VP do Bank of China",10%,nao_identificado_no_conteudo_disponivel,"O presidente dos Estados Unidos, Donald Trump surpreendeu o mundo com a revelação de que sua intenção é aplicar uma tarifa de 10% para produtos importados da China, já que durante a campanha, prometeu taxa de 60%.",comercio_brasil_china,revisao_manual,media,"O valor é quantitativo e potencialmente variável, mas o conteúdo local não informa com segurança seu ano-base; é preciso conferir a fonte original antes de incluí-lo na fila de atualização.",Money Times,https://www.moneytimes.com.br/trump-esta-vendo-que-uma-negociacao-pode-levar-a-um-ganho-maior-do-que-uma-tarifa-unilateral-diz-vp-do-bank-of-china-grds/
hsia-0b0906f80fcc,11,"Trump vê que negociação pode levar a um ganho maior do que tarifa unilateral, diz VP do Bank of China",60%,nao_identificado_no_conteudo_disponivel,"O presidente dos Estados Unidos, Donald Trump surpreendeu o mundo com a revelação de que sua intenção é aplicar uma tarifa de 10% para produtos importados da China, já que durante a campanha, prometeu taxa de 60%.",comercio_brasil_china,revisao_manual,media,"O valor é quantitativo e potencialmente variável, mas o conteúdo local não informa com segurança seu ano-base; é preciso conferir a fonte original antes de incluí-lo na fila de atualização.",Money Times,https://www.moneytimes.com.br/trump-esta-vendo-que-uma-negociacao-pode-levar-a-um-ganho-maior-do-que-uma-tarifa-unilateral-diz-vp-do-bank-of-china-grds/
hsia-li-c74adf303cd7,12,Encontrar uma Ilha Segura,"2,234%",nao_identificado_no_conteudo_disponivel,"A taxa de rentabilidade de título de 2 anos americano chegou a taxa 2,366 % a.a no dia 21/03, agora está 2,234%a.a..",investimentos_financiamento,revisao_manual,media,"O valor é quantitativo e potencialmente variável, mas o conteúdo local não informa com segurança seu ano-base; é preciso conferir a fonte original antes de incluí-lo na fila de atualização.",Compilacao autoral LinkedIn 2017-2018,https://pt.linkedin.com/pulse/encontrar-uma-ilha-segura-hsia-hua-sheng
hsia-li-c74adf303cd7,12,Encontrar uma Ilha Segura,"2,366 %",nao_identificado_no_conteudo_disponivel,"A taxa de rentabilidade de título de 2 anos americano chegou a taxa 2,366 % a.a no dia 21/03, agora está 2,234%a.a..",investimentos_financiamento,revisao_manual,media,"O valor é quantitativo e potencialmente variável, mas o conteúdo local não informa com segurança seu ano-base; é preciso conferir a fonte original antes de incluí-lo na fila de atualização.",Compilacao autoral LinkedIn 2017-2018,https://pt.linkedin.com/pulse/encontrar-uma-ilha-segura-hsia-hua-sheng
hsia-li-c74adf303cd7,12,Encontrar uma Ilha Segura,"2,717%",nao_identificado_no_conteudo_disponivel,"A rentabilidade de título de 10 anos americano que chegou a taxa 2,957 % a.a no dia 21/03, agora está 2,717% a.a.",investimentos_financiamento,revisao_manual,media,"O valor é quantitativo e potencialmente variável, mas o conteúdo local não informa com segurança seu ano-base; é preciso conferir a fonte original antes de incluí-lo na fila de atualização.",Compilacao autoral LinkedIn 2017-2018,https://pt.linkedin.com/pulse/encontrar-uma-ilha-segura-hsia-hua-sheng
hsia-li-c74adf303cd7,12,Encontrar uma Ilha Segura,"2,957 %",nao_identificado_no_conteudo_disponivel,"A rentabilidade de título de 10 anos americano que chegou a taxa 2,957 % a.a no dia 21/03, agora está 2,717% a.a.",investimentos_financiamento,revisao_manual,media,"O valor é quantitativo e potencialmente variável, mas o conteúdo local não informa com segurança seu ano-base; é preciso conferir a fonte original antes de incluí-lo na fila de atualização.",Compilacao autoral LinkedIn 2017-2018,https://pt.linkedin.com/pulse/encontrar-uma-ilha-segura-hsia-hua-sheng
hsia-559b96715b41,13,Brasil aposta no yuan para emitir títulos: medida pode gerar atritos com os EUA?,6%,nao_identificado_no_conteudo_disponivel,"comércio mundial, atingindo 6% das transações.",comercio_brasil_china,revisao_manual,media,"O valor é quantitativo e potencialmente variável, mas o conteúdo local não informa com segurança seu ano-base; é preciso conferir a fonte original antes de incluí-lo na fila de atualização.",Sputnik,https://noticiabrasil.net.br/20260622/brasil-aposta-no-yuan-para-emitir-titulos-medida-pode-gerar-atritos-com-os-eua-51549498.html
hsia-559b96715b41,13,Brasil aposta no yuan para emitir títulos: medida pode gerar atritos com os EUA?,82%,nao_identificado_no_conteudo_disponivel,"Ainda assim, a moeda chinesa está bem distante do dólar norte-americano, que possui uma fatia de 82%.",participacao_mercado,revisao_manual,media,"O valor é quantitativo e potencialmente variável, mas o conteúdo local não informa com segurança seu ano-base; é preciso conferir a fonte original antes de incluí-lo na fila de atualização.",Sputnik,https://noticiabrasil.net.br/20260622/brasil-aposta-no-yuan-para-emitir-titulos-medida-pode-gerar-atritos-com-os-eua-51549498.html
hsia-559b96715b41,13,Brasil aposta no yuan para emitir títulos: medida pode gerar atritos com os EUA?,"R$ 56,7 trilhões",nao_identificado_no_conteudo_disponivel,"Aliado a isso, o especialista lembra que a China tem o segundo maior mercado de capitais do mundo, com capitalização superior a US$ 11 trilhões (R$ 56,7 trilhões), ficando atrás apenas dos Estados Unidos.",indices_mercados,revisao_manual,media,"O valor é quantitativo e potencialmente variável, mas o conteúdo local não informa com segurança seu ano-base; é preciso conferir a fonte original antes de incluí-lo na fila de atualização.",Sputnik,https://noticiabrasil.net.br/20260622/brasil-aposta-no-yuan-para-emitir-titulos-medida-pode-gerar-atritos-com-os-eua-51549498.html
hsia-559b96715b41,13,Brasil aposta no yuan para emitir títulos: medida pode gerar atritos com os EUA?,US$ 11 trilhões,nao_identificado_no_conteudo_disponivel,"Aliado a isso, o especialista lembra que a China tem o segundo maior mercado de capitais do mundo, com capitalização superior a US$ 11 trilhões (R$ 56,7 trilhões), ficando atrás apenas dos Estados Unidos.",indices_mercados,revisao_manual,media,"O valor é quantitativo e potencialmente variável, mas o conteúdo local não informa com segurança seu ano-base; é preciso conferir a fonte original antes de incluí-lo na fila de atualização.",Sputnik,https://noticiabrasil.net.br/20260622/brasil-aposta-no-yuan-para-emitir-titulos-medida-pode-gerar-atritos-com-os-eua-51549498.html
hsia-476697f7d4cb,13,Brasil e China atuam por desdolarizacao em meio a pressao financeira dos EUA,5 bilhões de euros,nao_identificado_no_conteudo_disponivel,"Durigan relembrou a operação de abril, quando o país fez a maior emissão de papéis nacionais em uma rodada da história brasileira, captando 5 bilhões de euros (R$ 30 bilhões).",investimentos_financiamento,revisao_manual,media,"O valor é quantitativo e potencialmente variável, mas o conteúdo local não informa com segurança seu ano-base; é preciso conferir a fonte original antes de incluí-lo na fila de atualização.",Folha de S.Paulo,https://www1.folha.uol.com.br/mercado/2026/06/brasil-e-china-atuam-por-desdolarizacao-em-meio-a-pressao-financeira-dos-eua.shtml
hsia-476697f7d4cb,13,Brasil e China atuam por desdolarizacao em meio a pressao financeira dos EUA,R$ 30 bilhões,nao_identificado_no_conteudo_disponivel,"Durigan relembrou a operação de abril, quando o país fez a maior emissão de papéis nacionais em uma rodada da história brasileira, captando 5 bilhões de euros (R$ 30 bilhões).",investimentos_financiamento,revisao_manual,media,"O valor é quantitativo e potencialmente variável, mas o conteúdo local não informa com segurança seu ano-base; é preciso conferir a fonte original antes de incluí-lo na fila de atualização.",Folha de S.Paulo,https://www1.folha.uol.com.br/mercado/2026/06/brasil-e-china-atuam-por-desdolarizacao-em-meio-a-pressao-financeira-dos-eua.shtml
hsia-5c70064d4741,13,Brasil estuda emitir titulos de divida em moeda chinesa,"11,25%",nao_identificado_no_conteudo_disponivel,"A Selic, taxa básica do Brasil, está em 11,25%.",juros_credito,revisao_manual,media,"O valor é quantitativo e potencialmente variável, mas o conteúdo local não informa com segurança seu ano-base; é preciso conferir a fonte original antes de incluí-lo na fila de atualização.",Folha de S.Paulo,https://www1.folha.uol.com.br/mercado/2024/11/brasil-estuda-emitir-titulos-de-divida-em-moeda-chinesa.shtml
hsia-5c70064d4741,13,Brasil estuda emitir titulos de divida em moeda chinesa,"2,5%",nao_identificado_no_conteudo_disponivel,"Segundo ele, há opções com taxas de até 2,5% ao ano.",juros_credito,revisao_manual,media,"O valor é quantitativo e potencialmente variável, mas o conteúdo local não informa com segurança seu ano-base; é preciso conferir a fonte original antes de incluí-lo na fila de atualização.",Folha de S.Paulo,https://www1.folha.uol.com.br/mercado/2024/11/brasil-estuda-emitir-titulos-de-divida-em-moeda-chinesa.shtml
hsia-5c70064d4741,13,Brasil estuda emitir titulos de divida em moeda chinesa,R$ 16 bilhões,nao_identificado_no_conteudo_disponivel,"hões de renminbi (cerca de R$ 16 bilhões), com intermédio do Bank of China.",rmb_cambio_reservas,revisao_manual,media,"O valor é quantitativo e potencialmente variável, mas o conteúdo local não informa com segurança seu ano-base; é preciso conferir a fonte original antes de incluí-lo na fila de atualização.",Folha de S.Paulo,https://www1.folha.uol.com.br/mercado/2024/11/brasil-estuda-emitir-titulos-de-divida-em-moeda-chinesa.shtml
hsia-8fe9607c211c,13,Foco no Mercado Interno,50%,nao_identificado_no_conteudo_disponivel,"Essas empresas contribuem para 80% de emprego no país, 70% de inovação e registros de patentes, 60% do PIB e 50% da receita tributária.",atividade_precos,revisao_manual,media,"O valor é quantitativo e potencialmente variável, mas o conteúdo local não informa com segurança seu ano-base; é preciso conferir a fonte original antes de incluí-lo na fila de atualização.",LinkedIn,https://www.linkedin.com/pulse/foco-mercado-interno-hsia-hua-sheng
hsia-8fe9607c211c,13,Foco no Mercado Interno,60%,nao_identificado_no_conteudo_disponivel,"Essas empresas contribuem para 80% de emprego no país, 70% de inovação e registros de patentes, 60% do PIB e 50% da receita tributária.",atividade_precos,revisao_manual,media,"O valor é quantitativo e potencialmente variável, mas o conteúdo local não informa com segurança seu ano-base; é preciso conferir a fonte original antes de incluí-lo na fila de atualização.",LinkedIn,https://www.linkedin.com/pulse/foco-mercado-interno-hsia-hua-sheng
hsia-8fe9607c211c,13,Foco no Mercado Interno,70%,nao_identificado_no_conteudo_disponivel,"Essas empresas contribuem para 80% de emprego no país, 70% de inovação e registros de patentes, 60% do PIB e 50% da receita tributária.",atividade_precos,revisao_manual,media,"O valor é quantitativo e potencialmente variável, mas o conteúdo local não informa com segurança seu ano-base; é preciso conferir a fonte original antes de incluí-lo na fila de atualização.",LinkedIn,https://www.linkedin.com/pulse/foco-mercado-interno-hsia-hua-sheng
hsia-8fe9607c211c,13,Foco no Mercado Interno,80%,nao_identificado_no_conteudo_disponivel,"Essas empresas contribuem para 80% de emprego no país, 70% de inovação e registros de patentes, 60% do PIB e 50% da receita tributária.",atividade_precos,revisao_manual,media,"O valor é quantitativo e potencialmente variável, mas o conteúdo local não informa com segurança seu ano-base; é preciso conferir a fonte original antes de incluí-lo na fila de atualização.",LinkedIn,https://www.linkedin.com/pulse/foco-mercado-interno-hsia-hua-sheng
hsia-8fe9607c211c,13,Foco no Mercado Interno,90%,nao_identificado_no_conteudo_disponivel,Esses estabelecimentos correspondem 90% de total de mercado chinês.,outro_indicador_quantitativo,revisao_manual,media,"O valor é quantitativo e potencialmente variável, mas o conteúdo local não informa com segurança seu ano-base; é preciso conferir a fonte original antes de incluí-lo na fila de atualização.",LinkedIn,https://www.linkedin.com/pulse/foco-mercado-interno-hsia-hua-sheng
hsia-li-4bab55d647e8,14,Mais venda de carros de Luxo em 2018!!!,10 vezes,2018,"Em média, os múltiplos de lucro antes de juros, impostos e depreciação e amortização (EBITDA) das empresas chinesas ficaram bem acima de 10 vezes, enquanto os múltiplos das empresas brasileiras ficaram em torno de 7 vezes.",juros_credito,sim,alta,"O indicador varia ao longo do tempo e o ano 2018, registrado no título da obra, já pode estar defasado para uma edição atual do livro.",Compilacao autoral LinkedIn 2017-2018,https://pt.linkedin.com/pulse/mais-venda-de-carros-luxo-em-2018-hsia-sheng
hsia-li-4bab55d647e8,14,Mais venda de carros de Luxo em 2018!!!,7 vezes,2018,"Em média, os múltiplos de lucro antes de juros, impostos e depreciação e amortização (EBITDA) das empresas chinesas ficaram bem acima de 10 vezes, enquanto os múltiplos das empresas brasileiras ficaram em torno de 7 vezes.",juros_credito,sim,alta,"O indicador varia ao longo do tempo e o ano 2018, registrado no título da obra, já pode estar defasado para uma edição atual do livro.",Compilacao autoral LinkedIn 2017-2018,https://pt.linkedin.com/pulse/mais-venda-de-carros-luxo-em-2018-hsia-sheng
hsia-li-4bab55d647e8,14,Mais venda de carros de Luxo em 2018!!!,"R$ 21,4 bilhões",2018,"Desde janeiro, dez empresas já tocaram o sino no pregão da Bolsa, captando R$ 21,4 bilhões (ou aproximadamente US$ 6,9 bilhões).",indices_mercados,sim,alta,"O indicador varia ao longo do tempo e o ano 2018, registrado no título da obra, já pode estar defasado para uma edição atual do livro.",Compilacao autoral LinkedIn 2017-2018,https://pt.linkedin.com/pulse/mais-venda-de-carros-luxo-em-2018-hsia-sheng
hsia-li-4bab55d647e8,14,Mais venda de carros de Luxo em 2018!!!,"US$ 6,9 bilhões",2018,"Desde janeiro, dez empresas já tocaram o sino no pregão da Bolsa, captando R$ 21,4 bilhões (ou aproximadamente US$ 6,9 bilhões).",indices_mercados,sim,alta,"O indicador varia ao longo do tempo e o ano 2018, registrado no título da obra, já pode estar defasado para uma edição atual do livro.",Compilacao autoral LinkedIn 2017-2018,https://pt.linkedin.com/pulse/mais-venda-de-carros-luxo-em-2018-hsia-sheng
hsia-a49a857d8494,14,"Acordo pela reoneracao, empresas brasileiras vendem para China sem dolar e o que importa no mercado",350 milhões de yuan,nao_identificado_no_conteudo_disponivel,"o empréstimo transfronteiriço em yuan no Brasil ; Em dezembro, o Banco do Brasil captou 350 milhões de yuans (equivalente a US$ 50 milhões), na primeira operação em moeda chinesa feita entre instituições bancárias dos dois países.",rmb_cambio_reservas,revisao_manual,media,"O valor é quantitativo e potencialmente variável, mas o conteúdo local não informa com segurança seu ano-base; é preciso conferir a fonte original antes de incluí-lo na fila de atualização.",Folha de S.Paulo,https://www1.folha.uol.com.br/mercado/2024/05/acordo-pela-reoneracao-empresas-brasileiras-vendem-para-china-sem-dolar-e-o-que-importa-no-mercado.shtml
hsia-a49a857d8494,14,"Acordo pela reoneracao, empresas brasileiras vendem para China sem dolar e o que importa no mercado",US$ 50 milhões,nao_identificado_no_conteudo_disponivel,"o empréstimo transfronteiriço em yuan no Brasil ; Em dezembro, o Banco do Brasil captou 350 milhões de yuans (equivalente a US$ 50 milhões), na primeira operação em moeda chinesa feita entre instituições bancárias dos dois países.",rmb_cambio_reservas,revisao_manual,media,"O valor é quantitativo e potencialmente variável, mas o conteúdo local não informa com segurança seu ano-base; é preciso conferir a fonte original antes de incluí-lo na fila de atualização.",Folha de S.Paulo,https://www1.folha.uol.com.br/mercado/2024/05/acordo-pela-reoneracao-empresas-brasileiras-vendem-para-china-sem-dolar-e-o-que-importa-no-mercado.shtml
hsia-559b96715b41,14,Brasil aposta no yuan para emitir títulos: medida pode gerar atritos com os EUA?,6%,nao_identificado_no_conteudo_disponivel,"comércio mundial, atingindo 6% das transações.",comercio_brasil_china,revisao_manual,media,"O valor é quantitativo e potencialmente variável, mas o conteúdo local não informa com segurança seu ano-base; é preciso conferir a fonte original antes de incluí-lo na fila de atualização.",Sputnik,https://noticiabrasil.net.br/20260622/brasil-aposta-no-yuan-para-emitir-titulos-medida-pode-gerar-atritos-com-os-eua-51549498.html
hsia-559b96715b41,14,Brasil aposta no yuan para emitir títulos: medida pode gerar atritos com os EUA?,82%,nao_identificado_no_conteudo_disponivel,"Ainda assim, a moeda chinesa está bem distante do dólar norte-americano, que possui uma fatia de 82%.",participacao_mercado,revisao_manual,media,"O valor é quantitativo e potencialmente variável, mas o conteúdo local não informa com segurança seu ano-base; é preciso conferir a fonte original antes de incluí-lo na fila de atualização.",Sputnik,https://noticiabrasil.net.br/20260622/brasil-aposta-no-yuan-para-emitir-titulos-medida-pode-gerar-atritos-com-os-eua-51549498.html
hsia-559b96715b41,14,Brasil aposta no yuan para emitir títulos: medida pode gerar atritos com os EUA?,"R$ 56,7 trilhões",nao_identificado_no_conteudo_disponivel,"Aliado a isso, o especialista lembra que a China tem o segundo maior mercado de capitais do mundo, com capitalização superior a US$ 11 trilhões (R$ 56,7 trilhões), ficando atrás apenas dos Estados Unidos.",indices_mercados,revisao_manual,media,"O valor é quantitativo e potencialmente variável, mas o conteúdo local não informa com segurança seu ano-base; é preciso conferir a fonte original antes de incluí-lo na fila de atualização.",Sputnik,https://noticiabrasil.net.br/20260622/brasil-aposta-no-yuan-para-emitir-titulos-medida-pode-gerar-atritos-com-os-eua-51549498.html
hsia-559b96715b41,14,Brasil aposta no yuan para emitir títulos: medida pode gerar atritos com os EUA?,US$ 11 trilhões,nao_identificado_no_conteudo_disponivel,"Aliado a isso, o especialista lembra que a China tem o segundo maior mercado de capitais do mundo, com capitalização superior a US$ 11 trilhões (R$ 56,7 trilhões), ficando atrás apenas dos Estados Unidos.",indices_mercados,revisao_manual,media,"O valor é quantitativo e potencialmente variável, mas o conteúdo local não informa com segurança seu ano-base; é preciso conferir a fonte original antes de incluí-lo na fila de atualização.",Sputnik,https://noticiabrasil.net.br/20260622/brasil-aposta-no-yuan-para-emitir-titulos-medida-pode-gerar-atritos-com-os-eua-51549498.html
hsia-li-c74adf303cd7,14,Encontrar uma Ilha Segura,"2,234%",nao_identificado_no_conteudo_disponivel,"A taxa de rentabilidade de título de 2 anos americano chegou a taxa 2,366 % a.a no dia 21/03, agora está 2,234%a.a..",investimentos_financiamento,revisao_manual,media,"O valor é quantitativo e potencialmente variável, mas o conteúdo local não informa com segurança seu ano-base; é preciso conferir a fonte original antes de incluí-lo na fila de atualização.",Compilacao autoral LinkedIn 2017-2018,https://pt.linkedin.com/pulse/encontrar-uma-ilha-segura-hsia-hua-sheng
hsia-li-c74adf303cd7,14,Encontrar uma Ilha Segura,"2,366 %",nao_identificado_no_conteudo_disponivel,"A taxa de rentabilidade de título de 2 anos americano chegou a taxa 2,366 % a.a no dia 21/03, agora está 2,234%a.a..",investimentos_financiamento,revisao_manual,media,"O valor é quantitativo e potencialmente variável, mas o conteúdo local não informa com segurança seu ano-base; é preciso conferir a fonte original antes de incluí-lo na fila de atualização.",Compilacao autoral LinkedIn 2017-2018,https://pt.linkedin.com/pulse/encontrar-uma-ilha-segura-hsia-hua-sheng
hsia-li-c74adf303cd7,14,Encontrar uma Ilha Segura,"2,717%",nao_identificado_no_conteudo_disponivel,"A rentabilidade de título de 10 anos americano que chegou a taxa 2,957 % a.a no dia 21/03, agora está 2,717% a.a.",investimentos_financiamento,revisao_manual,media,"O valor é quantitativo e potencialmente variável, mas o conteúdo local não informa com segurança seu ano-base; é preciso conferir a fonte original antes de incluí-lo na fila de atualização.",Compilacao autoral LinkedIn 2017-2018,https://pt.linkedin.com/pulse/encontrar-uma-ilha-segura-hsia-hua-sheng
hsia-li-c74adf303cd7,14,Encontrar uma Ilha Segura,"2,957 %",nao_identificado_no_conteudo_disponivel,"A rentabilidade de título de 10 anos americano que chegou a taxa 2,957 % a.a no dia 21/03, agora está 2,717% a.a.",investimentos_financiamento,revisao_manual,media,"O valor é quantitativo e potencialmente variável, mas o conteúdo local não informa com segurança seu ano-base; é preciso conferir a fonte original antes de incluí-lo na fila de atualização.",Compilacao autoral LinkedIn 2017-2018,https://pt.linkedin.com/pulse/encontrar-uma-ilha-segura-hsia-hua-sheng
hsia-8fe9607c211c,14,Foco no Mercado Interno,50%,nao_identificado_no_conteudo_disponivel,"Essas empresas contribuem para 80% de emprego no país, 70% de inovação e registros de patentes, 60% do PIB e 50% da receita tributária.",atividade_precos,revisao_manual,media,"O valor é quantitativo e potencialmente variável, mas o conteúdo local não informa com segurança seu ano-base; é preciso conferir a fonte original antes de incluí-lo na fila de atualização.",LinkedIn,https://www.linkedin.com/pulse/foco-mercado-interno-hsia-hua-sheng
hsia-8fe9607c211c,14,Foco no Mercado Interno,60%,nao_identificado_no_conteudo_disponivel,"Essas empresas contribuem para 80% de emprego no país, 70% de inovação e registros de patentes, 60% do PIB e 50% da receita tributária.",atividade_precos,revisao_manual,media,"O valor é quantitativo e potencialmente variável, mas o conteúdo local não informa com segurança seu ano-base; é preciso conferir a fonte original antes de incluí-lo na fila de atualização.",LinkedIn,https://www.linkedin.com/pulse/foco-mercado-interno-hsia-hua-sheng
hsia-8fe9607c211c,14,Foco no Mercado Interno,70%,nao_identificado_no_conteudo_disponivel,"Essas empresas contribuem para 80% de emprego no país, 70% de inovação e registros de patentes, 60% do PIB e 50% da receita tributária.",atividade_precos,revisao_manual,media,"O valor é quantitativo e potencialmente variável, mas o conteúdo local não informa com segurança seu ano-base; é preciso conferir a fonte original antes de incluí-lo na fila de atualização.",LinkedIn,https://www.linkedin.com/pulse/foco-mercado-interno-hsia-hua-sheng
hsia-8fe9607c211c,14,Foco no Mercado Interno,80%,nao_identificado_no_conteudo_disponivel,"Essas empresas contribuem para 80% de emprego no país, 70% de inovação e registros de patentes, 60% do PIB e 50% da receita tributária.",atividade_precos,revisao_manual,media,"O valor é quantitativo e potencialmente variável, mas o conteúdo local não informa com segurança seu ano-base; é preciso conferir a fonte original antes de incluí-lo na fila de atualização.",LinkedIn,https://www.linkedin.com/pulse/foco-mercado-interno-hsia-hua-sheng
hsia-8fe9607c211c,14,Foco no Mercado Interno,90%,nao_identificado_no_conteudo_disponivel,Esses estabelecimentos correspondem 90% de total de mercado chinês.,outro_indicador_quantitativo,revisao_manual,media,"O valor é quantitativo e potencialmente variável, mas o conteúdo local não informa com segurança seu ano-base; é preciso conferir a fonte original antes de incluí-lo na fila de atualização.",LinkedIn,https://www.linkedin.com/pulse/foco-mercado-interno-hsia-hua-sheng
hsia-bd6325688e01,14,Mercado refaz contas com novo sobressalto da China,50%,nao_identificado_no_conteudo_disponivel,"A moeda chinesa pode perder até 50% do seu valor, arrastando junto a maioria das moedas emergentes.",rmb_cambio_reservas,revisao_manual,media,"O valor é quantitativo e potencialmente variável, mas o conteúdo local não informa com segurança seu ano-base; é preciso conferir a fonte original antes de incluí-lo na fila de atualização.",Folha de S.Paulo,http://www1.folha.uol.com.br/mercado/2016/01/1727162-mercado-refaz-contas-com-novo-sobressalto-da-china.shtml
hsia-li-4bab55d647e8,14,Mais venda de carros de Luxo em 2018!!!,"11,4 vezes",2018,"Essa diferença de preço não pode ser atribuída só pelas diferenças de setor entre empresas estreantes brasileiras e chinesas, pois uma empresa semelhante à de BR distribuidor, a rede de postos de combustível Ipiranga, foi negociada por 11,4 vezes uns anos atrás.",outro_indicador_quantitativo,revisao_manual,baixa,"O trecho contém uma medida quantitativa, mas o conteúdo disponível não permite afirmar automaticamente que se trata de indicador periódico atualizável.",Compilacao autoral LinkedIn 2017-2018,https://pt.linkedin.com/pulse/mais-venda-de-carros-luxo-em-2018-hsia-sheng
hsia-5c70064d4741,15,Brasil estuda emitir titulos de divida em moeda chinesa,"11,25%",nao_identificado_no_conteudo_disponivel,"A Selic, taxa básica do Brasil, está em 11,25%.",juros_credito,revisao_manual,media,"O valor é quantitativo e potencialmente variável, mas o conteúdo local não informa com segurança seu ano-base; é preciso conferir a fonte original antes de incluí-lo na fila de atualização.",Folha de S.Paulo,https://www1.folha.uol.com.br/mercado/2024/11/brasil-estuda-emitir-titulos-de-divida-em-moeda-chinesa.shtml
hsia-5c70064d4741,15,Brasil estuda emitir titulos de divida em moeda chinesa,"2,5%",nao_identificado_no_conteudo_disponivel,"Segundo ele, há opções com taxas de até 2,5% ao ano.",juros_credito,revisao_manual,media,"O valor é quantitativo e potencialmente variável, mas o conteúdo local não informa com segurança seu ano-base; é preciso conferir a fonte original antes de incluí-lo na fila de atualização.",Folha de S.Paulo,https://www1.folha.uol.com.br/mercado/2024/11/brasil-estuda-emitir-titulos-de-divida-em-moeda-chinesa.shtml
hsia-5c70064d4741,15,Brasil estuda emitir titulos de divida em moeda chinesa,R$ 16 bilhões,nao_identificado_no_conteudo_disponivel,"hões de renminbi (cerca de R$ 16 bilhões), com intermédio do Bank of China.",rmb_cambio_reservas,revisao_manual,media,"O valor é quantitativo e potencialmente variável, mas o conteúdo local não informa com segurança seu ano-base; é preciso conferir a fonte original antes de incluí-lo na fila de atualização.",Folha de S.Paulo,https://www1.folha.uol.com.br/mercado/2024/11/brasil-estuda-emitir-titulos-de-divida-em-moeda-chinesa.shtml
hsia-451787e1e581,15,Desafio de renegociar dívida corporativa,10%,nao_identificado_no_conteudo_disponivel,E as emissões em US$ das empresas brasiliras estão pagando em torno de 10% a.a de taxa de juro anual.,outro_indicador_quantitativo,revisao_manual,media,"O valor é quantitativo e potencialmente variável, mas o conteúdo local não informa com segurança seu ano-base; é preciso conferir a fonte original antes de incluí-lo na fila de atualização.",Compilacao autoral LinkedIn 2017-2018,https://pt.linkedin.com/pulse/desafio-de-renegociar-d%C3%ADvida-corporativa-hsia-hua-sheng
hsia-li-c74adf303cd7,15,Encontrar uma Ilha Segura,"2,234%",nao_identificado_no_conteudo_disponivel,"A taxa de rentabilidade de título de 2 anos americano chegou a taxa 2,366 % a.a no dia 21/03, agora está 2,234%a.a..",investimentos_financiamento,revisao_manual,media,"O valor é quantitativo e potencialmente variável, mas o conteúdo local não informa com segurança seu ano-base; é preciso conferir a fonte original antes de incluí-lo na fila de atualização.",Compilacao autoral LinkedIn 2017-2018,https://pt.linkedin.com/pulse/encontrar-uma-ilha-segura-hsia-hua-sheng
hsia-li-c74adf303cd7,15,Encontrar uma Ilha Segura,"2,366 %",nao_identificado_no_conteudo_disponivel,"A taxa de rentabilidade de título de 2 anos americano chegou a taxa 2,366 % a.a no dia 21/03, agora está 2,234%a.a..",investimentos_financiamento,revisao_manual,media,"O valor é quantitativo e potencialmente variável, mas o conteúdo local não informa com segurança seu ano-base; é preciso conferir a fonte original antes de incluí-lo na fila de atualização.",Compilacao autoral LinkedIn 2017-2018,https://pt.linkedin.com/pulse/encontrar-uma-ilha-segura-hsia-hua-sheng
hsia-li-c74adf303cd7,15,Encontrar uma Ilha Segura,"2,717%",nao_identificado_no_conteudo_disponivel,"A rentabilidade de título de 10 anos americano que chegou a taxa 2,957 % a.a no dia 21/03, agora está 2,717% a.a.",investimentos_financiamento,revisao_manual,media,"O valor é quantitativo e potencialmente variável, mas o conteúdo local não informa com segurança seu ano-base; é preciso conferir a fonte original antes de incluí-lo na fila de atualização.",Compilacao autoral LinkedIn 2017-2018,https://pt.linkedin.com/pulse/encontrar-uma-ilha-segura-hsia-hua-sheng
hsia-li-c74adf303cd7,15,Encontrar uma Ilha Segura,"2,957 %",nao_identificado_no_conteudo_disponivel,"A rentabilidade de título de 10 anos americano que chegou a taxa 2,957 % a.a no dia 21/03, agora está 2,717% a.a.",investimentos_financiamento,revisao_manual,media,"O valor é quantitativo e potencialmente variável, mas o conteúdo local não informa com segurança seu ano-base; é preciso conferir a fonte original antes de incluí-lo na fila de atualização.",Compilacao autoral LinkedIn 2017-2018,https://pt.linkedin.com/pulse/encontrar-uma-ilha-segura-hsia-hua-sheng
hsia-8fe9607c211c,15,Foco no Mercado Interno,50%,nao_identificado_no_conteudo_disponivel,"Essas empresas contribuem para 80% de emprego no país, 70% de inovação e registros de patentes, 60% do PIB e 50% da receita tributária.",atividade_precos,revisao_manual,media,"O valor é quantitativo e potencialmente variável, mas o conteúdo local não informa com segurança seu ano-base; é preciso conferir a fonte original antes de incluí-lo na fila de atualização.",LinkedIn,https://www.linkedin.com/pulse/foco-mercado-interno-hsia-hua-sheng
hsia-8fe9607c211c,15,Foco no Mercado Interno,60%,nao_identificado_no_conteudo_disponivel,"Essas empresas contribuem para 80% de emprego no país, 70% de inovação e registros de patentes, 60% do PIB e 50% da receita tributária.",atividade_precos,revisao_manual,media,"O valor é quantitativo e potencialmente variável, mas o conteúdo local não informa com segurança seu ano-base; é preciso conferir a fonte original antes de incluí-lo na fila de atualização.",LinkedIn,https://www.linkedin.com/pulse/foco-mercado-interno-hsia-hua-sheng
hsia-8fe9607c211c,15,Foco no Mercado Interno,70%,nao_identificado_no_conteudo_disponivel,"Essas empresas contribuem para 80% de emprego no país, 70% de inovação e registros de patentes, 60% do PIB e 50% da receita tributária.",atividade_precos,revisao_manual,media,"O valor é quantitativo e potencialmente variável, mas o conteúdo local não informa com segurança seu ano-base; é preciso conferir a fonte original antes de incluí-lo na fila de atualização.",LinkedIn,https://www.linkedin.com/pulse/foco-mercado-interno-hsia-hua-sheng
hsia-8fe9607c211c,15,Foco no Mercado Interno,80%,nao_identificado_no_conteudo_disponivel,"Essas empresas contribuem para 80% de emprego no país, 70% de inovação e registros de patentes, 60% do PIB e 50% da receita tributária.",atividade_precos,revisao_manual,media,"O valor é quantitativo e potencialmente variável, mas o conteúdo local não informa com segurança seu ano-base; é preciso conferir a fonte original antes de incluí-lo na fila de atualização.",LinkedIn,https://www.linkedin.com/pulse/foco-mercado-interno-hsia-hua-sheng
hsia-8fe9607c211c,15,Foco no Mercado Interno,90%,nao_identificado_no_conteudo_disponivel,Esses estabelecimentos correspondem 90% de total de mercado chinês.,outro_indicador_quantitativo,revisao_manual,media,"O valor é quantitativo e potencialmente variável, mas o conteúdo local não informa com segurança seu ano-base; é preciso conferir a fonte original antes de incluí-lo na fila de atualização.",LinkedIn,https://www.linkedin.com/pulse/foco-mercado-interno-hsia-hua-sheng
hsia-li-76e6c1bce155,15,Risco de Guerra Cambial,2X,nao_identificado_no_conteudo_disponivel,"Por outro lado, a China está reduzindo compulsórios (2X ou 3X?), consequentemente, uma redução de taxa de juros na China.",juros_credito,revisao_manual,media,"O valor é quantitativo e potencialmente variável, mas o conteúdo local não informa com segurança seu ano-base; é preciso conferir a fonte original antes de incluí-lo na fila de atualização.",Compilacao autoral LinkedIn 2017-2018,https://pt.linkedin.com/pulse/risco-de-guerra-cambial-hsia-hua-sheng
hsia-li-76e6c1bce155,15,Risco de Guerra Cambial,3 X,nao_identificado_no_conteudo_disponivel,"De um lado, o Federal Reserve americano está acelerando aumento de taxas de juros (3 X ou 4X?).",juros_credito,revisao_manual,media,"O valor é quantitativo e potencialmente variável, mas o conteúdo local não informa com segurança seu ano-base; é preciso conferir a fonte original antes de incluí-lo na fila de atualização.",Compilacao autoral LinkedIn 2017-2018,https://pt.linkedin.com/pulse/risco-de-guerra-cambial-hsia-hua-sheng
hsia-li-76e6c1bce155,15,Risco de Guerra Cambial,3X,nao_identificado_no_conteudo_disponivel,"Por outro lado, a China está reduzindo compulsórios (2X ou 3X?), consequentemente, uma redução de taxa de juros na China.",juros_credito,revisao_manual,media,"O valor é quantitativo e potencialmente variável, mas o conteúdo local não informa com segurança seu ano-base; é preciso conferir a fonte original antes de incluí-lo na fila de atualização.",Compilacao autoral LinkedIn 2017-2018,https://pt.linkedin.com/pulse/risco-de-guerra-cambial-hsia-hua-sheng
hsia-li-76e6c1bce155,15,Risco de Guerra Cambial,4X,nao_identificado_no_conteudo_disponivel,"De um lado, o Federal Reserve americano está acelerando aumento de taxas de juros (3 X ou 4X?).",juros_credito,revisao_manual,media,"O valor é quantitativo e potencialmente variável, mas o conteúdo local não informa com segurança seu ano-base; é preciso conferir a fonte original antes de incluí-lo na fila de atualização.",Compilacao autoral LinkedIn 2017-2018,https://pt.linkedin.com/pulse/risco-de-guerra-cambial-hsia-hua-sheng
hsia-139158b793c2,16,Brasil foi principal destino de investimentos chineses em 2025,"13,3%",2025,"Em 2025, projetos de energia (29,5%), mineração (29%), indústria automobilística (15,8%), petróleo (13,3%) e tecnologia da informação (6,3%) concentraram os investimentos de grupos chineses.",investimentos_financiamento,sim,media,"O indicador é temporalmente variável e está associado ao ano 2025; convém confirmá-lo na revisão da nova edição, sem substituir o valor original.",Folha de S.Paulo,https://www1.folha.uol.com.br/mercado/2026/05/brasil-foi-principal-destino-de-investimentos-chineses-em-2025.shtml
hsia-139158b793c2,16,Brasil foi principal destino de investimentos chineses em 2025,"15,8%",2025,"Em 2025, projetos de energia (29,5%), mineração (29%), indústria automobilística (15,8%), petróleo (13,3%) e tecnologia da informação (6,3%) concentraram os investimentos de grupos chineses.",investimentos_financiamento,sim,media,"O indicador é temporalmente variável e está associado ao ano 2025; convém confirmá-lo na revisão da nova edição, sem substituir o valor original.",Folha de S.Paulo,https://www1.folha.uol.com.br/mercado/2026/05/brasil-foi-principal-destino-de-investimentos-chineses-em-2025.shtml
hsia-139158b793c2,16,Brasil foi principal destino de investimentos chineses em 2025,"29,5%",2025,"Em 2025, projetos de energia (29,5%), mineração (29%), indústria automobilística (15,8%), petróleo (13,3%) e tecnologia da informação (6,3%) concentraram os investimentos de grupos chineses.",investimentos_financiamento,sim,media,"O indicador é temporalmente variável e está associado ao ano 2025; convém confirmá-lo na revisão da nova edição, sem substituir o valor original.",Folha de S.Paulo,https://www1.folha.uol.com.br/mercado/2026/05/brasil-foi-principal-destino-de-investimentos-chineses-em-2025.shtml
hsia-139158b793c2,16,Brasil foi principal destino de investimentos chineses em 2025,29%,2025,"Em 2025, projetos de energia (29,5%), mineração (29%), indústria automobilística (15,8%), petróleo (13,3%) e tecnologia da informação (6,3%) concentraram os investimentos de grupos chineses.",investimentos_financiamento,sim,media,"O indicador é temporalmente variável e está associado ao ano 2025; convém confirmá-lo na revisão da nova edição, sem substituir o valor original.",Folha de S.Paulo,https://www1.folha.uol.com.br/mercado/2026/05/brasil-foi-principal-destino-de-investimentos-chineses-em-2025.shtml
hsia-139158b793c2,16,Brasil foi principal destino de investimentos chineses em 2025,45%,2025,País registrou alta de 45% no valor aportado por grupos chineses na comparação com ano anterior,investimentos_financiamento,sim,media,"O indicador é temporalmente variável e está associado ao ano 2025; convém confirmá-lo na revisão da nova edição, sem substituir o valor original.",Folha de S.Paulo,https://www1.folha.uol.com.br/mercado/2026/05/brasil-foi-principal-destino-de-investimentos-chineses-em-2025.shtml
hsia-139158b793c2,16,Brasil foi principal destino de investimentos chineses em 2025,"6,3%",2025,"Em 2025, projetos de energia (29,5%), mineração (29%), indústria automobilística (15,8%), petróleo (13,3%) e tecnologia da informação (6,3%) concentraram os investimentos de grupos chineses.",investimentos_financiamento,sim,media,"O indicador é temporalmente variável e está associado ao ano 2025; convém confirmá-lo na revisão da nova edição, sem substituir o valor original.",Folha de S.Paulo,https://www1.folha.uol.com.br/mercado/2026/05/brasil-foi-principal-destino-de-investimentos-chineses-em-2025.shtml
hsia-476697f7d4cb,16,Brasil e China atuam por desdolarizacao em meio a pressao financeira dos EUA,5 bilhões de euros,nao_identificado_no_conteudo_disponivel,"Durigan relembrou a operação de abril, quando o país fez a maior emissão de papéis nacionais em uma rodada da história brasileira, captando 5 bilhões de euros (R$ 30 bilhões).",investimentos_financiamento,revisao_manual,media,"O valor é quantitativo e potencialmente variável, mas o conteúdo local não informa com segurança seu ano-base; é preciso conferir a fonte original antes de incluí-lo na fila de atualização.",Folha de S.Paulo,https://www1.folha.uol.com.br/mercado/2026/06/brasil-e-china-atuam-por-desdolarizacao-em-meio-a-pressao-financeira-dos-eua.shtml
hsia-476697f7d4cb,16,Brasil e China atuam por desdolarizacao em meio a pressao financeira dos EUA,R$ 30 bilhões,nao_identificado_no_conteudo_disponivel,"Durigan relembrou a operação de abril, quando o país fez a maior emissão de papéis nacionais em uma rodada da história brasileira, captando 5 bilhões de euros (R$ 30 bilhões).",investimentos_financiamento,revisao_manual,media,"O valor é quantitativo e potencialmente variável, mas o conteúdo local não informa com segurança seu ano-base; é preciso conferir a fonte original antes de incluí-lo na fila de atualização.",Folha de S.Paulo,https://www1.folha.uol.com.br/mercado/2026/06/brasil-e-china-atuam-por-desdolarizacao-em-meio-a-pressao-financeira-dos-eua.shtml
hsia-5530051a0940,16,"China pode ajudar Brasil a enfrentar tarifa dos EUA, mas país deve ampliar parcerias",25%,nao_identificado_no_conteudo_disponivel,"A disposição da China em ampliar a cooperação econômica com o Brasil pode fortalecer a posição brasileira diante da ameaça de uma sobretaxa de 25% sobre produtos exportados aos Estados Unidos, avalia Hsia Hua Sheng, professor de Finanças Internacionais da FGV-EAESP.",comercio_brasil_china,revisao_manual,media,"O valor é quantitativo e potencialmente variável, mas o conteúdo local não informa com segurança seu ano-base; é preciso conferir a fonte original antes de incluí-lo na fila de atualização.",CNBC Brasil,https://timesbrasil.com.br/mundo/china-pode-ajudar-brasil-a-enfrentar-tarifa-dos-eua/
hsia-9915915dbab8,16,"Em 8 graficos, veja como a relacao Brasil-China mudou em 50 anos",10%,nao_identificado_no_conteudo_disponivel,Raramente ultrapassava 10% do valor do produto interno bruto anual.,atividade_precos,revisao_manual,media,"O valor é quantitativo e potencialmente variável, mas o conteúdo local não informa com segurança seu ano-base; é preciso conferir a fonte original antes de incluí-lo na fila de atualização.",Folha de S.Paulo,https://www1.folha.uol.com.br/mundo/2024/08/em-8-graficos-veja-indicadores-que-aproximaram-ou-afastaram-brasil-e-china-em-50-anos.shtml
hsia-9915915dbab8,16,"Em 8 graficos, veja como a relacao Brasil-China mudou em 50 anos",19%,nao_identificado_no_conteudo_disponivel,"Com a diversificação da economia e o crescimento do setor de serviços, o comércio exterior hoje representa 19%, o que po",comercio_brasil_china,revisao_manual,media,"O valor é quantitativo e potencialmente variável, mas o conteúdo local não informa com segurança seu ano-base; é preciso conferir a fonte original antes de incluí-lo na fila de atualização.",Folha de S.Paulo,https://www1.folha.uol.com.br/mundo/2024/08/em-8-graficos-veja-indicadores-que-aproximaram-ou-afastaram-brasil-e-china-em-50-anos.shtml
hsia-9915915dbab8,16,"Em 8 graficos, veja como a relacao Brasil-China mudou em 50 anos","5,2%",nao_identificado_no_conteudo_disponivel,"No ano passado, teve 5,2% de PIB, o que não é ruim"", afirma Hsia Hua Sheng , vice-presidente do Bank of China no Brasil e professor da FGV-SP.",atividade_precos,revisao_manual,media,"O valor é quantitativo e potencialmente variável, mas o conteúdo local não informa com segurança seu ano-base; é preciso conferir a fonte original antes de incluí-lo na fila de atualização.",Folha de S.Paulo,https://www1.folha.uol.com.br/mundo/2024/08/em-8-graficos-veja-indicadores-que-aproximaram-ou-afastaram-brasil-e-china-em-50-anos.shtml
hsia-bd6325688e01,16,Mercado refaz contas com novo sobressalto da China,50%,nao_identificado_no_conteudo_disponivel,"A moeda chinesa pode perder até 50% do seu valor, arrastando junto a maioria das moedas emergentes.",rmb_cambio_reservas,revisao_manual,media,"O valor é quantitativo e potencialmente variável, mas o conteúdo local não informa com segurança seu ano-base; é preciso conferir a fonte original antes de incluí-lo na fila de atualização.",Folha de S.Paulo,http://www1.folha.uol.com.br/mercado/2016/01/1727162-mercado-refaz-contas-com-novo-sobressalto-da-china.shtml
hsia-9915915dbab8,16,"Em 8 graficos, veja como a relacao Brasil-China mudou em 50 anos",36%,2006,"A situação se altera primeiro para a China, que a partir dos anos 1990 começa a atrair investimentos de empresas ocidentais e a exportar produtos manufaturados para o mundo —o tamanho dessa atividade para o PIB atingiria um pico em 2006, com 36%.",investimentos_financiamento,nao,baixa,"O número integra o recorte metodológico, a amostra ou o resultado histórico do estudo e deve permanecer como evidência daquele período.",Folha de S.Paulo,https://www1.folha.uol.com.br/mundo/2024/08/em-8-graficos-veja-indicadores-que-aproximaram-ou-afastaram-brasil-e-china-em-50-anos.shtml
hsia-476697f7d4cb,17,Brasil e China atuam por desdolarizacao em meio a pressao financeira dos EUA,5 bilhões de euros,nao_identificado_no_conteudo_disponivel,"Durigan relembrou a operação de abril, quando o país fez a maior emissão de papéis nacionais em uma rodada da história brasileira, captando 5 bilhões de euros (R$ 30 bilhões).",investimentos_financiamento,revisao_manual,media,"O valor é quantitativo e potencialmente variável, mas o conteúdo local não informa com segurança seu ano-base; é preciso conferir a fonte original antes de incluí-lo na fila de atualização.",Folha de S.Paulo,https://www1.folha.uol.com.br/mercado/2026/06/brasil-e-china-atuam-por-desdolarizacao-em-meio-a-pressao-financeira-dos-eua.shtml
hsia-476697f7d4cb,17,Brasil e China atuam por desdolarizacao em meio a pressao financeira dos EUA,R$ 30 bilhões,nao_identificado_no_conteudo_disponivel,"Durigan relembrou a operação de abril, quando o país fez a maior emissão de papéis nacionais em uma rodada da história brasileira, captando 5 bilhões de euros (R$ 30 bilhões).",investimentos_financiamento,revisao_manual,media,"O valor é quantitativo e potencialmente variável, mas o conteúdo local não informa com segurança seu ano-base; é preciso conferir a fonte original antes de incluí-lo na fila de atualização.",Folha de S.Paulo,https://www1.folha.uol.com.br/mercado/2026/06/brasil-e-china-atuam-por-desdolarizacao-em-meio-a-pressao-financeira-dos-eua.shtml
hsia-li-c74adf303cd7,17,Encontrar uma Ilha Segura,"2,234%",nao_identificado_no_conteudo_disponivel,"A taxa de rentabilidade de título de 2 anos americano chegou a taxa 2,366 % a.a no dia 21/03, agora está 2,234%a.a..",investimentos_financiamento,revisao_manual,media,"O valor é quantitativo e potencialmente variável, mas o conteúdo local não informa com segurança seu ano-base; é preciso conferir a fonte original antes de incluí-lo na fila de atualização.",Compilacao autoral LinkedIn 2017-2018,https://pt.linkedin.com/pulse/encontrar-uma-ilha-segura-hsia-hua-sheng
hsia-li-c74adf303cd7,17,Encontrar uma Ilha Segura,"2,366 %",nao_identificado_no_conteudo_disponivel,"A taxa de rentabilidade de título de 2 anos americano chegou a taxa 2,366 % a.a no dia 21/03, agora está 2,234%a.a..",investimentos_financiamento,revisao_manual,media,"O valor é quantitativo e potencialmente variável, mas o conteúdo local não informa com segurança seu ano-base; é preciso conferir a fonte original antes de incluí-lo na fila de atualização.",Compilacao autoral LinkedIn 2017-2018,https://pt.linkedin.com/pulse/encontrar-uma-ilha-segura-hsia-hua-sheng
hsia-li-c74adf303cd7,17,Encontrar uma Ilha Segura,"2,717%",nao_identificado_no_conteudo_disponivel,"A rentabilidade de título de 10 anos americano que chegou a taxa 2,957 % a.a no dia 21/03, agora está 2,717% a.a.",investimentos_financiamento,revisao_manual,media,"O valor é quantitativo e potencialmente variável, mas o conteúdo local não informa com segurança seu ano-base; é preciso conferir a fonte original antes de incluí-lo na fila de atualização.",Compilacao autoral LinkedIn 2017-2018,https://pt.linkedin.com/pulse/encontrar-uma-ilha-segura-hsia-hua-sheng
hsia-li-c74adf303cd7,17,Encontrar uma Ilha Segura,"2,957 %",nao_identificado_no_conteudo_disponivel,"A rentabilidade de título de 10 anos americano que chegou a taxa 2,957 % a.a no dia 21/03, agora está 2,717% a.a.",investimentos_financiamento,revisao_manual,media,"O valor é quantitativo e potencialmente variável, mas o conteúdo local não informa com segurança seu ano-base; é preciso conferir a fonte original antes de incluí-lo na fila de atualização.",Compilacao autoral LinkedIn 2017-2018,https://pt.linkedin.com/pulse/encontrar-uma-ilha-segura-hsia-hua-sheng
hsia-8fe9607c211c,17,Foco no Mercado Interno,50%,nao_identificado_no_conteudo_disponivel,"Essas empresas contribuem para 80% de emprego no país, 70% de inovação e registros de patentes, 60% do PIB e 50% da receita tributária.",atividade_precos,revisao_manual,media,"O valor é quantitativo e potencialmente variável, mas o conteúdo local não informa com segurança seu ano-base; é preciso conferir a fonte original antes de incluí-lo na fila de atualização.",LinkedIn,https://www.linkedin.com/pulse/foco-mercado-interno-hsia-hua-sheng
hsia-8fe9607c211c,17,Foco no Mercado Interno,60%,nao_identificado_no_conteudo_disponivel,"Essas empresas contribuem para 80% de emprego no país, 70% de inovação e registros de patentes, 60% do PIB e 50% da receita tributária.",atividade_precos,revisao_manual,media,"O valor é quantitativo e potencialmente variável, mas o conteúdo local não informa com segurança seu ano-base; é preciso conferir a fonte original antes de incluí-lo na fila de atualização.",LinkedIn,https://www.linkedin.com/pulse/foco-mercado-interno-hsia-hua-sheng
hsia-8fe9607c211c,17,Foco no Mercado Interno,70%,nao_identificado_no_conteudo_disponivel,"Essas empresas contribuem para 80% de emprego no país, 70% de inovação e registros de patentes, 60% do PIB e 50% da receita tributária.",atividade_precos,revisao_manual,media,"O valor é quantitativo e potencialmente variável, mas o conteúdo local não informa com segurança seu ano-base; é preciso conferir a fonte original antes de incluí-lo na fila de atualização.",LinkedIn,https://www.linkedin.com/pulse/foco-mercado-interno-hsia-hua-sheng
hsia-8fe9607c211c,17,Foco no Mercado Interno,80%,nao_identificado_no_conteudo_disponivel,"Essas empresas contribuem para 80% de emprego no país, 70% de inovação e registros de patentes, 60% do PIB e 50% da receita tributária.",atividade_precos,revisao_manual,media,"O valor é quantitativo e potencialmente variável, mas o conteúdo local não informa com segurança seu ano-base; é preciso conferir a fonte original antes de incluí-lo na fila de atualização.",LinkedIn,https://www.linkedin.com/pulse/foco-mercado-interno-hsia-hua-sheng
hsia-8fe9607c211c,17,Foco no Mercado Interno,90%,nao_identificado_no_conteudo_disponivel,Esses estabelecimentos correspondem 90% de total de mercado chinês.,outro_indicador_quantitativo,revisao_manual,media,"O valor é quantitativo e potencialmente variável, mas o conteúdo local não informa com segurança seu ano-base; é preciso conferir a fonte original antes de incluí-lo na fila de atualização.",LinkedIn,https://www.linkedin.com/pulse/foco-mercado-interno-hsia-hua-sheng
hsia-215c75199ff9,17,Guerra comercial entre EUA e China,"1,15 %",nao_identificado_no_conteudo_disponivel,"Se a China reagir, essa perda do PIB seria 1,15 %.",atividade_precos,revisao_manual,media,"O valor é quantitativo e potencialmente variável, mas o conteúdo local não informa com segurança seu ano-base; é preciso conferir a fonte original antes de incluí-lo na fila de atualização.",LinkedIn via Google,https://pt.linkedin.com/pulse/guerra-comercial-entre-eua-e-china-hsia-hua-sheng
hsia-215c75199ff9,17,Guerra comercial entre EUA e China,"1,26%",nao_identificado_no_conteudo_disponivel,"Um dos institutos de pesquisas mais importantes da área de ciências sociais aponta uma queda média do PIB de 1,26%, caso a China não reaja o aumento de impostos americanos de importação de 30%.",atividade_precos,revisao_manual,media,"O valor é quantitativo e potencialmente variável, mas o conteúdo local não informa com segurança seu ano-base; é preciso conferir a fonte original antes de incluí-lo na fila de atualização.",LinkedIn via Google,https://pt.linkedin.com/pulse/guerra-comercial-entre-eua-e-china-hsia-hua-sheng
hsia-215c75199ff9,17,Guerra comercial entre EUA e China,"1,5%",nao_identificado_no_conteudo_disponivel,"Mas, se os Estados Unidos e a China estenderem essa guerra comercial utilizando outras ferramentas não tarifárias, tais como Super 301 dos americanos (direitos de propriedade intelectuais), o impacto negativo do PIB chinês seria 1,5%.",atividade_precos,revisao_manual,media,"O valor é quantitativo e potencialmente variável, mas o conteúdo local não informa com segurança seu ano-base; é preciso conferir a fonte original antes de incluí-lo na fila de atualização.",LinkedIn via Google,https://pt.linkedin.com/pulse/guerra-comercial-entre-eua-e-china-hsia-hua-sheng
hsia-215c75199ff9,17,Guerra comercial entre EUA e China,30%,nao_identificado_no_conteudo_disponivel,"Um dos institutos de pesquisas mais importantes da área de ciências sociais aponta uma queda média do PIB de 1,26%, caso a China não reaja o aumento de impostos americanos de importação de 30%.",atividade_precos,revisao_manual,media,"O valor é quantitativo e potencialmente variável, mas o conteúdo local não informa com segurança seu ano-base; é preciso conferir a fonte original antes de incluí-lo na fila de atualização.",LinkedIn via Google,https://pt.linkedin.com/pulse/guerra-comercial-entre-eua-e-china-hsia-hua-sheng
hsia-bd6325688e01,17,Mercado refaz contas com novo sobressalto da China,50%,nao_identificado_no_conteudo_disponivel,"A moeda chinesa pode perder até 50% do seu valor, arrastando junto a maioria das moedas emergentes.",rmb_cambio_reservas,revisao_manual,media,"O valor é quantitativo e potencialmente variável, mas o conteúdo local não informa com segurança seu ano-base; é preciso conferir a fonte original antes de incluí-lo na fila de atualização.",Folha de S.Paulo,http://www1.folha.uol.com.br/mercado/2016/01/1727162-mercado-refaz-contas-com-novo-sobressalto-da-china.shtml
hsia-li-bc1c5a6e81e1,17,Quem paga mais taxa de juros? Brasil ou China?,"3,7807 %",nao_identificado_no_conteudo_disponivel,"Por exemplo, para aplicação em tesouro do governo chinês de dois anos, a taxa de juro anual é 3,7807 % por ano, já o Brasil oferece 8,300% (a.a) de taxa para mesmo prazo.",outro_indicador_quantitativo,revisao_manual,media,"O valor é quantitativo e potencialmente variável, mas o conteúdo local não informa com segurança seu ano-base; é preciso conferir a fonte original antes de incluí-lo na fila de atualização.",Compilacao autoral LinkedIn 2017-2018,https://pt.linkedin.com/pulse/quem-paga-mais-taxa-de-juros-brasil-ou-china-hsia-sheng
hsia-li-bc1c5a6e81e1,17,Quem paga mais taxa de juros? Brasil ou China?,"8,300%",nao_identificado_no_conteudo_disponivel,"Por exemplo, para aplicação em tesouro do governo chinês de dois anos, a taxa de juro anual é 3,7807 % por ano, já o Brasil oferece 8,300% (a.a) de taxa para mesmo prazo.",outro_indicador_quantitativo,revisao_manual,media,"O valor é quantitativo e potencialmente variável, mas o conteúdo local não informa com segurança seu ano-base; é preciso conferir a fonte original antes de incluí-lo na fila de atualização.",Compilacao autoral LinkedIn 2017-2018,https://pt.linkedin.com/pulse/quem-paga-mais-taxa-de-juros-brasil-ou-china-hsia-sheng
