fonte,categoria_painel,manifestacao_id,item_id,producao_principal_item_id,manifestacao_derivada_de_item_id,papel_manifestacao,tipo_manifestacao,titulo,ano,data_publicacao,tipo_publicacao,autores,papel_hsia,url_original,url_principal,urls_secundarias,texto_ou_evidencia_disponivel,republicacao_de_item_id,status_verificacao,contabilizado_na_volumetria,papeis_da_fonte,status_acesso,conteudo_status,evidencia
Agroanalysis,artigos_profissionais,manifestacao-ac25af92274b24,hsia-4fd9f6d7e8fd,hsia-4fd9f6d7e8fd,nao_se_aplica,origem,escrita,Desafio para a Produção Agrícola,2013,2013,artigo_academico,"SHENG, HSIA HUA",autor_unico,https://periodicos.fgv.br/agroanalysis/article/view/20126,https://periodicos.fgv.br/agroanalysis/article/view/20126,"https://www.semanticscholar.org/paper/4806f0263b37f8b306842392e5f8da605dc86582 | https://eaesp.fgv.br/pessoa/hsia-hua-sheng | https://api.semanticscholar.org/graph/v1/author/48507977/papers?limit=100&fields=title,year,publicationDate,authors,venue,externalIds,url,abstract,publicationTypes,fieldsOfStudy",sim,nao_se_aplica,confirmado,sim,metadado_secundario | origem,concluido,resumo_ou_metadados_recuperados,"item listado no perfil institucional; SHENG, HSIA HUA . Desafio para a Produção Agrícola . Agroanalysis (FGV), v. 33, p. 15-15, 2013."
Agroanalysis,artigos_profissionais,manifestacao-fdb4e9a614019f,hsia-c9dff7b66463,hsia-c9dff7b66463,nao_se_aplica,origem,escrita,Flutuação de Preços: Como Proteger,2013,2013,artigo_academico,"SHENG, HSIA HUA",autor_unico,https://periodicos.fgv.br/agroanalysis/article/view/20041,https://periodicos.fgv.br/agroanalysis/article/view/20041,https://eaesp.fgv.br/pessoa/hsia-hua-sheng,sim,nao_se_aplica,confirmado,sim,origem,concluido,resumo_ou_metadados_recuperados,"item listado no perfil institucional; SHENG, HSIA HUA. Flutuação de Preços: Como Proteger . Agroanalysis (FGV), v. maio, p. 33-34, 2013."
Agroanalysis,artigos_profissionais,manifestacao-189a20510243cb,hsia-698ef876dd9b,hsia-698ef876dd9b,nao_se_aplica,origem,escrita,Logística: Estratégia de Hedge para Frete,2013,2013,artigo_academico,"SHENG, HSIA HUA",autor_unico,https://periodicos.fgv.br/agroanalysis/article/view/22559,https://periodicos.fgv.br/agroanalysis/article/view/22559,https://eaesp.fgv.br/pessoa/hsia-hua-sheng,sim,nao_se_aplica,confirmado,sim,origem,concluido,resumo_ou_metadados_recuperados,"item listado no perfil institucional; SHENG, HSIA HUA. Logística: Estratégia de Hedge para Frete . Agroanalysis (FGV), v. Novembro, p. 22-23, 2013."
Agroanalysis,artigos_profissionais,manifestacao-f71f1f1ac32f28,hsia-94564e115648,hsia-94564e115648,nao_se_aplica,origem,escrita,Organização da Fazenda Familiar,2013,2013,artigo_academico,"SHENG, HSIA HUA",autor_unico,https://periodicos.fgv.br/agroanalysis/article/view/20096,https://periodicos.fgv.br/agroanalysis/article/view/20096,https://eaesp.fgv.br/pessoa/hsia-hua-sheng,sim,nao_se_aplica,confirmado,sim,origem,concluido,resumo_ou_metadados_recuperados,"item listado no perfil institucional; SHENG, HSIA HUA. Organização da Fazenda Familiar . Agroanalysis (FGV), v. 33, p. 16-17, 2013."
Bank of China Brasil - Agencia Brasilia,transcricoes_palestras_aulas,manifestacao-ee90cc80e67256,hsia-d75147bd8394,hsia-d75147bd8394,nao_se_aplica,origem,escrita,Perspectivas da Economia Chinesa e Impacto no Brasil,2024,2024-12-11,palestra,Hsia Hua Sheng,palestrante,https://www.bocbrasil.com.br/institucional/noticias/palestra-do-dr-hsia-hua-sheng-perspectivas-da-economia-chinesa-e-impacto-no-brasil-329.html,https://www.bocbrasil.com.br/institucional/noticias/palestra-do-dr-hsia-hua-sheng-perspectivas-da-economia-chinesa-e-impacto-no-brasil-329.html,nenhuma,sim,nao_se_aplica,confirmado,sim,origem,concluido,resumo_ou_metadados_recuperados,"noticia institucional do organizador identifica palestrante, tema, local e data"
Brazil Economy,entrevistas_escritas_completas,manifestacao-cf760fe47524dd,hsia-12129991ed72,hsia-12129991ed72,nao_se_aplica,origem,escrita,'Reconhecimento às avessas': como críticas dos EUA e interesse chinês pelo Pix destacam o Brasil,2026,2026-06-07,entrevista_escrita_derivada,desconhecido,entrevistado,https://brazileconomy.com.br/entrevista/2026/06/enquanto-os-eua-criticam-o-pix-os-chineses-querem-incorpora-lo-diz-vp-do-bank-of-china/,https://brazileconomy.com.br/entrevista/2026/06/enquanto-os-eua-criticam-o-pix-os-chineses-querem-incorpora-lo-diz-vp-do-bank-of-china/,"https://noticiabrasil.net.br/20260615/reconhecimento-as-avessas-como-as-criticas-dos-eua-e-interesse-chines-pelo-pix-destacam-o-brasil-51336651.html | https://noticiabrasil.net.br/services/search/getmore/?query=Hsia%20Hua%20Sheng&tags_limit=20 | https://brazileconomy.com.br/wp-json/wp/v2/posts?search=H.H.%20Sheng&per_page=100&_fields=id,date,link,title,excerpt,content",sim,nao_se_aplica,confirmado,sim,origem | republicacao,concluido,resumo_e_evidencia_recuperados,"Em conversa com o BRAZIL ECONOMY, Hsia Hua Sheng falou sobre as oportunidades de aproximação entre China e Brasil diante da crise geopolítica com os Estados Unidos Hsia Hua Sheng é uma das maiores autoridades globais para falar sobre o relacionamento entre Brasil e China. Nascido em Taiwan, Sheng mudou-se para o Brasil aos 12 anos e acompanhou de perto como a abertura econômica chinesa iniciada na década de 1970 impactou o mercado brasileiro, contribuindo para que a China se tornasse o maior parceiro comercial do Brasil a partir de 2009. Professor da FGV há mais de 20 anos, Sheng assumiu o cargo de CFO do Bank of China em 2020 e, pouco depois, foi nomeado vice-presidente da instituição. Enquanto Donald Trump e Luiz Inácio Lula da Silva travam uma disputa em torno das tarifas comerciais, o país asiático vê o cenário como uma oportunidade para estreitar ainda mais o relacionamento com o Brasil, considerado estratégico na América Latina. Esse foi o principal tema da entrevista concedida pelo executivo ao BRAZIL ECONOMY, que também abordou assuntos como a percepção chinesa sobre a instabilidade política brasileira, transição energética e inovação tecnológica. Confira a entrevista compl"
Brazil Economy,entrevistas_escritas_completas,manifestacao-e67aa39137004e,hsia-a5f0fc9737f7,hsia-a5f0fc9737f7,nao_se_aplica,origem,escrita,Fim da Reag colocou sistema financeiro nacional de joelhos? Economistas opinam,2026,2026-01-15,entrevista_escrita_derivada,desconhecido,entrevistado,https://brazileconomy.com.br/economia/2026/01/fim-da-reag-colocou-sistema-financeiro-nacional-de-joelhos-economistas-opinam/,https://brazileconomy.com.br/economia/2026/01/fim-da-reag-colocou-sistema-financeiro-nacional-de-joelhos-economistas-opinam/,"https://brazileconomy.com.br/wp-json/wp/v2/posts?search=H.H.%20Sheng&per_page=100&_fields=id,date,link,title,excerpt,content",sim,nao_se_aplica,confirmado,sim,origem,concluido,resumo_e_evidencia_recuperados,"rial. É diferente se aparecer bancos populares, como Santander, Bradesco, Itaú ou bancos públicos”, diz Gustavo Pessoa, especialista em finanças e sócio da Taleb Capital, em Miami. Ele ainda acredita que os investidores que são mais qualificados e informados vão pedir uma qualidade de informação melhor, o que fará o custo do crédito subir, tanto em instituições públicas quanto privadas. VP do Bank of China elogia ação rápida do BC Nem tudo são críticas. Hsia Hua Sheng construiu uma carreira acadêmica de sucesso no Brasil, onde leciona na FGV há mais de 20 anos na área de finanças internacionais. Em 2020, quando o mundo tinha acabado de entrar na pandemia, foi contratado como CFO do Bank of China e, pouco depois, se tornou vice-presidente, cargo que ocupa até hoje. Com a visão de executivo estrangeiro que atua no mercado brasileiro há algumas décadas, ele elogia a atuação do Banco Central no processo. “A credibilidade bancária fica mais fortalecida com atuação rápida e certeira como o BC fez neste caso do Master e Reag. A regulação de Basileia recomenda atuação pró-ativa e preventiva e presencial, exatamente como foi feito. Posso dizer que foi uma atuação exemplar”, diz Sheng. O exe"
Brazil Economy,entrevistas_escritas_completas,manifestacao-9e4cb002b76c77,hsia-ee3b97d1c2da,hsia-ee3b97d1c2da,nao_se_aplica,origem,escrita,"“Brasil só tem a ganhar com tarifa de 50% imposta por Trump”, diz VP do Bank of China",2025,2025-09-13,entrevista_escrita_derivada,desconhecido,entrevistado,https://brazileconomy.com.br/entrevista/2025/09/brasil-so-tem-a-ganhar-com-tarifa-de-50-imposta-por-trump-diz-vp-do-bank-of-china/,https://brazileconomy.com.br/entrevista/2025/09/brasil-so-tem-a-ganhar-com-tarifa-de-50-imposta-por-trump-diz-vp-do-bank-of-china/,"https://brazileconomy.com.br/wp-json/wp/v2/posts?search=H.H.%20Sheng&per_page=100&_fields=id,date,link,title,excerpt,content",sim,nao_se_aplica,confirmado,sim,origem,concluido,resumo_e_evidencia_recuperados,"Hsia Hua Sheng acredita ainda que joint venture é a grande sacada para empresas brasileiras que querem fazer negócio com o mercado chinês Hsia Hua Sheng é uma das principais referências do mercado acadêmico e corporativo brasileiro quando o assunto é a relação entre China e Brasil. Nascido na ilha de Taiwan, Sheng veio para o Brasil com 12 anos de idade, quando Mao Tsé-Tung já tinha morrido e levado com ele a ideia de uma China fechada ao comércio internacional que tanto pautou a Revolução Comunista naquele país. Desde 1976, quando o governo foi assumido por Deng Xiaoping, a abertura do mercado chinês ao sistema internacional financeiro e de comércio foi amplo, irrestrito e irreversível, tendo se tornado o maior parceiro comercial do Brasil desde o início da década de 2010. Sheng construiu uma carreira acadêmica de sucesso no Brasil, onde leciona na FGV há mais de 20 anos na área de finanças internacionais. Em 2020, quando o mundo tinha acabado de entrar na pandemia, foi contratado como CFO do Bank of China e, pouco depois, se tornou vice-presidente, cargo que ocupa até hoje. O executivo falou com exclusividade ao BRAZIL ECONOMY sobre o atual momento da relação entre Brasil e China"
CNBC Brasil,entrevistas_escritas_completas,manifestacao-6f043e00781639,hsia-bb06d175fd39,hsia-bb06d175fd39,nao_se_aplica,origem,escrita,Ano Novo Chinês começa com megafluxo de viagens e efeitos na economia,2026,2026-02-17,entrevista_escrita_derivada,desconhecido,entrevistado,https://timesbrasil.com.br/mundo/ano-novo-chines-comeca-com-megafluxo-de-viagens-e-efeitos-na-economia/,https://timesbrasil.com.br/mundo/ano-novo-chines-comeca-com-megafluxo-de-viagens-e-efeitos-na-economia/,"https://timesbrasil.com.br/wp-json/wp/v2/posts?search=H.H.%20Sheng&per_page=100&_fields=id,date,link,title,excerpt,content",sim,nao_se_aplica,confirmado,sim,origem,concluido,resumo_e_evidencia_recuperados,"nte o período , fenômeno conhecido como chunyun, e é considerado a maior migração anual do mundo. Em 2026, projeções chegaram a apontar mais de 285 milhões de viagens inter-regionais em um único dia , dado acompanhado por analistas como indicador de mobilidade e consumo. Leia também: Terra dos fogos de artifício tem vendas fracas às vesperas do Ano Novo Chinês Segundo Hsia Hua Sheng, vice-presidente do Bank of China (Brasil) e professor da Fundação Getulio Vargas, o tamanho do movimento ainda é subestimado fora do país. “Muitos brasileiros não têm dimensão do que é o Ano Novo Chinês. É o maior deslocamento humano do mundo. Todo mundo viajando ao mesmo tempo”, afirmou, em entrevista ao Times Brasil – Licenciado Exclusivo CNBC nesta terça-feira (17). Termômetro econômico do Ano Novo Chinês O período funciona como um indicador para avaliar o ritmo da economia chinesa. Parte da atividade desacelera porque fábricas entram em férias coletivas ou operam com capacidade reduzida, enquanto serviços ligados ao consumo tendem a ganhar tração. Leia também: O desafio das grifes de luxo para reconquistar a ‘nova China’ “É um momento em que se mede a potencialidade do consumo”, disse Hsia. “Não só"
CNBC Brasil,entrevistas_escritas_completas,manifestacao-259c324cd0801d,hsia-0e6e3c412b62,hsia-0e6e3c412b62,nao_se_aplica,origem,escrita,"China busca reduzir dependência do dólar ao ampliar uso global do yuan, diz professor da FGV",2026,2026-05-12,entrevista_escrita_derivada,desconhecido,entrevistado,https://timesbrasil.com.br/mundo/china-amplia-uso-global-do-yuan-para-reduzir-dependencia-do-dolar/,https://timesbrasil.com.br/mundo/china-amplia-uso-global-do-yuan-para-reduzir-dependencia-do-dolar/,"https://www.youtube.com/watch?v=xzU5hseHOFE | https://timesbrasil.com.br/wp-json/wp/v2/posts?search=H.H.%20Sheng&per_page=100&_fields=id,date,link,title,excerpt,content",sim,nao_se_aplica,confirmado,sim,manifestacao_derivada | origem,concluido,metadados_e_vinculo_recuperados | resumo_e_evidencia_recuperados,"A estratégia da China para ampliar o uso internacional do yuan faz parte de um movimento mais amplo para reduzir a dependência global do dólar e diminuir a vulnerabilidade da economia chinesa a crises externas. Para Hsia Hua Sheng, professor de Finanças Internacionais da FGV-EAESP, o avanço da moeda chinesa não representa uma tentativa direta de substituir o dólar, mas sim de criar alternativas no sistema financeiro internacional. A estratégia da China para ampliar o uso internacional do yuan faz parte de um movimento mais amplo para reduzir a dependência global do dólar e diminuir a vulnerabilidade da economia chinesa a crises externas. Para Hsia Hua Sheng , professor de Finanças Internacionais da FGV-EAESP, o avanço da moeda chinesa não representa uma tentativa direta de substituir o dólar, mas sim de criar alternativas no sistema financeiro internacional. “ A internacionalização do Renminbi ou yuan não é uma disputa monetária contra o dólar . É simplesmente oferecer mais uma alternativa de moedas internacionais e locais para que sejam usadas nas transações internacionais”, afirmou o especialista, em entrevista ao Real Time , jornal do Times Brasil – Licenciado Exclusivo CNBC , n"
CNBC Brasil,entrevistas_escritas_completas,manifestacao-7553d6d7cd847a,hsia-5530051a0940,hsia-5530051a0940,nao_se_aplica,origem,escrita,"China pode ajudar Brasil a enfrentar tarifa dos EUA, mas país deve ampliar parcerias",2026,2026-06-08,entrevista_escrita_derivada,desconhecido,entrevistado,https://timesbrasil.com.br/mundo/china-pode-ajudar-brasil-a-enfrentar-tarifa-dos-eua/,https://timesbrasil.com.br/mundo/china-pode-ajudar-brasil-a-enfrentar-tarifa-dos-eua/,"https://www.youtube.com/watch?v=XJb8aWNdVBY | https://timesbrasil.com.br/wp-json/wp/v2/posts?search=H.H.%20Sheng&per_page=100&_fields=id,date,link,title,excerpt,content",sim,nao_se_aplica,confirmado,sim,manifestacao_derivada | origem,concluido,metadados_e_vinculo_recuperados | resumo_e_evidencia_recuperados,"A disposição da China em ampliar a cooperação econômica com o Brasil pode fortalecer a posição brasileira diante da ameaça de uma sobretaxa de 25% sobre produtos exportados aos Estados Unidos, avalia Hsia Hua Sheng, professor de Finanças Internacionais da FGV-EAESP. A disposição da China em ampliar a cooperação econômica com o Brasil pode fortalecer a posição brasileira diante da ameaça de uma sobretaxa de 25% sobre produtos exportados aos Estados Unidos, avalia Hsia Hua Sheng, professor de Finanças Internacionais da FGV-EAESP. Em entrevista nesta segunda-feira (8) ao Times Brasil – Licenciado Exclusivo CNBC , ele afirmou que a relação entre Brasil e China pode oferecer maior segurança ao país durante as negociações com os norte-americanos. Segundo o professor, a aproximação com a China não deve ser vista como a única alternativa para o Brasil. O país mantém relações comerciais relevantes com diversas economias da América do Sul e da Ásia. “A China, com certeza, tem uma relação comercial muito estável e crescente com o Brasil, não só na área comercial, mas também na área de investimento”, afirmou. Na avaliação de Hsia, esse relacionamento pode ajudar o Brasil no processo de negocia"
CNBC Brasil,entrevistas_escritas_completas,manifestacao-9d2427011fc4be,hsia-dca185baeabb,hsia-dca185baeabb,nao_se_aplica,origem,escrita,China troca motores de crescimento e indicadores tradicionais perdem força,2026,2026-08-18,entrevista_escrita_derivada,desconhecido,entrevistado,https://timesbrasil.com.br/mundo/china-troca-motores-do-crescimento-e-indicadores-perdem-forca/,https://timesbrasil.com.br/mundo/china-troca-motores-do-crescimento-e-indicadores-perdem-forca/,"https://www.youtube.com/watch?v=g3QatyYBanA | https://timesbrasil.com.br/wp-json/wp/v2/posts?search=H.H.%20Sheng&per_page=100&_fields=id,date,link,title,excerpt,content",sim,nao_se_aplica,confirmado,sim,manifestacao_derivada | origem,concluido,metadados_e_vinculo_recuperados | resumo_e_evidencia_recuperados,"A desaceleração dos investimentos na China não representa, por si só, um enfraquecimento estrutural da segunda maior economia do mundo, mas reflete uma transformação do modelo de crescimento do país, segundo Hsia Hua Sheng, professor de Finanças Internacionais da FGV-Eaesp. A desaceleração dos investimentos na China não representa, por si só, um enfraquecimento estrutural da segunda maior economia do mundo , mas reflete uma transformação do modelo de crescimento do país, segundo Hsia Hua Sheng , professor de Finanças Internacionais da FGV-Eaesp. Para ele, indicadores tradicionalmente associados à expansão chinesa perderam parte da capacidade de retratar uma economia hoje mais apoiada em tecnologia, inovação e serviços . Em entrevista nesta terça-feira (18) ao Times Brasil – Licenciado Exclusivo CNBC , Sheng afirmou que números como a queda de 6,7% dos investimentos em ativos fixos nos primeiros sete meses do ano seriam muito mais preocupantes uma década atrás. “ A economia chinesa saiu daquele modelo de crescimento que é intensivo em ativo fixo, investimento imobiliário e infraestrutura e está indo para desenvolvimento sustentável, de alta tecnologia, de qualidade e com muita inova"
CNBC Brasil,entrevistas_escritas_completas,manifestacao-5c49dc7cc13a9d,hsia-f8e2b111face,hsia-f8e2b111face,nao_se_aplica,origem,escrita,IA pode criar empregos se for integrada à economia real,2026,2026-06-25,entrevista_escrita_derivada,desconhecido,entrevistado,https://timesbrasil.com.br/empresas-e-negocios/ia-pode-criar-empregos-se-for-integrada-a-economia-real/,https://timesbrasil.com.br/empresas-e-negocios/ia-pode-criar-empregos-se-for-integrada-a-economia-real/,"https://www.youtube.com/watch?v=2QHqtS3nJiA | https://timesbrasil.com.br/wp-json/wp/v2/posts?search=H.H.%20Sheng&per_page=100&_fields=id,date,link,title,excerpt,content",sim,nao_se_aplica,confirmado,sim,manifestacao_derivada | origem,concluido,metadados_e_vinculo_recuperados | resumo_e_evidencia_recuperados,"A inteligência artificial tem potencial para impulsionar o crescimento econômico e criar novos empregos, desde que seja incorporada aos processos produtivos e acompanhada por investimentos na qualificação da mão de obra, afirmou Hsia Hua Sheng, professor de Finanças Internacionais da FGV-EAESP. A inteligência artificial tem potencial para impulsionar o crescimento econômico e criar novos empregos, desde que seja incorporada aos processos produtivos e acompanhada por investimentos na qualificação da mão de obra, afirmou Hsia Hua Sheng , professor de Finanças Internacionais da FGV-EAESP . Segundo ele, essa foi uma das principais conclusões do Davos de Verão 2026 , realizado na China , que reuniu líderes para discutir os impactos da inovação em larga escala. Em entrevista ao Times Brasil – Licenciado Exclusivo CNBC nesta quinta-feira (25), o professor explicou que os debates foram além das aplicações digitais mais conhecidas da inteligência artificial e destacaram sua utilização em setores produtivos, logística, manufatura e energia. “O tema principal dessa conversa é basicamente a discussão sobre inovação em larga escala. A ideia é mostrar como converter esses avanços tecnológicos, p"
CNBC Brasil,participacoes_em_reportagens,manifestacao-fddf51a2916b49,hsia-fdbd50c0be98,hsia-fdbd50c0be98,nao_se_aplica,origem,escrita,"Impacto do tarifaço: queda de exportações para os EUA já era esperada, mas Brasil compensou diversificando destinos",2025,2025-09-05,entrevista_escrita_derivada,desconhecido,entrevistado,https://timesbrasil.com.br/mundo/tarifas-trump/analise-balanca-comercial-agosto-2025/,https://timesbrasil.com.br/mundo/tarifas-trump/analise-balanca-comercial-agosto-2025/,"https://www.youtube.com/watch?v=Kk_jXfZukAE | https://timesbrasil.com.br/wp-json/wp/v2/posts?search=H.H.%20Sheng&per_page=100&_fields=id,date,link,title,excerpt,content",sim,nao_se_aplica,confirmado,sim,manifestacao_derivada | origem,concluido,metadados_e_vinculo_recuperados | resumo_e_evidencia_recuperados,"os. Esse equilíbrio só foi possível porque houve aumento significativo das vendas para mercados como China, México e Argentina.” Ele destacou, contudo, que a substituição não é simples em todos os setores: “Produtos agrícolas com forte presença no mercado norte-americano, como soja e café, precisarão de mais tempo para serem redirecionados. Já outros, como veículos e manufaturados, encontraram mais rapidamente destino na Argentina.” A força da China e dos BRICS Para o professor de Finanças Internacionais da FGV-EAESP, Hsia Hua Sheng , o saldo do mês indica um movimento de reorientação do comércio exterior brasileiro. “O resultado de agosto mostra que o Brasil está ampliando sua abertura para além dos Estados Unidos. A relação com a China é o principal exemplo, porque envolve não apenas comércio, mas também investimentos diretos. Isso dá mais previsibilidade e estabilidade ao empresariado.” Sheng observou que os embarques de soja e petróleo bruto para a China puxaram mais de 10% de crescimento no mês, e que a venda de veículos para a Argentina também ajudou. Ele lembrou ainda do potencial da ASEAN: “O sudeste asiático tem uma população imensa, capaz de absorver produtos brasileiros"
CNBC Brasil,participacoes_em_reportagens,manifestacao-ab420e350a2f78,hsia-977e026a9d9a,hsia-977e026a9d9a,nao_se_aplica,origem,escrita,"Tarifaço completa um mês: exportações caem em setores estratégicos, mas Brasil resiste com carne, China e antecipações",2025,2025-09-06,entrevista_escrita_derivada,desconhecido,entrevistado,https://timesbrasil.com.br/mundo/tarifas-trump/um-mes-tarifaco-brasil-eua/,https://timesbrasil.com.br/mundo/tarifas-trump/um-mes-tarifaco-brasil-eua/,"https://timesbrasil.com.br/wp-json/wp/v2/posts?search=H.H.%20Sheng&per_page=100&_fields=id,date,link,title,excerpt,content",sim,nao_se_aplica,confirmado,sim,origem,concluido,resumo_e_evidencia_recuperados,"na, México e Argentina.” Ele pondera, no entanto, que nem todos os setores conseguem se adaptar no mesmo ritmo. “Produtos agrícolas com forte presença no mercado norte-americano, como soja e café, precisarão de mais tempo para serem redirecionados. Já outros, como veículos e manufaturados, encontraram mais rapidamente destino na Argentina.” China e novos mercados Na avaliação do professor de Finanças Internacionais da FGV-EAESP, Hsia Hua Sheng , o saldo de agosto mostra um movimento de reorientação do comércio exterior brasileiro. “O resultado indica que o Brasil está ampliando sua abertura para além dos Estados Unidos. A relação com a China é o principal exemplo, porque envolve não apenas comércio, mas também investimentos diretos. Isso dá mais previsibilidade e estabilidade ao empresariado.” Sheng destaca que os embarques de soja e petróleo bruto para a China cresceram mais de 10% no mês, e que a venda de veículos para a Argentina também ajudou a compensar parte das perdas. Ele vê ainda potencial na ASEAN: “O sudeste asiático tem uma população imensa, capaz de absorver produtos brasileiros como carnes e derivados. Essa é uma frente que pode ganhar relevância com a visita do presi"
CNBC Brasil,videos_podcasts,manifestacao-3c3cb9c2927a61,hsia-0e6e3c412b62,hsia-0e6e3c412b62,hsia-0e6e3c412b62,manifestacao_derivada,audiovisual,"China busca reduzir dependência do dólar ao ampliar uso global do yuan, diz professor da FGV",2026,2026-05-12,entrevista_escrita_derivada,desconhecido,entrevistado,https://www.youtube.com/watch?v=xzU5hseHOFE,https://www.youtube.com/watch?v=xzU5hseHOFE,"https://timesbrasil.com.br/mundo/china-amplia-uso-global-do-yuan-para-reduzir-dependencia-do-dolar/ | https://timesbrasil.com.br/wp-json/wp/v2/posts?search=H.H.%20Sheng&per_page=100&_fields=id,date,link,title,excerpt,content",sim,nao_se_aplica,confirmado,sim,manifestacao_derivada | origem,concluido,metadados_e_vinculo_recuperados | resumo_e_evidencia_recuperados,manifestacao audiovisual confirmada no HTML da pagina editorial vinculada; YouTube id=xzU5hseHOFE; titulo recuperado=China acelera plano para transformar yuan em moeda global
CNBC Brasil,videos_podcasts,manifestacao-b38bce04bba38f,hsia-5530051a0940,hsia-5530051a0940,hsia-5530051a0940,manifestacao_derivada,audiovisual,"China pode ajudar Brasil a enfrentar tarifa dos EUA, mas país deve ampliar parcerias",2026,2026-06-08,entrevista_escrita_derivada,desconhecido,entrevistado,https://www.youtube.com/watch?v=XJb8aWNdVBY,https://www.youtube.com/watch?v=XJb8aWNdVBY,"https://timesbrasil.com.br/mundo/china-pode-ajudar-brasil-a-enfrentar-tarifa-dos-eua/ | https://timesbrasil.com.br/wp-json/wp/v2/posts?search=H.H.%20Sheng&per_page=100&_fields=id,date,link,title,excerpt,content",sim,nao_se_aplica,confirmado,sim,manifestacao_derivada | origem,concluido,metadados_e_vinculo_recuperados | resumo_e_evidencia_recuperados,manifestacao audiovisual confirmada no HTML da pagina editorial vinculada; YouTube id=XJb8aWNdVBY; titulo recuperado=Tarifaco dos EUA pode redesenhar comercio do Brasil e aproximacao com a China
CNBC Brasil,videos_podcasts,manifestacao-ce19966e104037,hsia-dca185baeabb,hsia-dca185baeabb,hsia-dca185baeabb,manifestacao_derivada,audiovisual,China troca motores de crescimento e indicadores tradicionais perdem força,2026,2026-08-18,entrevista_escrita_derivada,desconhecido,entrevistado,https://www.youtube.com/watch?v=g3QatyYBanA,https://www.youtube.com/watch?v=g3QatyYBanA,"https://timesbrasil.com.br/mundo/china-troca-motores-do-crescimento-e-indicadores-perdem-forca/ | https://timesbrasil.com.br/wp-json/wp/v2/posts?search=H.H.%20Sheng&per_page=100&_fields=id,date,link,title,excerpt,content",sim,nao_se_aplica,confirmado,sim,manifestacao_derivada | origem,concluido,metadados_e_vinculo_recuperados | resumo_e_evidencia_recuperados,manifestacao audiovisual confirmada no HTML da pagina editorial vinculada; YouTube id=g3QatyYBanA; titulo recuperado=China se torna mais autossuficiente diante da pressao dos Estados Unidos
CNBC Brasil,videos_podcasts,manifestacao-6873b318b7075a,hsia-f8e2b111face,hsia-f8e2b111face,hsia-f8e2b111face,manifestacao_derivada,audiovisual,IA pode criar empregos se for integrada à economia real,2026,2026-06-25,entrevista_escrita_derivada,desconhecido,entrevistado,https://www.youtube.com/watch?v=2QHqtS3nJiA,https://www.youtube.com/watch?v=2QHqtS3nJiA,"https://timesbrasil.com.br/empresas-e-negocios/ia-pode-criar-empregos-se-for-integrada-a-economia-real/ | https://timesbrasil.com.br/wp-json/wp/v2/posts?search=H.H.%20Sheng&per_page=100&_fields=id,date,link,title,excerpt,content",sim,nao_se_aplica,confirmado,sim,manifestacao_derivada | origem,concluido,metadados_e_vinculo_recuperados | resumo_e_evidencia_recuperados,manifestacao audiovisual confirmada no HTML da pagina editorial vinculada; YouTube id=2QHqtS3nJiA; titulo recuperado=Forum de Davos na China debate o impacto da inteligencia artificial no emprego
CNBC Brasil,videos_podcasts,manifestacao-28e90720ed17f5,hsia-fdbd50c0be98,hsia-fdbd50c0be98,hsia-fdbd50c0be98,manifestacao_derivada,audiovisual,"Impacto do tarifaço: queda de exportações para os EUA já era esperada, mas Brasil compensou diversificando destinos",2025,2025-09-05,entrevista_escrita_derivada,desconhecido,entrevistado,https://www.youtube.com/watch?v=Kk_jXfZukAE,https://www.youtube.com/watch?v=Kk_jXfZukAE,"https://timesbrasil.com.br/mundo/tarifas-trump/analise-balanca-comercial-agosto-2025/ | https://timesbrasil.com.br/wp-json/wp/v2/posts?search=H.H.%20Sheng&per_page=100&_fields=id,date,link,title,excerpt,content",sim,nao_se_aplica,confirmado,sim,manifestacao_derivada | origem,concluido,metadados_e_vinculo_recuperados | resumo_e_evidencia_recuperados,manifestacao audiovisual confirmada no HTML da pagina editorial vinculada; YouTube id=Kk_jXfZukAE; titulo recuperado=Superavit da balanca comercial do Brasil sinaliza novos parceiros?
Columbia CCSI,casos_relatorios_profissionais,manifestacao-ca6cd55f1fef6d,hsia-1906e1d345c5,hsia-1906e1d345c5,nao_se_aplica,origem_catalogo,escrita,2016 – Leading Brazilian Multinational Enterprises: Trends in an Era of Significant Uncertainties and Challenges,2016,2016-01-01,relatorio,Hsia Hua Sheng | Jose Marcos Carrera Junior,primeiro_autor,https://doi.org/10.13140/rg.2.1.4917.0961,https://doi.org/10.13140/rg.2.1.4917.0961,"https://www.semanticscholar.org/paper/48ae5bf9c47b169f7a137e6688f0bc34f6c1fb62 | https://api.semanticscholar.org/graph/v1/author/4600832/papers?limit=100&fields=title,year,publicationDate,authors,venue,externalIds,url,abstract,publicationTypes,fieldsOfStudy | https://api.openalex.org/works?filter=author.id:A5047360684,to_publication_date:2026-08-24&per-page=200 | https://api.datacite.org/dois?query=creators.name%3A%22Hsia%20Hua%20Sheng%22&page[size]=100 | https://openalex.org/W2258373583",sim,nao_se_aplica,confirmado,sim,metadado_secundario,concluido,resumo_ou_metadados_recuperados,"cluster A5047360684, ORCID 0000-0001-5827-319X || criador estruturado DataCite com nome completo || cluster Semantic Scholar 4600832 validado por 33 obra(s) em fontes independentes; obra individual validada por nome completo, titulo, DOI ou coautor"
Columbia CCSI,casos_relatorios_profissionais,manifestacao-2f1d1fbe514180,hsia-70b4c48d6e49,hsia-70b4c48d6e49,nao_se_aplica,origem,escrita,The Top 20 Brazilian Multinationals: A Long Way Out of the Crises,2018,2018-01-18,relatorio_pesquisa,Hsia Hua Sheng | Jose Marcos Carrera Junior | Lisa Sachs | Lise Johnson | Victor Zitian Chen | Brooke Skartvedt Guven,diretor_da_pesquisa,https://ccsi.columbia.edu/sites/ccsi.columbia.edu/files/content/docs/publications/EMGP-Brazil-Report-2018-final.pdf,https://ccsi.columbia.edu/sites/ccsi.columbia.edu/files/content/docs/publications/EMGP-Brazil-Report-2018-final.pdf,https://doi.org/10.13140/rg.2.2.12333.38887,sim,nao_se_aplica,confirmado,sim,origem,concluido,resumo_ou_metadados_recuperados,relatorio institucional oficial; registro bibliografico publico confirma seis autores e DOI
Conselho Empresarial Brasil-China,transcricoes_palestras_aulas,manifestacao-b6fa94cd7666cd,hsia-9e4f2e922fff,hsia-9e4f2e922fff,nao_se_aplica,origem,escrita,CEBC Exclusivo com Hsia Hua Sheng,2023,2023-08-30,palestra,desconhecido,palestrante,https://www.cebc.org.br/2023/08/30/cebc-exclusivo-com-hsia-hua-sheng/,https://www.cebc.org.br/2023/08/30/cebc-exclusivo-com-hsia-hua-sheng/,nenhuma,sim,nao_se_aplica,confirmado,sim,origem,concluido,resumo_e_evidencia_recuperados,CEBC Exclusivo com Hsia Hua Sheng – CEBC – Conselho Empresarial Brasil China Ir para o conteúdo Home SOBRE O CEBC Quem somos Objetivos Diretoria Comitê Consultivo Equipe Integridade CEBC na Mídia Newsletter Relatório de Atividades Linha do Tempo PUBLICAÇÕES Investimentos chineses no Brasil Oportunidades de comércio e investimentos Propostas para a relação bilateral Carta Brasil-China CEBC Alerta CEBC Briefing CEBC Multimídia Clipping CEBC Eventos Associados 中文 Home SOBRE O CEBC Quem somos Objetivos Diretoria Comitê Consultivo Equipe Integridade CEBC na Mídia Newsletter Relatório de Atividades Linha do Tempo PUBLICAÇÕES Investimentos chineses no Brasil Oportunidades de comércio e investimentos Propostas para a relação bilateral Carta Brasil-China CEBC Alerta CEBC Briefing CEBC Multimídia Clipping CEBC Eventos Associados 中文 Receba nosso mailing Cadastrar seu e-mail como se associar Clique e saiba mais Linkedin Youtube Instagram Pesquisar Receba nosso mailing Cadastrar seu e-mail como se associar Clique e saiba mais Home SOBRE O CEBC Quem somos Objetivos Diretoria Comitê Consultivo Equipe Integridade CEBC na Mídia Newsletter Relatório de Atividades Linha do Tempo PUBLICAÇÕES Investime
Editora FGV,livros_capitulos,manifestacao-b77e5bd6535043,hsia-d2fc36e6d203,hsia-d2fc36e6d203,nao_se_aplica,origem,escrita,Gestão de Riscos no Agronegócio,2013,2013,livro,"SCHOUCHANA, F | SHENG, HSIA HUA | DECOTELLI, C. A",coautor,https://eaesp.fgv.br/pessoa/hsia-hua-sheng,https://eaesp.fgv.br/pessoa/hsia-hua-sheng,nenhuma,sim,nao_se_aplica,confirmado,sim,origem,concluido,resumo_ou_metadados_recuperados,"item listado no perfil institucional; SCHOUCHANA, F.; SHENG, HSIA HUA; DECOTELLI, C. A. Gestão de Riscos no Agronegócio. 1. ed. Rio de Janeiro: FGV Editora, 2013. v. 1. 188p."
Editora FGV,livros_capitulos,manifestacao-9d29837bb1ab53,hsia-42a50497bf84,hsia-42a50497bf84,nao_se_aplica,origem,escrita,Operações de Tesouraria,2014,2014,capitulo_livro,"SHENG, HSIA HUA",autor_unico,https://eaesp.fgv.br/pessoa/hsia-hua-sheng,https://eaesp.fgv.br/pessoa/hsia-hua-sheng,nenhuma,sim,nao_se_aplica,confirmado,sim,origem,concluido,resumo_ou_metadados_recuperados,"item listado no perfil institucional; SHENG, HSIA HUA. Operações de Tesouraria. In: Clovis De Faro. (Org.). Administração Bancária: Uma Visão Aplicada. 1ed.Rio de Janeiro: Editora FGV, 2014, v. 1, p. 80-101."
Estadao,entrevistas_escritas_completas,manifestacao-6835003b897162,hsia-237d48be4296,hsia-237d48be4296,nao_se_aplica,origem,escrita,"Trump pensou nos interesses americanos ao amenizar tarifaço, não no Brasil, diz especialista",2025,2025-07-31,entrevista,Daniel Weterman,entrevistado,https://www.estadao.com.br/economia/entrevista-hsia-hua-sheng-fgv-bank-of-china-tarifaco-interesses-trump/,https://www.estadao.com.br/economia/entrevista-hsia-hua-sheng-fgv-bank-of-china-tarifaco-interesses-trump/,https://finance.sina.com.cn/jjxw/2025-08-01/doc-infimnmi9273618.shtml?froms=ggmp,sim,nao_se_aplica,confirmado,sim,fonte_secundaria | origem,concluido,resumo_e_evidencia_recuperados,"Página original acessada diretamente em 2026-08-25 (HTTP 200); título, data e presença nominal de Hsia Hua Sheng foram conferidos. Registro incorporado a partir do link fornecido pelo usuário."
Estadao,participacoes_em_reportagens,manifestacao-cd84c10bc43753,hsia-09ac42408cc8,hsia-09ac42408cc8,nao_se_aplica,origem,escrita,Lockdown e incerteza na China afetam projeções do Ibovespa. Entenda,2022,2022-05-04,participacao_reportagem,E-Investidor,entrevistado,https://www.estadao.com.br/einvestidor/cenarios-e-mercado/como-lockdown-china-impacta-ibovespa/,https://www.estadao.com.br/einvestidor/cenarios-e-mercado/como-lockdown-china-impacta-ibovespa/,nenhuma,sim,nao_se_aplica,confirmado,sim,origem,concluido,resumo_e_evidencia_recuperados,"Página original acessada diretamente em 2026-08-25 (HTTP 200); título, data e presença nominal de Hsia Hua Sheng foram conferidos. Registro incorporado a partir do link fornecido pelo usuário."
Estadao,participacoes_em_reportagens,manifestacao-416ce18e6f6de5,hsia-5e7eb4ba1159,hsia-5e7eb4ba1159,nao_se_aplica,origem,escrita,Lula assina acordos na China; como a Bolsa brasileira se beneficia,2023,2023-04-14,participacao_reportagem,Iuri Gonçalves | Luiz Araújo,entrevistado,https://www.estadao.com.br/einvestidor/cenarios-e-mercado/lula-acordos-china-impacto-bolsa-valores/,https://www.estadao.com.br/einvestidor/cenarios-e-mercado/lula-acordos-china-impacto-bolsa-valores/,nenhuma,sim,nao_se_aplica,confirmado,sim,origem,concluido,resumo_e_evidencia_recuperados,"Página original acessada diretamente em 2026-08-25 (HTTP 200); título, data e presença nominal de Hsia Hua Sheng foram conferidos. Registro incorporado a partir do link fornecido pelo usuário."
Estadao,participacoes_em_reportagens,manifestacao-ce3b2f660d11c1,hsia-7e4e5ad1b197,hsia-7e4e5ad1b197,nao_se_aplica,origem,escrita,Pix ganha força como marca e supera Nubank,2022,2022-02-28,participacao_reportagem,Wesley Gonsalves,entrevistado,https://www.estadao.com.br/economia/pix-marca-supera-nubank/,https://www.estadao.com.br/economia/pix-marca-supera-nubank/,https://canaltech.com.br/negocios/apesar-de-nao-ser-marca-pix-ganha-forca-como-tal-e-supera-ate-o-nubank-210447/ | https://www.terra.com.br/economia/pix-ganha-forca-como-marca-e-supera-nubank%2C801bc10cc25067d96026e7bc71cdb351tdururvv.html,sim,nao_se_aplica,confirmado,sim,origem | republicacao,concluido,resumo_e_evidencia_recuperados,"Página original acessada diretamente em 2026-08-25 (HTTP 200); título, data e presença nominal de Hsia Hua Sheng foram conferidos. Registro incorporado a partir do link fornecido pelo usuário."
Estadao,participacoes_em_reportagens,manifestacao-2f2074d7957dcc,hsia-2b9b86158a0c,hsia-2b9b86158a0c,nao_se_aplica,origem,escrita,Retomada da China vai impulsionar o mercado no governo Lula em 2023?,2022,2022-12-16,participacao_reportagem,Luíza Lanza,entrevistado,https://www.estadao.com.br/einvestidor/onde-investir/impacto-brasil-reabertura-china-2023/,https://www.estadao.com.br/einvestidor/onde-investir/impacto-brasil-reabertura-china-2023/,nenhuma,sim,nao_se_aplica,confirmado,sim,origem,concluido,resumo_e_evidencia_recuperados,"Página original acessada diretamente em 2026-08-25 (HTTP 200); título, data e presença nominal de Hsia Hua Sheng foram conferidos. Registro incorporado a partir do link fornecido pelo usuário."
Estadao,participacoes_em_reportagens,manifestacao-afbdeb671414fa,hsia-089b5835942c,hsia-089b5835942c,nao_se_aplica,origem,escrita,Uso do décimo terceiro salário deve ser planejado,2010,2010-11-22,participacao_reportagem,Roberta Scrivano,entrevistado,https://www.estadao.com.br/economia/uso-do-decimo-terceiro-salario-deve-ser-planejado-imp-/,https://www.estadao.com.br/economia/uso-do-decimo-terceiro-salario-deve-ser-planejado-imp-/,nenhuma,sim,nao_se_aplica,confirmado,sim,origem,concluido,resumo_e_evidencia_recuperados,"Página original acessada diretamente em 2026-08-25 (HTTP 200); título, data e presença nominal de Hsia Hua Sheng foram conferidos. Registro incorporado a partir do link fornecido pelo usuário."
FGV EESP,videos_podcasts,manifestacao-eba37a81fe0e67,hsia-a2da03687640,hsia-a2da03687640,nao_se_aplica,origem,escrita,Gestao Empresarial nos Tempos da Pandemia da COVID-19,2020,2020-06-05,webinar,desconhecido,participante,https://eesp.fgv.br/evento/webinar-do-programa-master-de-pos-graduacao-0,https://eesp.fgv.br/evento/webinar-do-programa-master-de-pos-graduacao-0,nenhuma,sim,nao_se_aplica,confirmado,sim,origem,concluido,resumo_e_evidencia_recuperados,"to sensu) em Finanças e Economia da Escola de Economia de São Paulo, Fundação Getulio Vargas (FGV EESP) Tema: Gestão Empresarial nos Tempos da Pandemia da COVID-19 Participantes: MARCIO HOLLAND, Coordenador do Programa e Mediador. MARIA ANGELICA PEDRETI, Professor de Planejamento e Orçamento Empresarial do Programa e Professora na Escola de Administração da FGV (EAESP). HSIA HUA SHENG, Professor de Gestão de Riscos Financeiros do Programa e CFO no Bank of China (Brasil). JOSÉ MARIA ARRUDA DE ANDRADE, Professor de Planejamento Tributário do Programa e Professor na Faculdade de Direito da USP. RENAN PIERI, Professor de Estratégias Competitivas do Programa e Professor na Escola de Administração da FGV (EAESP). No evento, os convidados vão analisar os impactos do surto do coronavirus sobre a gestão e as finanças das empresas. Serão discutidas sobre como as empresas estão administrando seus caixas neste contexto de estresse econômico-financeiro, sobre seu planejamento tributário e problemas com a queda de valor de mercado das empresas listadas em bolsa. O evento será realizado pelo canal do YouTube. Acesse: https://www.youtube.com/watch?v=oaQKMm45O4I&feature=youtu.be Compartilhe: 05 / J"
FGV EESP,videos_podcasts,manifestacao-3c14268266df54,hsia-7dde41a84dfb,hsia-7dde41a84dfb,nao_se_aplica,origem,audiovisual,Gestao de Capital de Giro em Tempos de Crises,2023,2023-05-03,webinar,Natalia Diniz | Hsia Hua Sheng,participante,https://eesp.fgv.br/evento/aula-experimental-do-curso-master-gestao-de-capital-de-giro-em-tempos-de-crises,https://eesp.fgv.br/evento/aula-experimental-do-curso-master-gestao-de-capital-de-giro-em-tempos-de-crises,nenhuma,sim,nao_se_aplica,confirmado,sim,origem,concluido,resumo_ou_metadados_recuperados,nome completo e papel aparecem na pagina
FGV EESP,videos_podcasts,manifestacao-6d0525152d1b7f,hsia-fcc096f14f2a,hsia-fcc096f14f2a,nao_se_aplica,origem,audiovisual,Gestao de Tesouraria e de Capital de Giro em Tempos de Pandemia,2021,2021-06-02,webinar,Natalia Diniz | Hsia Hua Sheng | Marcio Holland,participante,https://eesp.fgv.br/evento/master-talks-gestao-de-tesouraria-e-de-capital-de-giro-em-tempos-de-pandemia,https://eesp.fgv.br/evento/master-talks-gestao-de-tesouraria-e-de-capital-de-giro-em-tempos-de-pandemia,nenhuma,sim,nao_se_aplica,confirmado,sim,origem,concluido,resumo_ou_metadados_recuperados,nome completo e papel aparecem na pagina
FGV EESP,videos_podcasts,manifestacao-cf023e1bf55d34,hsia-e3ed3348b838,hsia-e3ed3348b838,nao_se_aplica,origem,audiovisual,Os Mercados Financeiros nos Tempos da Pandemia da COVID-19,2020,2020-05-29,webinar,Marcio Holland | Paulo Tenani | Paulo Gala | Joelson Sampaio | Hsia Hua Sheng,participante,https://eesp.fgv.br/evento/webinar-do-programa-master-de-pos-graduacao,https://eesp.fgv.br/evento/webinar-do-programa-master-de-pos-graduacao,nenhuma,sim,nao_se_aplica,confirmado,sim,origem,concluido,resumo_ou_metadados_recuperados,nome completo e papel aparecem na pagina
FGV EESP,videos_podcasts,manifestacao-9a988427b6415f,hsia-dbf156215b58,hsia-dbf156215b58,nao_se_aplica,origem,audiovisual,Tesouraria e Gestao de Capital de Giro,2025,2025-01-13,webinar,Natalia Diniz | Hsia Hua Sheng,participante,https://eesp.fgv.br/evento/aula-experimental-do-curso-master-1,https://eesp.fgv.br/evento/aula-experimental-do-curso-master-1,nenhuma,sim,nao_se_aplica,confirmado,sim,origem,concluido,resumo_ou_metadados_recuperados,nome completo e papel aparecem na pagina
FGV EESP,videos_podcasts,manifestacao-b33f06072cb802,hsia-dfc87bc8bcbf,hsia-dfc87bc8bcbf,nao_se_aplica,origem,audiovisual,Webinar MasterTalks: Negociando com a China,2023,2023-03-13,webinar,Jose Ricardo Luz Junior | Hsia Hua Sheng | Paulo Gala | Marcio Holland,participante,https://eesp.fgv.br/evento/webinar-mastertalks-negociando-com-china,https://eesp.fgv.br/evento/webinar-mastertalks-negociando-com-china,nenhuma,sim,nao_se_aplica,confirmado,sim,origem,concluido,resumo_ou_metadados_recuperados,nome completo e papel aparecem na pagina
FUNCEX RBCE,artigos_profissionais,manifestacao-8ca1841cf4ac17,hsia-0d752e56b779,hsia-0d752e56b779,nao_se_aplica,indice_oficial,escrita,Financiamento da Transicao Energetica e Minerais Criticos,2026,2026,artigo_profissional,Hsia Hua Sheng,autor_unico,https://funcex.org.br/revista-rbce/,https://funcex.org.br/revista-rbce/,nenhuma,sim,nao_se_aplica,confirmado,sim,indice_oficial,concluido,resumo_e_evidencia_recuperados,"e Estados Unidos e os impactos estratégicos para o Brasil Thais Moretz Múltiplas Frentes da Rivalidade Tecnológica entre EUA e China Otaviano Canuto INTERNACIONALIZAÇÃO Quando a internacionalização vira desafio de território: por que falar em ecossistemas e não só em empresas Anara Wisnievski TRANSIÇÃO ENERGÉTICA Financiamento da Transição Energética e Minerais Críticos Hsia Hua Sheng RBCE 165 (Outubro – Dezembro) Clique aqui e acesse a edição flip! EDITORIAL Funcex 50 anos, Cenários 2026 e Energia Nuclear Mario Cordeiro de Carvalho Jr ENTREVISTA Antonio Carlos da Silveira Pinheiro Presidente da Fundação de Comércio Exterior e Relações Internacionais – FUNCEX COMENTÁRIO INTERNACIONAL Minha bola de cristal para 2026 George Vidor CENÁRIOS 2026 Itamaraty e FUNCEX: 50 anos de parceria no apoio à promoção do comércio exterior e dos investimentos no Brasil Embaixador Laudemar Gonçalves de Aguiar Neto O fim da ONU e a aurora do NTM. Novo triunvirato mundial Di Salvatore Passaro O Brasil pode mais se fizer o que precisa ser feito Cláudio Gonçalves dos Santos Brasil e Vietnã: Parceria estratégica a explorar Bernard Vassas Inteligência artificial, Sun Tzu e a proeminência da Ásia como novo i"
FUNCEX RBCE,artigos_profissionais,manifestacao-5334d858a58ab2,hsia-6333d50887e4,hsia-6333d50887e4,nao_se_aplica,origem,escrita,Operacoes de Hedge em Renminbi: Oportunidades e Desafios,2025,2025,artigo_profissional,Luiz Fernando da Silva | Hsia Hua Sheng,coautor,https://www.funcex.org.br/publicacoes/rbce/material/rbce/RBCE162_LuisFernando_Hsia.pdf,https://www.funcex.org.br/publicacoes/rbce/material/rbce/RBCE162_LuisFernando_Hsia.pdf,nenhuma,sim,nao_se_aplica,confirmado,sim,origem,concluido,resumo_e_evidencia_recuperados,"ais e o comércio exterior Rubens Antônio Barbosa 18 Relações econômicas Brasil e Espanha: breve diagnóstico e perspectivas futuras Embaixador Orlando Leite Ribeiro CHINA 24 Do WeChat ao DeepSeek: um olhar crítico sobre a tecnologia chinesa para brasileiros T ais Moretz URUGUAI 30 Por que ir tão longe? João Carlos V. de Marco SEGURO DE CRÉDITO À EXPORTAÇÃO 36 Apoio oﬁ cial à exportação e as Agências de Crédito: uma nova esperança para o Brasil! Sergio Margutti 41 ABGF: Eﬁ ciência no apoio às exportações brasileiras Maíra Madrid CÂMBIO E MEIOS DE PAGAMENTO INTERNACIONAIS 44 Estimação da taxa de câmbio real de equilíbrio “ótima” para o desenvolvimento brasileiro: uma atualização Andre Nassif, Carmem Feijó e Eliane Araújo 56 Operações de hedge em Renminbi: oportunidades e desaﬁ os Luiz Fernando da Silva e Hsia Hua Sheng 60 Uma nota sobre o International Banking Facility Roberto Medeiros Paula TRANSAÇÃO TRIBUTÁRIA 62 Transação tributária – Redução dos débitos com utilização de prejuízo ﬁ scal e base negativa da CSLL Luis Carlos Szymonowicz e Ricardo José Piccin Bertelli PRÁTICA DE COMEX 66 Implantação do Portal Único em uma trading company no Porto de Santos Natália Grava, Sérgio Figuei"
FUNCEX RBCE,artigos_profissionais,manifestacao-e824bd04599609,hsia-985e33751aca,hsia-985e33751aca,nao_se_aplica,origem,escrita,Trade finance usando Renminbi,2023,2023,artigo_profissional,Hsia Hua Sheng,autor_unico,https://www.funcex.org.br/publicacoes/rbce/material/rbce/RBCE157_HsiaSheng.pdf,https://www.funcex.org.br/publicacoes/rbce/material/rbce/RBCE157_HsiaSheng.pdf,nenhuma,sim,nao_se_aplica,provavel,sim,origem,concluido,evidencia_secundaria_recuperada,PDF oficial e indice da edicao 157 confirmam titulo e autoria; uma falha SSL transitoria nao elimina a evidencia ja recuperada
FUNCEX RBCE,artigos_profissionais,manifestacao-cff124f87c26bf,hsia-485d4468218e,hsia-485d4468218e,nao_se_aplica,origem,escrita,Usar RMB nas transacoes de exportacoes e importacoes brasileiras,2023,2023,artigo_profissional,Hsia Hua Sheng,autor_unico,https://www.funcex.org.br/publicacoes/rbce/material/rbce/RBCE154_HsiaHuaSheng.pdf,https://www.funcex.org.br/publicacoes/rbce/material/rbce/RBCE154_HsiaHuaSheng.pdf,https://www.funcex.org.br/rbce/rbce154/files/basic-html/page44.html,sim,nao_se_aplica,confirmado,sim,origem,concluido,resumo_e_evidencia_recuperados | resumo_ou_metadados_recuperados,"NCEX participou de diversos eventos em Portugal no primeiro trimestre de 2023 COMENTÁRIO INTERNACIONAL 8 Nem com a ajuda do Mago Merlin George Vidor CADEIAS GLOBAIS DE VALOR 10 Sugestões para inserção de empresas exportadoras de bens manufaturados nas Cadeias Globais de Valor Th omaz Zanotto E-COMMERCE EM COMÉRCIO EXTERIOR 16 Empresas brasileiras buscam o e-commerce para alcançar novos mercados internacionais Camila Paschoal, Karina Regina Vieira Bazuchi e Paula Borges Gomes Akitaya FINANCIAMENTO 22 O BNDES no Século XXI Andre Nassif 27 Financiar e eliminar as distorções para expandir as exportações de bens de ciclos de produção de longo prazo Tuany Barcelos CÂMBIO 36 O mercado de câmbio e a nova legislação Zilda Mendes 40 Usar RMB nas transações de exportações e importações brasileiras Hsia Hua Sheng PORTOS 44 Portos: Desafi os e Sugestões para o Novo Governo Renato Pitta REFORMA TRIBUTÁRIA 48 Proposta Atlântico para Reforma Tributária Paulo Rabello de Castro e Miguel Silva SUSTENTABILIDADE E COMÉRCIO EXTERIOR 58 ESG: O G deve vir primeiro Luiz Carlos Szymonowicz e Luis Guedes ........................................................................................................."
Figshare,artigos_academicos,manifestacao-8b5596b00a7fed,hsia-d9d4e55eab10,hsia-d9d4e55eab10,nao_se_aplica,origem,escrita,Contingent Convertibles and their Impacts on the Optimization of the Capital Structure of Brazilian Banks Under Basel III,2022,2022-01-01,dataset,Karina Cyganczuk Goes | Hsia Hua Sheng | Rafael Felipe Schiozer,coautor,https://openalex.org/W4394434138,https://openalex.org/W4394434138,"https://doi.org/10.6084/m9.figshare.20025371 | https://api.openalex.org/works?filter=author.id:A5047360684,to_publication_date:2026-08-24&per-page=200",sim,nao_se_aplica,confirmado,sim,origem,concluido,resumo_ou_metadados_recuperados,"cluster A5047360684, ORCID 0000-0001-5827-319X"
Figshare,artigos_academicos,manifestacao-ea3bfe9db901f6,hsia-02c59455fa4f,hsia-02c59455fa4f,nao_se_aplica,origem,escrita,Effects of Internationalization on Ownership Structure: Evidence from Latin American Firms,2022,2022-01-01,dataset,Hsia Hua Sheng | Vinícius Silva Pereira,primeiro_autor,https://openalex.org/W4394350723,https://openalex.org/W4394350723,"https://doi.org/10.6084/m9.figshare.20012137 | https://api.openalex.org/works?filter=author.id:A5047360684,to_publication_date:2026-08-24&per-page=200",sim,nao_se_aplica,confirmado,sim,origem,concluido,resumo_ou_metadados_recuperados,"cluster A5047360684, ORCID 0000-0001-5827-319X"
Figshare,artigos_academicos,manifestacao-90940c3f6a5c53,hsia-1d222ba6c259,hsia-1d222ba6c259,nao_se_aplica,origem,escrita,Internationalization and Corporate Cash Holdings: Evidence from Brazil and Mexico,2021,2021-01-01,dataset,Newton Arata | Hsia Hua Sheng | Mayra Ivanoff Lora,coautor,https://doi.org/10.6084/m9.figshare.14320823.v1,https://doi.org/10.6084/m9.figshare.14320823.v1,"https://doi.org/10.6084/m9.figshare.14320823 | https://api.openalex.org/works?filter=author.id:A5047360684,to_publication_date:2026-08-24&per-page=200 | https://api.datacite.org/dois?query=creators.name%3A%22Hsia%20Hua%20Sheng%22&page[size]=100 | https://openalex.org/W4394558034",sim,nao_se_aplica,confirmado,sim,origem,concluido,resumo_ou_metadados_recuperados,criador estruturado DataCite com nome completo
Financas 101,videos_podcasts,manifestacao-7fb6714654fbc2,hsia-f4ad6d9142f0,hsia-f4ad6d9142f0,nao_se_aplica,origem,audiovisual,A Armadilha e Falácia dos Sunk Costs,2021,2021-07-22,video_educacional,Hsia Hua Sheng,apresentador,https://www.youtube.com/watch?v=1EQtxO-t__w,https://www.youtube.com/watch?v=1EQtxO-t__w,https://www.youtube.com/@Finan%C3%A7as101/videos,sim,nao_se_aplica,confirmado,sim,origem,concluido,resumo_ou_metadados_recuperados,canal Financas 101 vinculado pelo perfil institucional FGV
Financas 101,videos_podcasts,manifestacao-cf5c0683b29860,hsia-c0f62b98cbaa,hsia-c0f62b98cbaa,nao_se_aplica,origem,audiovisual,ANBIMA - Associação Brasileira das Entidades dos Mercados Financeiro e de Capitais,2016,2016-11-10,video_educacional,Hsia Hua Sheng,apresentador,https://www.youtube.com/watch?v=RO6cdWGPJJk,https://www.youtube.com/watch?v=RO6cdWGPJJk,https://www.youtube.com/@Finan%C3%A7as101/videos,sim,nao_se_aplica,confirmado,sim,origem,concluido,resumo_ou_metadados_recuperados,canal Financas 101 vinculado pelo perfil institucional FGV
Financas 101,videos_podcasts,manifestacao-59006670a80010,hsia-21ca7f5f29c8,hsia-21ca7f5f29c8,nao_se_aplica,origem,audiovisual,API - Análise do Perfil do Investidor,2017,2017-05-04,video_educacional,Hsia Hua Sheng,apresentador,https://www.youtube.com/watch?v=ALebxbAEj7I,https://www.youtube.com/watch?v=ALebxbAEj7I,https://www.youtube.com/@Finan%C3%A7as101/videos,sim,nao_se_aplica,confirmado,sim,origem,concluido,resumo_ou_metadados_recuperados,canal Financas 101 vinculado pelo perfil institucional FGV
Financas 101,videos_podcasts,manifestacao-ea9c23b462f75d,hsia-fb82f012eb1a,hsia-fb82f012eb1a,nao_se_aplica,origem,audiovisual,Aceleradoras,2017,2017-08-31,video_educacional,Hsia Hua Sheng,apresentador,https://www.youtube.com/watch?v=FLvKTQ7upc8,https://www.youtube.com/watch?v=FLvKTQ7upc8,https://www.youtube.com/@Finan%C3%A7as101/videos,sim,nao_se_aplica,confirmado,sim,origem,concluido,resumo_ou_metadados_recuperados,canal Financas 101 vinculado pelo perfil institucional FGV
Financas 101,videos_podcasts,manifestacao-7ecb2d679c6cdb,hsia-ee84393b325d,hsia-ee84393b325d,nao_se_aplica,origem,audiovisual,Alternativas à Poupança,2016,2016-05-19,video_educacional,Hsia Hua Sheng,apresentador,https://www.youtube.com/watch?v=UnujgXJThBA,https://www.youtube.com/watch?v=UnujgXJThBA,https://www.youtube.com/@Finan%C3%A7as101/videos,sim,nao_se_aplica,confirmado,sim,origem,concluido,resumo_ou_metadados_recuperados,canal Financas 101 vinculado pelo perfil institucional FGV
Financas 101,videos_podcasts,manifestacao-3fed11c3c84cdb,hsia-2422a855ab35,hsia-2422a855ab35,nao_se_aplica,origem,audiovisual,Análise Discriminante e Modelo de Probabilidade Linear,2021,2021-02-06,video_educacional,Hsia Hua Sheng,apresentador,https://www.youtube.com/watch?v=0cx9QuZlws4,https://www.youtube.com/watch?v=0cx9QuZlws4,https://www.youtube.com/@Finan%C3%A7as101/videos,sim,nao_se_aplica,confirmado,sim,origem,concluido,resumo_ou_metadados_recuperados,canal Financas 101 vinculado pelo perfil institucional FGV
Financas 101,videos_podcasts,manifestacao-1718e9812990f1,hsia-deb209c0647f,hsia-deb209c0647f,nao_se_aplica,origem,audiovisual,Arbitragem,2017,2017-02-23,video_educacional,Hsia Hua Sheng,apresentador,https://www.youtube.com/watch?v=NqKVXMRRCTw,https://www.youtube.com/watch?v=NqKVXMRRCTw,https://www.youtube.com/@Finan%C3%A7as101/videos,sim,nao_se_aplica,confirmado,sim,origem,concluido,resumo_ou_metadados_recuperados,canal Financas 101 vinculado pelo perfil institucional FGV
Financas 101,videos_podcasts,manifestacao-5de9e16b50371f,hsia-077bd77ea8c0,hsia-077bd77ea8c0,nao_se_aplica,origem,audiovisual,"Avaliação, Risco e Retorno de Ações",2020,2020-08-27,video_educacional,Hsia Hua Sheng,apresentador,https://www.youtube.com/watch?v=8wWtbSSd6Mw,https://www.youtube.com/watch?v=8wWtbSSd6Mw,https://www.youtube.com/@Finan%C3%A7as101/videos,sim,nao_se_aplica,confirmado,sim,origem,concluido,resumo_ou_metadados_recuperados,canal Financas 101 vinculado pelo perfil institucional FGV
Financas 101,videos_podcasts,manifestacao-8dbca0fce4fbc7,hsia-fc62d4c58382,hsia-fc62d4c58382,nao_se_aplica,origem,audiovisual,Ações - Entenda o Fundamental,2016,2016-03-10,video_educacional,Hsia Hua Sheng,apresentador,https://www.youtube.com/watch?v=bUV2HqTFH6A,https://www.youtube.com/watch?v=bUV2HqTFH6A,https://www.youtube.com/@Finan%C3%A7as101/videos,sim,nao_se_aplica,confirmado,sim,origem,concluido,resumo_ou_metadados_recuperados,canal Financas 101 vinculado pelo perfil institucional FGV
Financas 101,videos_podcasts,manifestacao-030e37d052d7d1,hsia-e2bcee9f28b7,hsia-e2bcee9f28b7,nao_se_aplica,origem,audiovisual,B3 - Fusão BM&FBovespa e Cetip,2017,2017-04-13,video_educacional,Hsia Hua Sheng,apresentador,https://www.youtube.com/watch?v=Z4ZYGsShKn4,https://www.youtube.com/watch?v=Z4ZYGsShKn4,https://www.youtube.com/@Finan%C3%A7as101/videos,sim,nao_se_aplica,confirmado,sim,origem,concluido,resumo_ou_metadados_recuperados,canal Financas 101 vinculado pelo perfil institucional FGV
Financas 101,videos_podcasts,manifestacao-bd8b86ac959c0c,hsia-235a1634859d,hsia-235a1634859d,nao_se_aplica,origem,audiovisual,BNDES - Banco Nacional de Desenvolvimento Econômico e Social,2017,2017-07-20,video_educacional,Hsia Hua Sheng,apresentador,https://www.youtube.com/watch?v=P3WJMqHxr5g,https://www.youtube.com/watch?v=P3WJMqHxr5g,https://www.youtube.com/@Finan%C3%A7as101/videos,sim,nao_se_aplica,confirmado,sim,origem,concluido,resumo_ou_metadados_recuperados,canal Financas 101 vinculado pelo perfil institucional FGV
Financas 101,videos_podcasts,manifestacao-7e574bfc10df36,hsia-234795a7b18c,hsia-234795a7b18c,nao_se_aplica,origem,audiovisual,Bacen - Banco Central do Brasil,2015,2015-08-12,video_educacional,Hsia Hua Sheng,apresentador,https://www.youtube.com/watch?v=-1KADQudYQ0,https://www.youtube.com/watch?v=-1KADQudYQ0,https://www.youtube.com/@Finan%C3%A7as101/videos,sim,nao_se_aplica,confirmado,sim,origem,concluido,resumo_ou_metadados_recuperados,canal Financas 101 vinculado pelo perfil institucional FGV
Financas 101,videos_podcasts,manifestacao-4e72706e79de12,hsia-05e54917eb3a,hsia-05e54917eb3a,nao_se_aplica,origem,audiovisual,Banco de Desenvolvimento e Agência de Fomento,2017,2017-02-02,video_educacional,Hsia Hua Sheng,apresentador,https://www.youtube.com/watch?v=NVu8gTLcbZc,https://www.youtube.com/watch?v=NVu8gTLcbZc,https://www.youtube.com/@Finan%C3%A7as101/videos,sim,nao_se_aplica,confirmado,sim,origem,concluido,resumo_ou_metadados_recuperados,canal Financas 101 vinculado pelo perfil institucional FGV
Financas 101,videos_podcasts,manifestacao-00b458bdec2eff,hsia-0a9412c62207,hsia-0a9412c62207,nao_se_aplica,origem,audiovisual,Batalha dos Sexos - Estratégia Dominante e Equilíbrio de Nash,2022,2022-05-12,video_educacional,Hsia Hua Sheng,apresentador,https://www.youtube.com/watch?v=kjpjBWHWQa4,https://www.youtube.com/watch?v=kjpjBWHWQa4,https://www.youtube.com/@Finan%C3%A7as101/videos,sim,nao_se_aplica,confirmado,sim,origem,concluido,resumo_ou_metadados_recuperados,canal Financas 101 vinculado pelo perfil institucional FGV
Financas 101,videos_podcasts,manifestacao-f89a846c4c246f,hsia-5c28cffe67c1,hsia-5c28cffe67c1,nao_se_aplica,origem,audiovisual,Benchmarks e Índices de Referência,2016,2016-08-11,video_educacional,Hsia Hua Sheng,apresentador,https://www.youtube.com/watch?v=avI4W6cUscU,https://www.youtube.com/watch?v=avI4W6cUscU,https://www.youtube.com/@Finan%C3%A7as101/videos,sim,nao_se_aplica,confirmado,sim,origem,concluido,resumo_ou_metadados_recuperados,canal Financas 101 vinculado pelo perfil institucional FGV
Financas 101,videos_podcasts,manifestacao-f01722c17d5b22,hsia-59a1fd1dc916,hsia-59a1fd1dc916,nao_se_aplica,origem,audiovisual,Bens Públicos e Recursos Comuns,2020,2020-09-03,video_educacional,Hsia Hua Sheng,apresentador,https://www.youtube.com/watch?v=lIhu9WVfFg4,https://www.youtube.com/watch?v=lIhu9WVfFg4,https://www.youtube.com/@Finan%C3%A7as101/videos,sim,nao_se_aplica,confirmado,sim,origem,concluido,resumo_ou_metadados_recuperados,canal Financas 101 vinculado pelo perfil institucional FGV
Financas 101,videos_podcasts,manifestacao-492fb80c30c688,hsia-70d6f8e1067a,hsia-70d6f8e1067a,nao_se_aplica,origem,audiovisual,Beta - O que é e como se analisa,2016,2016-06-02,video_educacional,Hsia Hua Sheng,apresentador,https://www.youtube.com/watch?v=rIyczMsQ13s,https://www.youtube.com/watch?v=rIyczMsQ13s,https://www.youtube.com/@Finan%C3%A7as101/videos,sim,nao_se_aplica,confirmado,sim,origem,concluido,resumo_ou_metadados_recuperados,canal Financas 101 vinculado pelo perfil institucional FGV
Financas 101,videos_podcasts,manifestacao-ee3927001bdeaa,hsia-11561c1d5f87,hsia-11561c1d5f87,nao_se_aplica,origem,audiovisual,Beta Alavancado e Desalavancado,2021,2021-05-28,video_educacional,Hsia Hua Sheng,apresentador,https://www.youtube.com/watch?v=e2LAVF_AeuY,https://www.youtube.com/watch?v=e2LAVF_AeuY,https://www.youtube.com/@Finan%C3%A7as101/videos,sim,nao_se_aplica,confirmado,sim,origem,concluido,resumo_ou_metadados_recuperados,canal Financas 101 vinculado pelo perfil institucional FGV
Financas 101,videos_podcasts,manifestacao-685c9bf78daa69,hsia-bca90bc9105a,hsia-bca90bc9105a,nao_se_aplica,origem,audiovisual,Black & Scholes - Introdução,2016,2016-12-22,video_educacional,Hsia Hua Sheng,apresentador,https://www.youtube.com/watch?v=PQl0DaIrriU,https://www.youtube.com/watch?v=PQl0DaIrriU,https://www.youtube.com/@Finan%C3%A7as101/videos,sim,nao_se_aplica,confirmado,sim,origem,concluido,resumo_ou_metadados_recuperados,canal Financas 101 vinculado pelo perfil institucional FGV
Financas 101,videos_podcasts,manifestacao-6b16a4a73eb75e,hsia-d6bbd7ca29c0,hsia-d6bbd7ca29c0,nao_se_aplica,origem,audiovisual,Bolsa de Valores - B3,2016,2016-02-18,video_educacional,Hsia Hua Sheng,apresentador,https://www.youtube.com/watch?v=5bL4UD43kSE,https://www.youtube.com/watch?v=5bL4UD43kSE,https://www.youtube.com/@Finan%C3%A7as101/videos,sim,nao_se_aplica,confirmado,sim,origem,concluido,resumo_ou_metadados_recuperados,canal Financas 101 vinculado pelo perfil institucional FGV
Financas 101,videos_podcasts,manifestacao-f951bb4d637d93,hsia-9385ebc61a89,hsia-9385ebc61a89,nao_se_aplica,origem,audiovisual,CAPM - Capital Asset Pricing Model,2020,2020-09-10,video_educacional,Hsia Hua Sheng,apresentador,https://www.youtube.com/watch?v=merSqYzejNw,https://www.youtube.com/watch?v=merSqYzejNw,https://www.youtube.com/@Finan%C3%A7as101/videos,sim,nao_se_aplica,confirmado,sim,origem,concluido,resumo_ou_metadados_recuperados,canal Financas 101 vinculado pelo perfil institucional FGV
Financas 101,videos_podcasts,manifestacao-f10b9a7bdcfadd,hsia-10a71a985fec,hsia-10a71a985fec,nao_se_aplica,origem,audiovisual,CAPM - Entenda a intuição de uma vez por todas,2021,2021-06-02,video_educacional,Hsia Hua Sheng,apresentador,https://www.youtube.com/watch?v=JvqsZXpKa-k,https://www.youtube.com/watch?v=JvqsZXpKa-k,https://www.youtube.com/@Finan%C3%A7as101/videos,sim,nao_se_aplica,confirmado,sim,origem,concluido,resumo_ou_metadados_recuperados,canal Financas 101 vinculado pelo perfil institucional FGV
Financas 101,videos_podcasts,manifestacao-d9eb14f5330d0e,hsia-3164b9a2dedf,hsia-3164b9a2dedf,nao_se_aplica,origem,audiovisual,CDB - Certificado de Depósito Bancário,2015,2015-05-24,video_educacional,Hsia Hua Sheng,apresentador,https://www.youtube.com/watch?v=u572-NBDzC0,https://www.youtube.com/watch?v=u572-NBDzC0,https://www.youtube.com/@Finan%C3%A7as101/videos,sim,nao_se_aplica,confirmado,sim,origem,concluido,resumo_ou_metadados_recuperados,canal Financas 101 vinculado pelo perfil institucional FGV
Financas 101,videos_podcasts,manifestacao-eb2433670a3ce8,hsia-61e790080fb4,hsia-61e790080fb4,nao_se_aplica,origem,audiovisual,CDI e Taxa DI,2015,2015-05-24,video_educacional,Hsia Hua Sheng,apresentador,https://www.youtube.com/watch?v=66bpdAH5p8c,https://www.youtube.com/watch?v=66bpdAH5p8c,https://www.youtube.com/@Finan%C3%A7as101/videos,sim,nao_se_aplica,confirmado,sim,origem,concluido,resumo_ou_metadados_recuperados,canal Financas 101 vinculado pelo perfil institucional FGV
Financas 101,videos_podcasts,manifestacao-61dcda29022386,hsia-cda3b17a7daa,hsia-cda3b17a7daa,nao_se_aplica,origem,audiovisual,CETIP - Central de Liquidação e Custódia de Títulos,2016,2016-11-17,video_educacional,Hsia Hua Sheng,apresentador,https://www.youtube.com/watch?v=0cS9opNofdY,https://www.youtube.com/watch?v=0cS9opNofdY,https://www.youtube.com/@Finan%C3%A7as101/videos,sim,nao_se_aplica,confirmado,sim,origem,concluido,resumo_ou_metadados_recuperados,canal Financas 101 vinculado pelo perfil institucional FGV
Financas 101,videos_podcasts,manifestacao-3b1baaea34ec62,hsia-d9180465eaa0,hsia-d9180465eaa0,nao_se_aplica,origem,audiovisual,CMN - Conselho Monetário Nacional,2016,2016-02-04,video_educacional,Hsia Hua Sheng,apresentador,https://www.youtube.com/watch?v=WsXU1TUvlIU,https://www.youtube.com/watch?v=WsXU1TUvlIU,https://www.youtube.com/@Finan%C3%A7as101/videos,sim,nao_se_aplica,confirmado,sim,origem,concluido,resumo_ou_metadados_recuperados,canal Financas 101 vinculado pelo perfil institucional FGV
Financas 101,videos_podcasts,manifestacao-301b366f559dc5,hsia-bad1bc117cc9,hsia-bad1bc117cc9,nao_se_aplica,origem,audiovisual,COAF - Conselho de Controle de Atividades Financeiras,2017,2017-08-17,video_educacional,Hsia Hua Sheng,apresentador,https://www.youtube.com/watch?v=m8m-yMtmp5c,https://www.youtube.com/watch?v=m8m-yMtmp5c,https://www.youtube.com/@Finan%C3%A7as101/videos,sim,nao_se_aplica,confirmado,sim,origem,concluido,resumo_ou_metadados_recuperados,canal Financas 101 vinculado pelo perfil institucional FGV
Financas 101,videos_podcasts,manifestacao-5dd60fe3761a7f,hsia-be445daa4993,hsia-be445daa4993,nao_se_aplica,origem,audiovisual,COE - Certificado de Operações Estruturadas,2015,2015-08-20,video_educacional,Hsia Hua Sheng,apresentador,https://www.youtube.com/watch?v=i8IhGDVvi3M,https://www.youtube.com/watch?v=i8IhGDVvi3M,https://www.youtube.com/@Finan%C3%A7as101/videos,sim,nao_se_aplica,confirmado,sim,origem,concluido,resumo_ou_metadados_recuperados,canal Financas 101 vinculado pelo perfil institucional FGV
Financas 101,videos_podcasts,manifestacao-fde3e83df27312,hsia-df61e38908e7,hsia-df61e38908e7,nao_se_aplica,origem,audiovisual,COPOM - Comitê de Política Monetária,2015,2015-10-14,video_educacional,Hsia Hua Sheng,apresentador,https://www.youtube.com/watch?v=9IE4txin0W4,https://www.youtube.com/watch?v=9IE4txin0W4,https://www.youtube.com/@Finan%C3%A7as101/videos,sim,nao_se_aplica,confirmado,sim,origem,concluido,resumo_ou_metadados_recuperados,canal Financas 101 vinculado pelo perfil institucional FGV
Financas 101,videos_podcasts,manifestacao-5b68bcec89e543,hsia-1787c3957fb7,hsia-1787c3957fb7,nao_se_aplica,origem,audiovisual,CVM - Comissão de Valores Mobiliários,2017,2017-01-12,video_educacional,Hsia Hua Sheng,apresentador,https://www.youtube.com/watch?v=dP4WJygvW6I,https://www.youtube.com/watch?v=dP4WJygvW6I,https://www.youtube.com/@Finan%C3%A7as101/videos,sim,nao_se_aplica,confirmado,sim,origem,concluido,resumo_ou_metadados_recuperados,canal Financas 101 vinculado pelo perfil institucional FGV
Financas 101,videos_podcasts,manifestacao-7c4e83ee099a6d,hsia-ece8c4cfedc0,hsia-ece8c4cfedc0,nao_se_aplica,origem,audiovisual,Carreiras em Finanças,2017,2017-03-16,video_educacional,Hsia Hua Sheng,apresentador,https://www.youtube.com/watch?v=b4gAGQ5kveY,https://www.youtube.com/watch?v=b4gAGQ5kveY,https://www.youtube.com/@Finan%C3%A7as101/videos,sim,nao_se_aplica,confirmado,sim,origem,concluido,resumo_ou_metadados_recuperados,canal Financas 101 vinculado pelo perfil institucional FGV
Financas 101,videos_podcasts,manifestacao-031160fc776167,hsia-5ddb2501a3a4,hsia-5ddb2501a3a4,nao_se_aplica,origem,audiovisual,Certificações Financeiras,2016,2016-10-20,video_educacional,Hsia Hua Sheng,apresentador,https://www.youtube.com/watch?v=Z5hUuBnlchE,https://www.youtube.com/watch?v=Z5hUuBnlchE,https://www.youtube.com/@Finan%C3%A7as101/videos,sim,nao_se_aplica,confirmado,sim,origem,concluido,resumo_ou_metadados_recuperados,canal Financas 101 vinculado pelo perfil institucional FGV
Financas 101,videos_podcasts,manifestacao-6b6e929c68b8cc,hsia-0b00d7887369,hsia-0b00d7887369,nao_se_aplica,origem,audiovisual,Classificação dos Gastos: Custos e Despesas,2021,2021-07-14,video_educacional,Hsia Hua Sheng,apresentador,https://www.youtube.com/watch?v=hOqB8xSEB24,https://www.youtube.com/watch?v=hOqB8xSEB24,https://www.youtube.com/@Finan%C3%A7as101/videos,sim,nao_se_aplica,confirmado,sim,origem,concluido,resumo_ou_metadados_recuperados,canal Financas 101 vinculado pelo perfil institucional FGV
Financas 101,videos_podcasts,manifestacao-b1ae6a916c93b0,hsia-c7c734042e6d,hsia-c7c734042e6d,nao_se_aplica,origem,audiovisual,Clearings - Câmaras de Compensação,2016,2016-09-29,video_educacional,Hsia Hua Sheng,apresentador,https://www.youtube.com/watch?v=u2iIwHOF85k,https://www.youtube.com/watch?v=u2iIwHOF85k,https://www.youtube.com/@Finan%C3%A7as101/videos,sim,nao_se_aplica,confirmado,sim,origem,concluido,resumo_ou_metadados_recuperados,canal Financas 101 vinculado pelo perfil institucional FGV
Financas 101,videos_podcasts,manifestacao-d7bcabd950ece4,hsia-e3cf551cb264,hsia-e3cf551cb264,nao_se_aplica,origem,audiovisual,Come Cotas,2015,2015-08-05,video_educacional,Hsia Hua Sheng,apresentador,https://www.youtube.com/watch?v=zqemfnBq2E8,https://www.youtube.com/watch?v=zqemfnBq2E8,https://www.youtube.com/@Finan%C3%A7as101/videos,sim,nao_se_aplica,confirmado,sim,origem,concluido,resumo_ou_metadados_recuperados,canal Financas 101 vinculado pelo perfil institucional FGV
Financas 101,videos_podcasts,manifestacao-1dcad06e463136,hsia-2ae183c90800,hsia-2ae183c90800,nao_se_aplica,origem,audiovisual,Como Calcular o EVA - Economic Value Added,2021,2021-07-20,video_educacional,Hsia Hua Sheng,apresentador,https://www.youtube.com/watch?v=f4RkrjU_tAI,https://www.youtube.com/watch?v=f4RkrjU_tAI,https://www.youtube.com/@Finan%C3%A7as101/videos,sim,nao_se_aplica,confirmado,sim,origem,concluido,resumo_ou_metadados_recuperados,canal Financas 101 vinculado pelo perfil institucional FGV
Financas 101,videos_podcasts,manifestacao-781f87272e5ce9,hsia-b1e0690b3df5,hsia-b1e0690b3df5,nao_se_aplica,origem,audiovisual,Como funciona o Novo Rotativo,2017,2017-05-11,video_educacional,Hsia Hua Sheng,apresentador,https://www.youtube.com/watch?v=0kBmNG_3BhY,https://www.youtube.com/watch?v=0kBmNG_3BhY,https://www.youtube.com/@Finan%C3%A7as101/videos,sim,nao_se_aplica,confirmado,sim,origem,concluido,resumo_ou_metadados_recuperados,canal Financas 101 vinculado pelo perfil institucional FGV
Financas 101,videos_podcasts,manifestacao-4c0c27904b0d06,hsia-b09654210923,hsia-b09654210923,nao_se_aplica,origem,audiovisual,Comércio Internacional e os Excedentes do Consumidor e Produtor,2021,2021-06-11,video_educacional,Hsia Hua Sheng,apresentador,https://www.youtube.com/watch?v=Xq3-JldeDcU,https://www.youtube.com/watch?v=Xq3-JldeDcU,https://www.youtube.com/@Finan%C3%A7as101/videos,sim,nao_se_aplica,confirmado,sim,origem,concluido,resumo_ou_metadados_recuperados,canal Financas 101 vinculado pelo perfil institucional FGV
Financas 101,videos_podcasts,manifestacao-49cc1a6d430005,hsia-0d15b5683e9b,hsia-0d15b5683e9b,nao_se_aplica,origem,audiovisual,Concorrência Monopolística,2021,2021-07-30,video_educacional,Hsia Hua Sheng,apresentador,https://www.youtube.com/watch?v=KaruQP2L9m8,https://www.youtube.com/watch?v=KaruQP2L9m8,https://www.youtube.com/@Finan%C3%A7as101/videos,sim,nao_se_aplica,confirmado,sim,origem,concluido,resumo_ou_metadados_recuperados,canal Financas 101 vinculado pelo perfil institucional FGV
Financas 101,videos_podcasts,manifestacao-266565930d2bfb,hsia-9ddc88d82406,hsia-9ddc88d82406,nao_se_aplica,origem,audiovisual,Concorrência Perfeita - Mercados Competitivos,2021,2021-07-12,video_educacional,Hsia Hua Sheng,apresentador,https://www.youtube.com/watch?v=1lhvQuFRojU,https://www.youtube.com/watch?v=1lhvQuFRojU,https://www.youtube.com/@Finan%C3%A7as101/videos,sim,nao_se_aplica,confirmado,sim,origem,concluido,resumo_ou_metadados_recuperados,canal Financas 101 vinculado pelo perfil institucional FGV
Financas 101,videos_podcasts,manifestacao-0b3702d0dbf172,hsia-0ba8c8930d2a,hsia-0ba8c8930d2a,nao_se_aplica,origem,audiovisual,Contas Externas e Balanço de Pagamentos,2015,2015-11-12,video_educacional,Hsia Hua Sheng,apresentador,https://www.youtube.com/watch?v=PDv3p-H-VcY,https://www.youtube.com/watch?v=PDv3p-H-VcY,https://www.youtube.com/@Finan%C3%A7as101/videos,sim,nao_se_aplica,confirmado,sim,origem,concluido,resumo_ou_metadados_recuperados,canal Financas 101 vinculado pelo perfil institucional FGV
Financas 101,videos_podcasts,manifestacao-0cb233ef08648e,hsia-446fc6f573a9,hsia-446fc6f573a9,nao_se_aplica,origem,audiovisual,Contrato a Termo e Contrato Futuro,2016,2016-10-06,video_educacional,Hsia Hua Sheng,apresentador,https://www.youtube.com/watch?v=OF2R61bmtCg,https://www.youtube.com/watch?v=OF2R61bmtCg,https://www.youtube.com/@Finan%C3%A7as101/videos,sim,nao_se_aplica,confirmado,sim,origem,concluido,resumo_ou_metadados_recuperados,canal Financas 101 vinculado pelo perfil institucional FGV
Financas 101,videos_podcasts,manifestacao-39881867baa1f8,hsia-fc4e5262da16,hsia-fc4e5262da16,nao_se_aplica,origem,audiovisual,Controles Internos e Compliance,2017,2017-04-06,video_educacional,Hsia Hua Sheng,apresentador,https://www.youtube.com/watch?v=94ERKbrCPDM,https://www.youtube.com/watch?v=94ERKbrCPDM,https://www.youtube.com/@Finan%C3%A7as101/videos,sim,nao_se_aplica,confirmado,sim,origem,concluido,resumo_ou_metadados_recuperados,canal Financas 101 vinculado pelo perfil institucional FGV
Financas 101,videos_podcasts,manifestacao-1b612e1b69cbcc,hsia-0172fe91af29,hsia-0172fe91af29,nao_se_aplica,origem,audiovisual,Cooperativa de Crédito,2017,2017-01-26,video_educacional,Hsia Hua Sheng,apresentador,https://www.youtube.com/watch?v=xvr2uXU-z98,https://www.youtube.com/watch?v=xvr2uXU-z98,https://www.youtube.com/@Finan%C3%A7as101/videos,sim,nao_se_aplica,confirmado,sim,origem,concluido,resumo_ou_metadados_recuperados,canal Financas 101 vinculado pelo perfil institucional FGV
Financas 101,videos_podcasts,manifestacao-ddd81f5280c580,hsia-7b4b965e5422,hsia-7b4b965e5422,nao_se_aplica,origem,audiovisual,Cooperação - Teoria dos Jogos,2022,2022-05-09,video_educacional,Hsia Hua Sheng,apresentador,https://www.youtube.com/watch?v=gKiwFTCxHZw,https://www.youtube.com/watch?v=gKiwFTCxHZw,https://www.youtube.com/@Finan%C3%A7as101/videos,sim,nao_se_aplica,confirmado,sim,origem,concluido,resumo_ou_metadados_recuperados,canal Financas 101 vinculado pelo perfil institucional FGV
Financas 101,videos_podcasts,manifestacao-6f564f851ef674,hsia-77731fd67b60,hsia-77731fd67b60,nao_se_aplica,origem,audiovisual,Corretoras e Distribuidoras,2017,2017-01-19,video_educacional,Hsia Hua Sheng,apresentador,https://www.youtube.com/watch?v=3ZLuGhWd9zI,https://www.youtube.com/watch?v=3ZLuGhWd9zI,https://www.youtube.com/@Finan%C3%A7as101/videos,sim,nao_se_aplica,confirmado,sim,origem,concluido,resumo_ou_metadados_recuperados,canal Financas 101 vinculado pelo perfil institucional FGV
Financas 101,videos_podcasts,manifestacao-2e11e983863d68,hsia-7cf68e0bcdea,hsia-7cf68e0bcdea,nao_se_aplica,origem,audiovisual,Cotas de Fundos de Investimento,2017,2017-03-23,video_educacional,Hsia Hua Sheng,apresentador,https://www.youtube.com/watch?v=AQzexpeM06A,https://www.youtube.com/watch?v=AQzexpeM06A,https://www.youtube.com/@Finan%C3%A7as101/videos,sim,nao_se_aplica,confirmado,sim,origem,concluido,resumo_ou_metadados_recuperados,canal Financas 101 vinculado pelo perfil institucional FGV
Financas 101,videos_podcasts,manifestacao-8c001940f1f88e,hsia-542f6f998506,hsia-542f6f998506,nao_se_aplica,origem,audiovisual,Covariância e Correlação,2021,2021-01-27,video_educacional,Hsia Hua Sheng,apresentador,https://www.youtube.com/watch?v=6ard2U5URpU,https://www.youtube.com/watch?v=6ard2U5URpU,https://www.youtube.com/@Finan%C3%A7as101/videos,sim,nao_se_aplica,confirmado,sim,origem,concluido,resumo_ou_metadados_recuperados,canal Financas 101 vinculado pelo perfil institucional FGV
Financas 101,videos_podcasts,manifestacao-911747154676a1,hsia-4f0f54925ba0,hsia-4f0f54925ba0,nao_se_aplica,origem,audiovisual,Cupom Cambial,2016,2016-07-21,video_educacional,Hsia Hua Sheng,apresentador,https://www.youtube.com/watch?v=H-yz-aVxhGE,https://www.youtube.com/watch?v=H-yz-aVxhGE,https://www.youtube.com/@Finan%C3%A7as101/videos,sim,nao_se_aplica,confirmado,sim,origem,concluido,resumo_ou_metadados_recuperados,canal Financas 101 vinculado pelo perfil institucional FGV
Financas 101,videos_podcasts,manifestacao-d96d94828d74e5,hsia-2065f4781bec,hsia-2065f4781bec,nao_se_aplica,origem,audiovisual,Curva de Phillips: Tradeoff entre Inflação e Desemprego no Curto Prazo,2020,2020-09-19,video_educacional,Hsia Hua Sheng,apresentador,https://www.youtube.com/watch?v=gpZ2qPeJS9k,https://www.youtube.com/watch?v=gpZ2qPeJS9k,https://www.youtube.com/@Finan%C3%A7as101/videos,sim,nao_se_aplica,confirmado,sim,origem,concluido,resumo_ou_metadados_recuperados,canal Financas 101 vinculado pelo perfil institucional FGV
Financas 101,videos_podcasts,manifestacao-6b026bcd5897b7,hsia-5bef624f9641,hsia-5bef624f9641,nao_se_aplica,origem,audiovisual,Curva de Swap DI x Pré - Entenda o que é e como utilizar,2016,2016-12-08,video_educacional,Hsia Hua Sheng,apresentador,https://www.youtube.com/watch?v=wvjQtK1HU7M,https://www.youtube.com/watch?v=wvjQtK1HU7M,https://www.youtube.com/@Finan%C3%A7as101/videos,sim,nao_se_aplica,confirmado,sim,origem,concluido,resumo_ou_metadados_recuperados,canal Financas 101 vinculado pelo perfil institucional FGV
Financas 101,videos_podcasts,manifestacao-1a2ce0f218b9fe,hsia-b67cd0412189,hsia-b67cd0412189,nao_se_aplica,origem,audiovisual,Curva e Distribuição Normal Padrão,2020,2020-12-31,video_educacional,Hsia Hua Sheng,apresentador,https://www.youtube.com/watch?v=X-zO5QT_Qjk,https://www.youtube.com/watch?v=X-zO5QT_Qjk,https://www.youtube.com/@Finan%C3%A7as101/videos,sim,nao_se_aplica,confirmado,sim,origem,concluido,resumo_ou_metadados_recuperados,canal Financas 101 vinculado pelo perfil institucional FGV
Financas 101,videos_podcasts,manifestacao-c8fd500917691b,hsia-67968e924115,hsia-67968e924115,nao_se_aplica,origem,audiovisual,Custo da Tributação - O Peso Morto dos Impostos,2021,2021-05-27,video_educacional,Hsia Hua Sheng,apresentador,https://www.youtube.com/watch?v=sESjVvuNkqQ,https://www.youtube.com/watch?v=sESjVvuNkqQ,https://www.youtube.com/@Finan%C3%A7as101/videos,sim,nao_se_aplica,confirmado,sim,origem,concluido,resumo_ou_metadados_recuperados,canal Financas 101 vinculado pelo perfil institucional FGV
Financas 101,videos_podcasts,manifestacao-e8ef4a45a05141,hsia-45318054a9f8,hsia-45318054a9f8,nao_se_aplica,origem,audiovisual,Custo de Oportunidade,2021,2021-07-05,video_educacional,Hsia Hua Sheng,apresentador,https://www.youtube.com/watch?v=gDCUUMGAuD0,https://www.youtube.com/watch?v=gDCUUMGAuD0,https://www.youtube.com/@Finan%C3%A7as101/videos,sim,nao_se_aplica,confirmado,sim,origem,concluido,resumo_ou_metadados_recuperados,canal Financas 101 vinculado pelo perfil institucional FGV
Financas 101,videos_podcasts,manifestacao-ca5a3a83a552fb,hsia-e2f1168ca827,hsia-e2f1168ca827,nao_se_aplica,origem,audiovisual,Custo do Cartão de Crédito,2016,2016-02-25,video_educacional,Hsia Hua Sheng,apresentador,https://www.youtube.com/watch?v=P5yRf0isMlw,https://www.youtube.com/watch?v=P5yRf0isMlw,https://www.youtube.com/@Finan%C3%A7as101/videos,sim,nao_se_aplica,confirmado,sim,origem,concluido,resumo_ou_metadados_recuperados,canal Financas 101 vinculado pelo perfil institucional FGV
Financas 101,videos_podcasts,manifestacao-c546650760f548,hsia-1ff52bf34f45,hsia-1ff52bf34f45,nao_se_aplica,origem,audiovisual,Custos de Produção na Perspectiva Econômica,2021,2021-08-12,video_educacional,Hsia Hua Sheng,apresentador,https://www.youtube.com/watch?v=bGRjTZroIPQ,https://www.youtube.com/watch?v=bGRjTZroIPQ,https://www.youtube.com/@Finan%C3%A7as101/videos,sim,nao_se_aplica,confirmado,sim,origem,concluido,resumo_ou_metadados_recuperados,canal Financas 101 vinculado pelo perfil institucional FGV
Financas 101,videos_podcasts,manifestacao-8eb5d7b8a0f057,hsia-d216a16143f7,hsia-d216a16143f7,nao_se_aplica,origem,audiovisual,Câmbio e Política Cambial,2015,2015-07-30,video_educacional,Hsia Hua Sheng,apresentador,https://www.youtube.com/watch?v=Gc3GkBILLtM,https://www.youtube.com/watch?v=Gc3GkBILLtM,https://www.youtube.com/@Finan%C3%A7as101/videos,sim,nao_se_aplica,confirmado,sim,origem,concluido,resumo_ou_metadados_recuperados,canal Financas 101 vinculado pelo perfil institucional FGV
Financas 101,videos_podcasts,manifestacao-7bdb6f58fe9b76,hsia-2a2a134b06e8,hsia-2a2a134b06e8,nao_se_aplica,origem,audiovisual,Código de Distribuição de Produtos de Investimento no Varejo,2017,2017-06-01,video_educacional,Hsia Hua Sheng,apresentador,https://www.youtube.com/watch?v=8u8dO5zo4M8,https://www.youtube.com/watch?v=8u8dO5zo4M8,https://www.youtube.com/@Finan%C3%A7as101/videos,sim,nao_se_aplica,confirmado,sim,origem,concluido,resumo_ou_metadados_recuperados,canal Financas 101 vinculado pelo perfil institucional FGV
Financas 101,videos_podcasts,manifestacao-eafb8c21d42104,hsia-fc4f72769527,hsia-fc4f72769527,nao_se_aplica,origem,audiovisual,Day Trade,2017,2017-09-14,video_educacional,Hsia Hua Sheng,apresentador,https://www.youtube.com/watch?v=E6eAI9MjPHg,https://www.youtube.com/watch?v=E6eAI9MjPHg,https://www.youtube.com/@Finan%C3%A7as101/videos,sim,nao_se_aplica,confirmado,sim,origem,concluido,resumo_ou_metadados_recuperados,canal Financas 101 vinculado pelo perfil institucional FGV
Financas 101,videos_podcasts,manifestacao-30756864dd6304,hsia-25ec1f7dde70,hsia-25ec1f7dde70,nao_se_aplica,origem,audiovisual,Debêntures,2015,2015-06-14,video_educacional,Hsia Hua Sheng,apresentador,https://www.youtube.com/watch?v=sxiVY-SiKME,https://www.youtube.com/watch?v=sxiVY-SiKME,https://www.youtube.com/@Finan%C3%A7as101/videos,sim,nao_se_aplica,confirmado,sim,origem,concluido,resumo_ou_metadados_recuperados,canal Financas 101 vinculado pelo perfil institucional FGV
Financas 101,videos_podcasts,manifestacao-7e14642a9dcae3,hsia-a37cdb00d1fe,hsia-a37cdb00d1fe,nao_se_aplica,origem,audiovisual,Derivativos,2016,2016-05-05,video_educacional,Hsia Hua Sheng,apresentador,https://www.youtube.com/watch?v=MwSJSlgQJsA,https://www.youtube.com/watch?v=MwSJSlgQJsA,https://www.youtube.com/@Finan%C3%A7as101/videos,sim,nao_se_aplica,confirmado,sim,origem,concluido,resumo_ou_metadados_recuperados,canal Financas 101 vinculado pelo perfil institucional FGV
Financas 101,videos_podcasts,manifestacao-39c0a43a22c0b2,hsia-fa796fcb03ae,hsia-fa796fcb03ae,nao_se_aplica,origem,audiovisual,Derivativos - Mercado Futuro e a Termo,2020,2020-09-17,video_educacional,Hsia Hua Sheng,apresentador,https://www.youtube.com/watch?v=AX18fpbCZWY,https://www.youtube.com/watch?v=AX18fpbCZWY,https://www.youtube.com/@Finan%C3%A7as101/videos,sim,nao_se_aplica,confirmado,sim,origem,concluido,resumo_ou_metadados_recuperados,canal Financas 101 vinculado pelo perfil institucional FGV
Financas 101,videos_podcasts,manifestacao-f3fcaace377346,hsia-e4d189199096,hsia-e4d189199096,nao_se_aplica,origem,audiovisual,Derivativos - Opções e Swaps,2020,2020-09-24,video_educacional,Hsia Hua Sheng,apresentador,https://www.youtube.com/watch?v=Ne6m7OMaYAE,https://www.youtube.com/watch?v=Ne6m7OMaYAE,https://www.youtube.com/@Finan%C3%A7as101/videos,sim,nao_se_aplica,confirmado,sim,origem,concluido,resumo_ou_metadados_recuperados,canal Financas 101 vinculado pelo perfil institucional FGV
Financas 101,videos_podcasts,manifestacao-c1b97a1356a388,hsia-ede31960c1dd,hsia-ede31960c1dd,nao_se_aplica,origem,audiovisual,"Desemprego - O que é, tipos e causas",2020,2020-09-19,video_educacional,Hsia Hua Sheng,apresentador,https://www.youtube.com/watch?v=qPnx6KJligI,https://www.youtube.com/watch?v=qPnx6KJligI,https://www.youtube.com/@Finan%C3%A7as101/videos,sim,nao_se_aplica,confirmado,sim,origem,concluido,resumo_ou_metadados_recuperados,canal Financas 101 vinculado pelo perfil institucional FGV
Financas 101,videos_podcasts,manifestacao-8bd43fb81b149f,hsia-4104a7e9fcc9,hsia-4104a7e9fcc9,nao_se_aplica,origem,audiovisual,Determinantes do Preço de uma Opção de Compra (Call),2021,2021-06-02,video_educacional,Hsia Hua Sheng,apresentador,https://www.youtube.com/watch?v=lQJTWNhb9uU,https://www.youtube.com/watch?v=lQJTWNhb9uU,https://www.youtube.com/@Finan%C3%A7as101/videos,sim,nao_se_aplica,confirmado,sim,origem,concluido,resumo_ou_metadados_recuperados,canal Financas 101 vinculado pelo perfil institucional FGV
Financas 101,videos_podcasts,manifestacao-1382d7d29a7386,hsia-e1ebce6c7637,hsia-e1ebce6c7637,nao_se_aplica,origem,audiovisual,Dilema do Prisioneiro - Teoria dos Jogos,2021,2021-07-25,video_educacional,Hsia Hua Sheng,apresentador,https://www.youtube.com/watch?v=YyLltum9T1E,https://www.youtube.com/watch?v=YyLltum9T1E,https://www.youtube.com/@Finan%C3%A7as101/videos,sim,nao_se_aplica,confirmado,sim,origem,concluido,resumo_ou_metadados_recuperados,canal Financas 101 vinculado pelo perfil institucional FGV
Financas 101,videos_podcasts,manifestacao-17d0cf03d75008,hsia-9f4a1026091a,hsia-9f4a1026091a,nao_se_aplica,origem,audiovisual,Distribuidor de Fundos de Investimento,2015,2015-09-10,video_educacional,Hsia Hua Sheng,apresentador,https://www.youtube.com/watch?v=a95s1BgjzXo,https://www.youtube.com/watch?v=a95s1BgjzXo,https://www.youtube.com/@Finan%C3%A7as101/videos,sim,nao_se_aplica,confirmado,sim,origem,concluido,resumo_ou_metadados_recuperados,canal Financas 101 vinculado pelo perfil institucional FGV
Financas 101,videos_podcasts,manifestacao-fa67b96cc917aa,hsia-29e477b3eec8,hsia-29e477b3eec8,nao_se_aplica,origem,audiovisual,Distribuição Amostral,2021,2021-01-04,video_educacional,Hsia Hua Sheng,apresentador,https://www.youtube.com/watch?v=3lNF795u0nA,https://www.youtube.com/watch?v=3lNF795u0nA,https://www.youtube.com/@Finan%C3%A7as101/videos,sim,nao_se_aplica,confirmado,sim,origem,concluido,resumo_ou_metadados_recuperados,canal Financas 101 vinculado pelo perfil institucional FGV
Financas 101,videos_podcasts,manifestacao-54190a9dceaaf7,hsia-084487746336,hsia-084487746336,nao_se_aplica,origem,audiovisual,Duration,2017,2017-07-06,video_educacional,Hsia Hua Sheng,apresentador,https://www.youtube.com/watch?v=7vol1DiIg_4,https://www.youtube.com/watch?v=7vol1DiIg_4,https://www.youtube.com/@Finan%C3%A7as101/videos,sim,nao_se_aplica,confirmado,sim,origem,concluido,resumo_ou_metadados_recuperados,canal Financas 101 vinculado pelo perfil institucional FGV
Financas 101,videos_podcasts,manifestacao-9c92b949489de7,hsia-726634c08449,hsia-726634c08449,nao_se_aplica,origem,audiovisual,EVA - Economic Value Added - Resultado Econômico,2021,2021-07-08,video_educacional,Hsia Hua Sheng,apresentador,https://www.youtube.com/watch?v=Dqk3VZG-8JQ,https://www.youtube.com/watch?v=Dqk3VZG-8JQ,https://www.youtube.com/@Finan%C3%A7as101/videos,sim,nao_se_aplica,confirmado,sim,origem,concluido,resumo_ou_metadados_recuperados,canal Financas 101 vinculado pelo perfil institucional FGV
Financas 101,videos_podcasts,manifestacao-0bc0b0e5ae78e7,hsia-8269dae40ee4,hsia-8269dae40ee4,nao_se_aplica,origem,audiovisual,Efeito da Variação Cambial na Economia,2017,2017-02-09,video_educacional,Hsia Hua Sheng,apresentador,https://www.youtube.com/watch?v=ciCakxVY9cE,https://www.youtube.com/watch?v=ciCakxVY9cE,https://www.youtube.com/@Finan%C3%A7as101/videos,sim,nao_se_aplica,confirmado,sim,origem,concluido,resumo_ou_metadados_recuperados,canal Financas 101 vinculado pelo perfil institucional FGV
Financas 101,videos_podcasts,manifestacao-cf1c2cf5bc8639,hsia-d543d2eb7939,hsia-d543d2eb7939,nao_se_aplica,origem,audiovisual,Efeitos da Alteração da Taxa de Juros na Economia,2015,2015-11-05,video_educacional,Hsia Hua Sheng,apresentador,https://www.youtube.com/watch?v=e4cPlopBKyY,https://www.youtube.com/watch?v=e4cPlopBKyY,https://www.youtube.com/@Finan%C3%A7as101/videos,sim,nao_se_aplica,confirmado,sim,origem,concluido,resumo_ou_metadados_recuperados,canal Financas 101 vinculado pelo perfil institucional FGV
Financas 101,videos_podcasts,manifestacao-6f1146619f1292,hsia-a749ff55ad20,hsia-a749ff55ad20,nao_se_aplica,origem,audiovisual,Emissão e Negociação de Títulos Públicos,2015,2015-05-24,video_educacional,Hsia Hua Sheng,apresentador,https://www.youtube.com/watch?v=ktH6C1d1qlQ,https://www.youtube.com/watch?v=ktH6C1d1qlQ,https://www.youtube.com/@Finan%C3%A7as101/videos,sim,nao_se_aplica,confirmado,sim,origem,concluido,resumo_ou_metadados_recuperados,canal Financas 101 vinculado pelo perfil institucional FGV
Financas 101,videos_podcasts,manifestacao-d52e2aa28086ad,hsia-38dab0af5be6,hsia-38dab0af5be6,nao_se_aplica,origem,audiovisual,"Especulação, Alavancagem e Conta Margem",2017,2017-03-02,video_educacional,Hsia Hua Sheng,apresentador,https://www.youtube.com/watch?v=kuj_HYqJHQc,https://www.youtube.com/watch?v=kuj_HYqJHQc,https://www.youtube.com/@Finan%C3%A7as101/videos,sim,nao_se_aplica,confirmado,sim,origem,concluido,resumo_ou_metadados_recuperados,canal Financas 101 vinculado pelo perfil institucional FGV
Financas 101,videos_podcasts,manifestacao-e01843fd6b60e7,hsia-db86d44338ee,hsia-db86d44338ee,nao_se_aplica,origem,audiovisual,Estimação por Intervalo de Confiança,2020,2020-11-19,video_educacional,Hsia Hua Sheng,apresentador,https://www.youtube.com/watch?v=Vj0Vi9d78ys,https://www.youtube.com/watch?v=Vj0Vi9d78ys,https://www.youtube.com/@Finan%C3%A7as101/videos,sim,nao_se_aplica,confirmado,sim,origem,concluido,resumo_ou_metadados_recuperados,canal Financas 101 vinculado pelo perfil institucional FGV
Financas 101,videos_podcasts,manifestacao-e29dc0ba179038,hsia-e79cb8abe535,hsia-e79cb8abe535,nao_se_aplica,origem,audiovisual,"Estratégia Tit for Tat - Olho por Olho, Dente por Dente",2021,2021-09-27,video_educacional,Hsia Hua Sheng,apresentador,https://www.youtube.com/watch?v=XFUwg5zMCIA,https://www.youtube.com/watch?v=XFUwg5zMCIA,https://www.youtube.com/@Finan%C3%A7as101/videos,sim,nao_se_aplica,confirmado,sim,origem,concluido,resumo_ou_metadados_recuperados,canal Financas 101 vinculado pelo perfil institucional FGV
Financas 101,videos_podcasts,manifestacao-0a6a133ee2d5d2,hsia-6e64476a7fb1,hsia-6e64476a7fb1,nao_se_aplica,origem,audiovisual,Estrutura Temporal de Taxas de Juros,2015,2015-07-01,video_educacional,Hsia Hua Sheng,apresentador,https://www.youtube.com/watch?v=Si2jBkGCTWE,https://www.youtube.com/watch?v=Si2jBkGCTWE,https://www.youtube.com/@Finan%C3%A7as101/videos,sim,nao_se_aplica,confirmado,sim,origem,concluido,resumo_ou_metadados_recuperados,canal Financas 101 vinculado pelo perfil institucional FGV
Financas 101,videos_podcasts,manifestacao-a7c903efc179ae,hsia-9142aadfb52a,hsia-9142aadfb52a,nao_se_aplica,origem,audiovisual,Excedente do Consumidor e do Produtor,2020,2020-08-13,video_educacional,Hsia Hua Sheng,apresentador,https://www.youtube.com/watch?v=c7zTcxS354Q,https://www.youtube.com/watch?v=c7zTcxS354Q,https://www.youtube.com/@Finan%C3%A7as101/videos,sim,nao_se_aplica,confirmado,sim,origem,concluido,resumo_ou_metadados_recuperados,canal Financas 101 vinculado pelo perfil institucional FGV
Financas 101,videos_podcasts,manifestacao-ea622979635035,hsia-2cb21ab1cd3b,hsia-2cb21ab1cd3b,nao_se_aplica,origem,audiovisual,Externalidades,2020,2020-09-03,video_educacional,Hsia Hua Sheng,apresentador,https://www.youtube.com/watch?v=w2DYvXKkN2U,https://www.youtube.com/watch?v=w2DYvXKkN2U,https://www.youtube.com/@Finan%C3%A7as101/videos,sim,nao_se_aplica,confirmado,sim,origem,concluido,resumo_ou_metadados_recuperados,canal Financas 101 vinculado pelo perfil institucional FGV
Financas 101,videos_podcasts,manifestacao-d0f5f9ddd1540a,hsia-5af5f2fc0c64,hsia-5af5f2fc0c64,nao_se_aplica,origem,audiovisual,FGC Fundo Garantidor de Créditos,2016,2016-05-12,video_educacional,Hsia Hua Sheng,apresentador,https://www.youtube.com/watch?v=wl8LkG7eoTk,https://www.youtube.com/watch?v=wl8LkG7eoTk,https://www.youtube.com/@Finan%C3%A7as101/videos,sim,nao_se_aplica,confirmado,sim,origem,concluido,resumo_ou_metadados_recuperados,canal Financas 101 vinculado pelo perfil institucional FGV
Financas 101,videos_podcasts,manifestacao-fedfe8928dede1,hsia-4273c5ad3da1,hsia-4273c5ad3da1,nao_se_aplica,origem,audiovisual,FIDC - Fundo de Investimento em Direitos Creditórios,2015,2015-09-24,video_educacional,Hsia Hua Sheng,apresentador,https://www.youtube.com/watch?v=1zUQ8TzomOk,https://www.youtube.com/watch?v=1zUQ8TzomOk,https://www.youtube.com/@Finan%C3%A7as101/videos,sim,nao_se_aplica,confirmado,sim,origem,concluido,resumo_ou_metadados_recuperados,canal Financas 101 vinculado pelo perfil institucional FGV
Financas 101,videos_podcasts,manifestacao-01129363284cf9,hsia-a0f9130fe84d,hsia-a0f9130fe84d,nao_se_aplica,origem,audiovisual,Finanças 101 - Quem somos,2016,2016-10-17,video_educacional,Hsia Hua Sheng,apresentador,https://www.youtube.com/watch?v=wqy7kzbBWTY,https://www.youtube.com/watch?v=wqy7kzbBWTY,https://www.youtube.com/@Finan%C3%A7as101/videos,sim,nao_se_aplica,confirmado,sim,origem,concluido,resumo_ou_metadados_recuperados,canal Financas 101 vinculado pelo perfil institucional FGV
Financas 101,videos_podcasts,manifestacao-14f78f3db2ac55,hsia-9dc8c0f2d11d,hsia-9dc8c0f2d11d,nao_se_aplica,origem,audiovisual,Finanças Comportamentais - Princípios Básicos,2017,2017-05-18,video_educacional,Hsia Hua Sheng,apresentador,https://www.youtube.com/watch?v=aPaFlRGSM0M,https://www.youtube.com/watch?v=aPaFlRGSM0M,https://www.youtube.com/@Finan%C3%A7as101/videos,sim,nao_se_aplica,confirmado,sim,origem,concluido,resumo_ou_metadados_recuperados,canal Financas 101 vinculado pelo perfil institucional FGV
Financas 101,videos_podcasts,manifestacao-6b2ad1ffd8572f,hsia-67714f2177d7,hsia-67714f2177d7,nao_se_aplica,origem,audiovisual,Fintechs,2016,2016-12-29,video_educacional,Hsia Hua Sheng,apresentador,https://www.youtube.com/watch?v=-tN7_MS8xHs,https://www.youtube.com/watch?v=-tN7_MS8xHs,https://www.youtube.com/@Finan%C3%A7as101/videos,sim,nao_se_aplica,confirmado,sim,origem,concluido,resumo_ou_metadados_recuperados,canal Financas 101 vinculado pelo perfil institucional FGV
Financas 101,videos_podcasts,manifestacao-9b1b4a8f3e2238,hsia-1da08ac0d374,hsia-1da08ac0d374,nao_se_aplica,origem,audiovisual,Fundo Cambial,2015,2015-12-31,video_educacional,Hsia Hua Sheng,apresentador,https://www.youtube.com/watch?v=PP7-yhERN78,https://www.youtube.com/watch?v=PP7-yhERN78,https://www.youtube.com/@Finan%C3%A7as101/videos,sim,nao_se_aplica,confirmado,sim,origem,concluido,resumo_ou_metadados_recuperados,canal Financas 101 vinculado pelo perfil institucional FGV
Financas 101,videos_podcasts,manifestacao-c9b9ae45e7fe70,hsia-2a1f29c62252,hsia-2a1f29c62252,nao_se_aplica,origem,audiovisual,Fundo Multimercado,2016,2016-09-01,video_educacional,Hsia Hua Sheng,apresentador,https://www.youtube.com/watch?v=sZq3vvy_-6c,https://www.youtube.com/watch?v=sZq3vvy_-6c,https://www.youtube.com/@Finan%C3%A7as101/videos,sim,nao_se_aplica,confirmado,sim,origem,concluido,resumo_ou_metadados_recuperados,canal Financas 101 vinculado pelo perfil institucional FGV
Financas 101,videos_podcasts,manifestacao-94c54d4c05adb3,hsia-e9a3a3f76cb6,hsia-e9a3a3f76cb6,nao_se_aplica,origem,audiovisual,Fundo Off Shore e Fundo de Dívida Externa,2016,2016-11-03,video_educacional,Hsia Hua Sheng,apresentador,https://www.youtube.com/watch?v=Q_17ud7EZpw,https://www.youtube.com/watch?v=Q_17ud7EZpw,https://www.youtube.com/@Finan%C3%A7as101/videos,sim,nao_se_aplica,confirmado,sim,origem,concluido,resumo_ou_metadados_recuperados,canal Financas 101 vinculado pelo perfil institucional FGV
Financas 101,videos_podcasts,manifestacao-43300348cf45bb,hsia-7babd31cd011,hsia-7babd31cd011,nao_se_aplica,origem,audiovisual,Fundo Referenciado e Fundo de Índice,2016,2016-09-22,video_educacional,Hsia Hua Sheng,apresentador,https://www.youtube.com/watch?v=XYWBFX5YDI8,https://www.youtube.com/watch?v=XYWBFX5YDI8,https://www.youtube.com/@Finan%C3%A7as101/videos,sim,nao_se_aplica,confirmado,sim,origem,concluido,resumo_ou_metadados_recuperados,canal Financas 101 vinculado pelo perfil institucional FGV
Financas 101,videos_podcasts,manifestacao-366fd51f144eb2,hsia-970752efb954,hsia-970752efb954,nao_se_aplica,origem,audiovisual,Fundo de Ações,2015,2015-10-29,video_educacional,Hsia Hua Sheng,apresentador,https://www.youtube.com/watch?v=3E6AUWyZjcY,https://www.youtube.com/watch?v=3E6AUWyZjcY,https://www.youtube.com/@Finan%C3%A7as101/videos,sim,nao_se_aplica,confirmado,sim,origem,concluido,resumo_ou_metadados_recuperados,canal Financas 101 vinculado pelo perfil institucional FGV
Financas 101,videos_podcasts,manifestacao-5c2b32242923ea,hsia-797e84b1d400,hsia-797e84b1d400,nao_se_aplica,origem,audiovisual,Fundo de Private Equity,2016,2016-01-14,video_educacional,Hsia Hua Sheng,apresentador,https://www.youtube.com/watch?v=-6uMMNwCKmM,https://www.youtube.com/watch?v=-6uMMNwCKmM,https://www.youtube.com/@Finan%C3%A7as101/videos,sim,nao_se_aplica,confirmado,sim,origem,concluido,resumo_ou_metadados_recuperados,canal Financas 101 vinculado pelo perfil institucional FGV
Financas 101,videos_podcasts,manifestacao-4cfbadaf2bd7a2,hsia-f189afa12784,hsia-f189afa12784,nao_se_aplica,origem,audiovisual,Fundo de Renda Fixa,2015,2015-12-03,video_educacional,Hsia Hua Sheng,apresentador,https://www.youtube.com/watch?v=sphkamEUDgw,https://www.youtube.com/watch?v=sphkamEUDgw,https://www.youtube.com/@Finan%C3%A7as101/videos,sim,nao_se_aplica,confirmado,sim,origem,concluido,resumo_ou_metadados_recuperados,canal Financas 101 vinculado pelo perfil institucional FGV
Financas 101,videos_podcasts,manifestacao-023a764d032a83,hsia-5e8961dfb2e5,hsia-5e8961dfb2e5,nao_se_aplica,origem,audiovisual,Fundos Imobiliários,2015,2015-08-27,video_educacional,Hsia Hua Sheng,apresentador,https://www.youtube.com/watch?v=HmkcdDYQTMk,https://www.youtube.com/watch?v=HmkcdDYQTMk,https://www.youtube.com/@Finan%C3%A7as101/videos,sim,nao_se_aplica,confirmado,sim,origem,concluido,resumo_ou_metadados_recuperados,canal Financas 101 vinculado pelo perfil institucional FGV
Financas 101,videos_podcasts,manifestacao-6a19044c33173e,hsia-613594adc7de,hsia-613594adc7de,nao_se_aplica,origem,audiovisual,Fundos de Investimento,2020,2020-09-30,video_educacional,Hsia Hua Sheng,apresentador,https://www.youtube.com/watch?v=763YXu0eJQA,https://www.youtube.com/watch?v=763YXu0eJQA,https://www.youtube.com/@Finan%C3%A7as101/videos,sim,nao_se_aplica,confirmado,sim,origem,concluido,resumo_ou_metadados_recuperados,canal Financas 101 vinculado pelo perfil institucional FGV
Financas 101,videos_podcasts,manifestacao-c05df2ed68e957,hsia-f04729e5d22f,hsia-f04729e5d22f,nao_se_aplica,origem,audiovisual,Fundos de Investimento - Administrador e Gestor,2023,2023-03-06,video_educacional,Hsia Hua Sheng,apresentador,https://www.youtube.com/watch?v=o6RFdwp2tzc,https://www.youtube.com/watch?v=o6RFdwp2tzc,https://www.youtube.com/@Finan%C3%A7as101/videos,sim,nao_se_aplica,confirmado,sim,origem,concluido,resumo_ou_metadados_recuperados,canal Financas 101 vinculado pelo perfil institucional FGV
Financas 101,videos_podcasts,manifestacao-7f77749d494553,hsia-18fedad1d003,hsia-18fedad1d003,nao_se_aplica,origem,audiovisual,Fundos de Investimento - Aplicação de Recursos,2023,2023-03-16,video_educacional,Hsia Hua Sheng,apresentador,https://www.youtube.com/watch?v=t8vXI8NjsGo,https://www.youtube.com/watch?v=t8vXI8NjsGo,https://www.youtube.com/@Finan%C3%A7as101/videos,sim,nao_se_aplica,confirmado,sim,origem,concluido,resumo_ou_metadados_recuperados,canal Financas 101 vinculado pelo perfil institucional FGV
Financas 101,videos_podcasts,manifestacao-98eb63ffe34a18,hsia-4ac9c3b9b18d,hsia-4ac9c3b9b18d,nao_se_aplica,origem,audiovisual,Fundos de Investimento - Balanço Patrimonial,2023,2023-02-13,video_educacional,Hsia Hua Sheng,apresentador,https://www.youtube.com/watch?v=cjQFXaYX_Jg,https://www.youtube.com/watch?v=cjQFXaYX_Jg,https://www.youtube.com/@Finan%C3%A7as101/videos,sim,nao_se_aplica,confirmado,sim,origem,concluido,resumo_ou_metadados_recuperados,canal Financas 101 vinculado pelo perfil institucional FGV
Financas 101,videos_podcasts,manifestacao-8e064b61c94937,hsia-cd70baf54b65,hsia-cd70baf54b65,nao_se_aplica,origem,audiovisual,Fundos de Investimento - Consulta na CVM,2023,2023-02-15,video_educacional,Hsia Hua Sheng,apresentador,https://www.youtube.com/watch?v=XrYmWOVmkA4,https://www.youtube.com/watch?v=XrYmWOVmkA4,https://www.youtube.com/@Finan%C3%A7as101/videos,sim,nao_se_aplica,confirmado,sim,origem,concluido,resumo_ou_metadados_recuperados,canal Financas 101 vinculado pelo perfil institucional FGV
Financas 101,videos_podcasts,manifestacao-f31fe16a6c1621,hsia-59dd4634c81b,hsia-59dd4634c81b,nao_se_aplica,origem,audiovisual,Fundos de Investimento - Cotas e Valor das Cotas,2023,2023-02-08,video_educacional,Hsia Hua Sheng,apresentador,https://www.youtube.com/watch?v=heLwYGzOSvw,https://www.youtube.com/watch?v=heLwYGzOSvw,https://www.youtube.com/@Finan%C3%A7as101/videos,sim,nao_se_aplica,confirmado,sim,origem,concluido,resumo_ou_metadados_recuperados,canal Financas 101 vinculado pelo perfil institucional FGV
Financas 101,videos_podcasts,manifestacao-95391fe584f767,hsia-d758b51b8f7c,hsia-d758b51b8f7c,nao_se_aplica,origem,audiovisual,Fundos de Investimento - Definição,2023,2023-02-05,video_educacional,Hsia Hua Sheng,apresentador,https://www.youtube.com/watch?v=YM5mUT2IaCk,https://www.youtube.com/watch?v=YM5mUT2IaCk,https://www.youtube.com/@Finan%C3%A7as101/videos,sim,nao_se_aplica,confirmado,sim,origem,concluido,resumo_ou_metadados_recuperados,canal Financas 101 vinculado pelo perfil institucional FGV
Financas 101,videos_podcasts,manifestacao-eabb047d06834c,hsia-df35e85900dd,hsia-df35e85900dd,nao_se_aplica,origem,audiovisual,Fundos de Investimento - Funcionamento e Estrutura,2023,2023-03-02,video_educacional,Hsia Hua Sheng,apresentador,https://www.youtube.com/watch?v=zU4bH7We9Mc,https://www.youtube.com/watch?v=zU4bH7We9Mc,https://www.youtube.com/@Finan%C3%A7as101/videos,sim,nao_se_aplica,confirmado,sim,origem,concluido,resumo_ou_metadados_recuperados,canal Financas 101 vinculado pelo perfil institucional FGV
Financas 101,videos_podcasts,manifestacao-c983317687fb09,hsia-47f437293444,hsia-47f437293444,nao_se_aplica,origem,audiovisual,Fundos de Investimento - Fundos Abertos vs Fundos Fechados,2023,2023-03-14,video_educacional,Hsia Hua Sheng,apresentador,https://www.youtube.com/watch?v=7ufQyvom8Nk,https://www.youtube.com/watch?v=7ufQyvom8Nk,https://www.youtube.com/@Finan%C3%A7as101/videos,sim,nao_se_aplica,confirmado,sim,origem,concluido,resumo_ou_metadados_recuperados,canal Financas 101 vinculado pelo perfil institucional FGV
Financas 101,videos_podcasts,manifestacao-af04ce075cb4a0,hsia-a761acdae9f6,hsia-a761acdae9f6,nao_se_aplica,origem,audiovisual,Fundos de Investimento - Gestão Ativa vs Gestão Passiva,2023,2023-03-08,video_educacional,Hsia Hua Sheng,apresentador,https://www.youtube.com/watch?v=7gECc-4gWZA,https://www.youtube.com/watch?v=7gECc-4gWZA,https://www.youtube.com/@Finan%C3%A7as101/videos,sim,nao_se_aplica,confirmado,sim,origem,concluido,resumo_ou_metadados_recuperados,canal Financas 101 vinculado pelo perfil institucional FGV
Financas 101,videos_podcasts,manifestacao-429e77542adce5,hsia-a615e5e2a3e6,hsia-a615e5e2a3e6,nao_se_aplica,origem,audiovisual,Fundos de Investimento - Investidores,2023,2023-03-10,video_educacional,Hsia Hua Sheng,apresentador,https://www.youtube.com/watch?v=xZiKPOZ-yo0,https://www.youtube.com/watch?v=xZiKPOZ-yo0,https://www.youtube.com/@Finan%C3%A7as101/videos,sim,nao_se_aplica,confirmado,sim,origem,concluido,resumo_ou_metadados_recuperados,canal Financas 101 vinculado pelo perfil institucional FGV
Financas 101,videos_podcasts,manifestacao-a42169cd7adbf3,hsia-8263b181c6ec,hsia-8263b181c6ec,nao_se_aplica,origem,audiovisual,Fundos de Investimento - Linha D'Água,2023,2023-02-26,video_educacional,Hsia Hua Sheng,apresentador,https://www.youtube.com/watch?v=dqv8GBRwhzM,https://www.youtube.com/watch?v=dqv8GBRwhzM,https://www.youtube.com/@Finan%C3%A7as101/videos,sim,nao_se_aplica,confirmado,sim,origem,concluido,resumo_ou_metadados_recuperados,canal Financas 101 vinculado pelo perfil institucional FGV
Financas 101,videos_podcasts,manifestacao-f76788fd353ef3,hsia-2f52cbe0a744,hsia-2f52cbe0a744,nao_se_aplica,origem,audiovisual,Fundos de Investimento - Movimentação das Cotas,2023,2023-03-12,video_educacional,Hsia Hua Sheng,apresentador,https://www.youtube.com/watch?v=zehodeP_O90,https://www.youtube.com/watch?v=zehodeP_O90,https://www.youtube.com/@Finan%C3%A7as101/videos,sim,nao_se_aplica,confirmado,sim,origem,concluido,resumo_ou_metadados_recuperados,canal Financas 101 vinculado pelo perfil institucional FGV
Financas 101,videos_podcasts,manifestacao-3d99780072b190,hsia-f8e01dc1ff73,hsia-f8e01dc1ff73,nao_se_aplica,origem,audiovisual,Fundos de Investimento - Participantes e Estrutura,2023,2023-03-04,video_educacional,Hsia Hua Sheng,apresentador,https://www.youtube.com/watch?v=sqSsOqNYSMM,https://www.youtube.com/watch?v=sqSsOqNYSMM,https://www.youtube.com/@Finan%C3%A7as101/videos,sim,nao_se_aplica,confirmado,sim,origem,concluido,resumo_ou_metadados_recuperados,canal Financas 101 vinculado pelo perfil institucional FGV
Financas 101,videos_podcasts,manifestacao-04708bc4dd4348,hsia-404db583b571,hsia-404db583b571,nao_se_aplica,origem,audiovisual,Fundos de Investimento - Principais Componentes,2023,2023-02-17,video_educacional,Hsia Hua Sheng,apresentador,https://www.youtube.com/watch?v=hEIIsC_3C00,https://www.youtube.com/watch?v=hEIIsC_3C00,https://www.youtube.com/@Finan%C3%A7as101/videos,sim,nao_se_aplica,confirmado,sim,origem,concluido,resumo_ou_metadados_recuperados,canal Financas 101 vinculado pelo perfil institucional FGV
Financas 101,videos_podcasts,manifestacao-4d2ebd3c399792,hsia-e4ead3c44a26,hsia-e4ead3c44a26,nao_se_aplica,origem,audiovisual,Fundos de Investimento - Riscos,2023,2023-02-28,video_educacional,Hsia Hua Sheng,apresentador,https://www.youtube.com/watch?v=0hsaKXcxP50,https://www.youtube.com/watch?v=0hsaKXcxP50,https://www.youtube.com/@Finan%C3%A7as101/videos,sim,nao_se_aplica,confirmado,sim,origem,concluido,resumo_ou_metadados_recuperados,canal Financas 101 vinculado pelo perfil institucional FGV
Financas 101,videos_podcasts,manifestacao-19b6f1e287e5d1,hsia-6493a26048fa,hsia-6493a26048fa,nao_se_aplica,origem,audiovisual,Fundos de Investimento - Taxa de Administração,2023,2023-02-22,video_educacional,Hsia Hua Sheng,apresentador,https://www.youtube.com/watch?v=yomMGgifVhI,https://www.youtube.com/watch?v=yomMGgifVhI,https://www.youtube.com/@Finan%C3%A7as101/videos,sim,nao_se_aplica,confirmado,sim,origem,concluido,resumo_ou_metadados_recuperados,canal Financas 101 vinculado pelo perfil institucional FGV
Financas 101,videos_podcasts,manifestacao-b67e5a8db8aca5,hsia-5c1ae89ad971,hsia-5c1ae89ad971,nao_se_aplica,origem,audiovisual,Fundos de Investimento - Taxa de Performance,2023,2023-02-24,video_educacional,Hsia Hua Sheng,apresentador,https://www.youtube.com/watch?v=6MR6--GyQZI,https://www.youtube.com/watch?v=6MR6--GyQZI,https://www.youtube.com/@Finan%C3%A7as101/videos,sim,nao_se_aplica,confirmado,sim,origem,concluido,resumo_ou_metadados_recuperados,canal Financas 101 vinculado pelo perfil institucional FGV
Financas 101,videos_podcasts,manifestacao-307dc588765600,hsia-981f318f6218,hsia-981f318f6218,nao_se_aplica,origem,audiovisual,Fundos de Investimento - Taxas,2023,2023-02-20,video_educacional,Hsia Hua Sheng,apresentador,https://www.youtube.com/watch?v=mhyzaXa2Ic0,https://www.youtube.com/watch?v=mhyzaXa2Ic0,https://www.youtube.com/@Finan%C3%A7as101/videos,sim,nao_se_aplica,confirmado,sim,origem,concluido,resumo_ou_metadados_recuperados,canal Financas 101 vinculado pelo perfil institucional FGV
Financas 101,videos_podcasts,manifestacao-c8449068bc9502,hsia-4424f9288978,hsia-4424f9288978,nao_se_aplica,origem,audiovisual,Fundos de Investimento - Vantagens & Desvantagens,2023,2023-02-10,video_educacional,Hsia Hua Sheng,apresentador,https://www.youtube.com/watch?v=_TUhUzcOF2E,https://www.youtube.com/watch?v=_TUhUzcOF2E,https://www.youtube.com/@Finan%C3%A7as101/videos,sim,nao_se_aplica,confirmado,sim,origem,concluido,resumo_ou_metadados_recuperados,canal Financas 101 vinculado pelo perfil institucional FGV
Financas 101,videos_podcasts,manifestacao-33629b044da523,hsia-6910b81a97a6,hsia-6910b81a97a6,nao_se_aplica,origem,audiovisual,"Game of Chicken - Jogo do Covarde, Jogo da Galinha",2021,2021-10-06,video_educacional,Hsia Hua Sheng,apresentador,https://www.youtube.com/watch?v=Mh5tof7h6rM,https://www.youtube.com/watch?v=Mh5tof7h6rM,https://www.youtube.com/@Finan%C3%A7as101/videos,sim,nao_se_aplica,confirmado,sim,origem,concluido,resumo_ou_metadados_recuperados,canal Financas 101 vinculado pelo perfil institucional FGV
Financas 101,videos_podcasts,manifestacao-d3c28d6f1ba30f,hsia-be94cbfd82c7,hsia-be94cbfd82c7,nao_se_aplica,origem,audiovisual,Gestão Ativa vs. Gestão Passiva,2016,2016-07-28,video_educacional,Hsia Hua Sheng,apresentador,https://www.youtube.com/watch?v=GjY27RZ56MM,https://www.youtube.com/watch?v=GjY27RZ56MM,https://www.youtube.com/@Finan%C3%A7as101/videos,sim,nao_se_aplica,confirmado,sim,origem,concluido,resumo_ou_metadados_recuperados,canal Financas 101 vinculado pelo perfil institucional FGV
Financas 101,videos_podcasts,manifestacao-8b70012d47b005,hsia-3ba94062cd46,hsia-3ba94062cd46,nao_se_aplica,origem,audiovisual,Governança Corporativa,2017,2017-02-16,video_educacional,Hsia Hua Sheng,apresentador,https://www.youtube.com/watch?v=6HjGOuaay5U,https://www.youtube.com/watch?v=6HjGOuaay5U,https://www.youtube.com/@Finan%C3%A7as101/videos,sim,nao_se_aplica,confirmado,sim,origem,concluido,resumo_ou_metadados_recuperados,canal Financas 101 vinculado pelo perfil institucional FGV
Financas 101,videos_podcasts,manifestacao-0a9f97095adac6,hsia-f295058f6de9,hsia-f295058f6de9,nao_se_aplica,origem,audiovisual,Grau de Investimento e Rating,2015,2015-09-16,video_educacional,Hsia Hua Sheng,apresentador,https://www.youtube.com/watch?v=pataRYHyPvg,https://www.youtube.com/watch?v=pataRYHyPvg,https://www.youtube.com/@Finan%C3%A7as101/videos,sim,nao_se_aplica,confirmado,sim,origem,concluido,resumo_ou_metadados_recuperados,canal Financas 101 vinculado pelo perfil institucional FGV
Financas 101,videos_podcasts,manifestacao-3b32ef997aa096,hsia-bb8661dcb8ec,hsia-bb8661dcb8ec,nao_se_aplica,origem,audiovisual,HP 12C - Quanto o banco está cobrando de Juros? (TIR IRR),2020,2020-07-08,video_educacional,Hsia Hua Sheng,apresentador,https://www.youtube.com/watch?v=1BxGEgrY8R4,https://www.youtube.com/watch?v=1BxGEgrY8R4,https://www.youtube.com/@Finan%C3%A7as101/videos,sim,nao_se_aplica,confirmado,sim,origem,concluido,resumo_ou_metadados_recuperados,canal Financas 101 vinculado pelo perfil institucional FGV
Financas 101,videos_podcasts,manifestacao-9966f876f5a67c,hsia-76b2576aec14,hsia-76b2576aec14,nao_se_aplica,origem,audiovisual,HP12C - Amigo Caloteiro: Análise de TIR e VPL,2017,2017-06-19,video_educacional,Hsia Hua Sheng,apresentador,https://www.youtube.com/watch?v=rIeFBszLJGE,https://www.youtube.com/watch?v=rIeFBszLJGE,https://www.youtube.com/@Finan%C3%A7as101/videos,sim,nao_se_aplica,confirmado,sim,origem,concluido,resumo_ou_metadados_recuperados,canal Financas 101 vinculado pelo perfil institucional FGV
Financas 101,videos_podcasts,manifestacao-82fb3452396f3e,hsia-9459dd794bf3,hsia-9459dd794bf3,nao_se_aplica,origem,audiovisual,HP12C - Antecipação de Recebíveis / Desconto Comercial,2017,2017-06-05,video_educacional,Hsia Hua Sheng,apresentador,https://www.youtube.com/watch?v=oaCeM682uTA,https://www.youtube.com/watch?v=oaCeM682uTA,https://www.youtube.com/@Finan%C3%A7as101/videos,sim,nao_se_aplica,confirmado,sim,origem,concluido,resumo_ou_metadados_recuperados,canal Financas 101 vinculado pelo perfil institucional FGV
Financas 101,videos_podcasts,manifestacao-bf05dac377d77a,hsia-9deb8ffd6367,hsia-9deb8ffd6367,nao_se_aplica,origem,audiovisual,HP12C - Aprenda Como Utilizar,2017,2017-04-03,video_educacional,Hsia Hua Sheng,apresentador,https://www.youtube.com/watch?v=nHywVRjN8_0,https://www.youtube.com/watch?v=nHywVRjN8_0,https://www.youtube.com/@Finan%C3%A7as101/videos,sim,nao_se_aplica,confirmado,sim,origem,concluido,resumo_ou_metadados_recuperados,canal Financas 101 vinculado pelo perfil institucional FGV
Financas 101,videos_podcasts,manifestacao-f554fbdaa45f46,hsia-ca9c66387db5,hsia-ca9c66387db5,nao_se_aplica,origem,audiovisual,HP12C - Empreender ou Investir? Análise de VPL e TIR,2017,2017-06-12,video_educacional,Hsia Hua Sheng,apresentador,https://www.youtube.com/watch?v=xwKvGt6aZMQ,https://www.youtube.com/watch?v=xwKvGt6aZMQ,https://www.youtube.com/@Finan%C3%A7as101/videos,sim,nao_se_aplica,confirmado,sim,origem,concluido,resumo_ou_metadados_recuperados,canal Financas 101 vinculado pelo perfil institucional FGV
Financas 101,videos_podcasts,manifestacao-e7944c94b05b93,hsia-aeb8b8e531e2,hsia-aeb8b8e531e2,nao_se_aplica,origem,audiovisual,HP12C - Endividad@? Renegocie sua dívida: simule e escolha a dívida mais barata,2017,2017-05-15,video_educacional,Hsia Hua Sheng,apresentador,https://www.youtube.com/watch?v=FQMdWezM_yc,https://www.youtube.com/watch?v=FQMdWezM_yc,https://www.youtube.com/@Finan%C3%A7as101/videos,sim,nao_se_aplica,confirmado,sim,origem,concluido,resumo_ou_metadados_recuperados,canal Financas 101 vinculado pelo perfil institucional FGV
Financas 101,videos_podcasts,manifestacao-9559ebf0891589,hsia-8bef5f7639ef,hsia-8bef5f7639ef,nao_se_aplica,origem,audiovisual,HP12C - Existem Parcelas Sem Juros? É mágica financeira?,2017,2017-05-08,video_educacional,Hsia Hua Sheng,apresentador,https://www.youtube.com/watch?v=NaSSSjKL7uI,https://www.youtube.com/watch?v=NaSSSjKL7uI,https://www.youtube.com/@Finan%C3%A7as101/videos,sim,nao_se_aplica,confirmado,sim,origem,concluido,resumo_ou_metadados_recuperados,canal Financas 101 vinculado pelo perfil institucional FGV
Financas 101,videos_podcasts,manifestacao-55a2d8eb7cb843,hsia-60ab8b2eb5de,hsia-60ab8b2eb5de,nao_se_aplica,origem,audiovisual,HP12C - Juros Simples e Juros Compostos,2017,2017-04-17,video_educacional,Hsia Hua Sheng,apresentador,https://www.youtube.com/watch?v=Rnw_ulQ4z-s,https://www.youtube.com/watch?v=Rnw_ulQ4z-s,https://www.youtube.com/@Finan%C3%A7as101/videos,sim,nao_se_aplica,confirmado,sim,origem,concluido,resumo_ou_metadados_recuperados,canal Financas 101 vinculado pelo perfil institucional FGV
Financas 101,videos_podcasts,manifestacao-73b638bde511b2,hsia-087a05e31466,hsia-087a05e31466,nao_se_aplica,origem,audiovisual,HP12C - Os segredos do VPL (Valor Presente Líquido) | Por que usar CF0 e CFj ?,2017,2017-06-26,video_educacional,Hsia Hua Sheng,apresentador,https://www.youtube.com/watch?v=eHCickyiv5Q,https://www.youtube.com/watch?v=eHCickyiv5Q,https://www.youtube.com/@Finan%C3%A7as101/videos,sim,nao_se_aplica,confirmado,sim,origem,concluido,resumo_ou_metadados_recuperados,canal Financas 101 vinculado pelo perfil institucional FGV
Financas 101,videos_podcasts,manifestacao-3edfe600f308ea,hsia-08563505ec6f,hsia-08563505ec6f,nao_se_aplica,origem,audiovisual,HP12C - PMT - Compras Parceladas Iguais Sem Entrada? Qual a Taxa de Juros Efetiva?,2017,2017-04-24,video_educacional,Hsia Hua Sheng,apresentador,https://www.youtube.com/watch?v=JyBcLXlpjKI,https://www.youtube.com/watch?v=JyBcLXlpjKI,https://www.youtube.com/@Finan%C3%A7as101/videos,sim,nao_se_aplica,confirmado,sim,origem,concluido,resumo_ou_metadados_recuperados,canal Financas 101 vinculado pelo perfil institucional FGV
Financas 101,videos_podcasts,manifestacao-eddea8452ed8a7,hsia-315a6f3ff928,hsia-315a6f3ff928,nao_se_aplica,origem,audiovisual,HP12C - PMT - Parcelas Iguais Com Entrada. Pagar uma prestação de entrada para financiar?,2017,2017-05-22,video_educacional,Hsia Hua Sheng,apresentador,https://www.youtube.com/watch?v=I-RXmTH5hy0,https://www.youtube.com/watch?v=I-RXmTH5hy0,https://www.youtube.com/@Finan%C3%A7as101/videos,sim,nao_se_aplica,confirmado,sim,origem,concluido,resumo_ou_metadados_recuperados,canal Financas 101 vinculado pelo perfil institucional FGV
Financas 101,videos_podcasts,manifestacao-310fc3408ec5e7,hsia-4add94e9f800,hsia-4add94e9f800,nao_se_aplica,origem,audiovisual,HP12C - Quanto tempo até o 1º milhão?,2017,2017-05-01,video_educacional,Hsia Hua Sheng,apresentador,https://www.youtube.com/watch?v=Dy25NbhhWlw,https://www.youtube.com/watch?v=Dy25NbhhWlw,https://www.youtube.com/@Finan%C3%A7as101/videos,sim,nao_se_aplica,confirmado,sim,origem,concluido,resumo_ou_metadados_recuperados,canal Financas 101 vinculado pelo perfil institucional FGV
Financas 101,videos_podcasts,manifestacao-ae8b6dde679c4c,hsia-4395e8a7fb3a,hsia-4395e8a7fb3a,nao_se_aplica,origem,audiovisual,HP12C - TIR - Taxa Interna de Retorno. Taxa Efetiva? O que é e como calcular?,2017,2017-05-29,video_educacional,Hsia Hua Sheng,apresentador,https://www.youtube.com/watch?v=NaK-1ar2S0k,https://www.youtube.com/watch?v=NaK-1ar2S0k,https://www.youtube.com/@Finan%C3%A7as101/videos,sim,nao_se_aplica,confirmado,sim,origem,concluido,resumo_ou_metadados_recuperados,canal Financas 101 vinculado pelo perfil institucional FGV
Financas 101,videos_podcasts,manifestacao-00cf1e797b531e,hsia-5f8f866984ca,hsia-5f8f866984ca,nao_se_aplica,origem,audiovisual,HP12C - Taxas Equivalentes e Conversão de Taxa de Juros,2017,2017-07-03,video_educacional,Hsia Hua Sheng,apresentador,https://www.youtube.com/watch?v=eVb3CNaF7aU,https://www.youtube.com/watch?v=eVb3CNaF7aU,https://www.youtube.com/@Finan%C3%A7as101/videos,sim,nao_se_aplica,confirmado,sim,origem,concluido,resumo_ou_metadados_recuperados,canal Financas 101 vinculado pelo perfil institucional FGV
Financas 101,videos_podcasts,manifestacao-2120a7f7963e67,hsia-7b83da51c7e3,hsia-7b83da51c7e3,nao_se_aplica,origem,audiovisual,HP12C - Valor Presente e Valor Futuro,2017,2017-04-10,video_educacional,Hsia Hua Sheng,apresentador,https://www.youtube.com/watch?v=7aqIMk4W8t4,https://www.youtube.com/watch?v=7aqIMk4W8t4,https://www.youtube.com/@Finan%C3%A7as101/videos,sim,nao_se_aplica,confirmado,sim,origem,concluido,resumo_ou_metadados_recuperados,canal Financas 101 vinculado pelo perfil institucional FGV
Financas 101,videos_podcasts,manifestacao-129338d298222e,hsia-4b0235b85191,hsia-4b0235b85191,nao_se_aplica,origem,audiovisual,Hedge Ratio - Índice de Proteção com Opções,2021,2021-06-16,video_educacional,Hsia Hua Sheng,apresentador,https://www.youtube.com/watch?v=E9DB5n5GPsc,https://www.youtube.com/watch?v=E9DB5n5GPsc,https://www.youtube.com/@Finan%C3%A7as101/videos,sim,nao_se_aplica,confirmado,sim,origem,concluido,resumo_ou_metadados_recuperados,canal Financas 101 vinculado pelo perfil institucional FGV
Financas 101,videos_podcasts,manifestacao-86d1735ea91caa,hsia-e315e3a1e28c,hsia-e315e3a1e28c,nao_se_aplica,origem,audiovisual,Heteroscedasticidade,2021,2021-01-29,video_educacional,Hsia Hua Sheng,apresentador,https://www.youtube.com/watch?v=ufjQR4lLIfA,https://www.youtube.com/watch?v=ufjQR4lLIfA,https://www.youtube.com/@Finan%C3%A7as101/videos,sim,nao_se_aplica,confirmado,sim,origem,concluido,resumo_ou_metadados_recuperados,canal Financas 101 vinculado pelo perfil institucional FGV
Financas 101,videos_podcasts,manifestacao-be4730fadd0c9b,hsia-f4f4e250fb94,hsia-f4f4e250fb94,nao_se_aplica,origem,audiovisual,IBrX - Índice Brasil,2016,2016-09-08,video_educacional,Hsia Hua Sheng,apresentador,https://www.youtube.com/watch?v=wHZxmPKoj9Q,https://www.youtube.com/watch?v=wHZxmPKoj9Q,https://www.youtube.com/@Finan%C3%A7as101/videos,sim,nao_se_aplica,confirmado,sim,origem,concluido,resumo_ou_metadados_recuperados,canal Financas 101 vinculado pelo perfil institucional FGV
Financas 101,videos_podcasts,manifestacao-11d345cb51935e,hsia-1dca80ac64ce,hsia-1dca80ac64ce,nao_se_aplica,origem,audiovisual,IGP-M - Índice Geral de Preços do Mercado,2016,2016-07-07,video_educacional,Hsia Hua Sheng,apresentador,https://www.youtube.com/watch?v=FlFsyaMFIzU,https://www.youtube.com/watch?v=FlFsyaMFIzU,https://www.youtube.com/@Finan%C3%A7as101/videos,sim,nao_se_aplica,confirmado,sim,origem,concluido,resumo_ou_metadados_recuperados,canal Financas 101 vinculado pelo perfil institucional FGV
Financas 101,videos_podcasts,manifestacao-75752e02cf26af,hsia-47590dc7c1da,hsia-47590dc7c1da,nao_se_aplica,origem,audiovisual,IPCA - Índice Nacional de Preços ao Consumidor Amplo,2016,2016-01-28,video_educacional,Hsia Hua Sheng,apresentador,https://www.youtube.com/watch?v=mdf3a62B4_o,https://www.youtube.com/watch?v=mdf3a62B4_o,https://www.youtube.com/@Finan%C3%A7as101/videos,sim,nao_se_aplica,confirmado,sim,origem,concluido,resumo_ou_metadados_recuperados,canal Financas 101 vinculado pelo perfil institucional FGV
Financas 101,videos_podcasts,manifestacao-5ec353e9bd35c6,hsia-09824419d69b,hsia-09824419d69b,nao_se_aplica,origem,audiovisual,Ibovespa - Índice Bovespa,2016,2016-04-21,video_educacional,Hsia Hua Sheng,apresentador,https://www.youtube.com/watch?v=-ZFuIS59Yy4,https://www.youtube.com/watch?v=-ZFuIS59Yy4,https://www.youtube.com/@Finan%C3%A7as101/videos,sim,nao_se_aplica,confirmado,sim,origem,concluido,resumo_ou_metadados_recuperados,canal Financas 101 vinculado pelo perfil institucional FGV
Financas 101,videos_podcasts,manifestacao-23fb68ecb004b6,hsia-5325e5dc6c69,hsia-5325e5dc6c69,nao_se_aplica,origem,audiovisual,Indicadores de Avaliação de Ações,2017,2017-08-03,video_educacional,Hsia Hua Sheng,apresentador,https://www.youtube.com/watch?v=ZZ6ocGAGiQs,https://www.youtube.com/watch?v=ZZ6ocGAGiQs,https://www.youtube.com/@Finan%C3%A7as101/videos,sim,nao_se_aplica,confirmado,sim,origem,concluido,resumo_ou_metadados_recuperados,canal Financas 101 vinculado pelo perfil institucional FGV
Financas 101,videos_podcasts,manifestacao-6b1b8ef391e969,hsia-42cf55ab6841,hsia-42cf55ab6841,nao_se_aplica,origem,audiovisual,Inflação,2015,2015-07-08,video_educacional,Hsia Hua Sheng,apresentador,https://www.youtube.com/watch?v=0W7efV6mhNs,https://www.youtube.com/watch?v=0W7efV6mhNs,https://www.youtube.com/@Finan%C3%A7as101/videos,sim,nao_se_aplica,confirmado,sim,origem,concluido,resumo_ou_metadados_recuperados,canal Financas 101 vinculado pelo perfil institucional FGV
Financas 101,videos_podcasts,manifestacao-986c6ac5533e2b,hsia-c6bf02bc9de9,hsia-c6bf02bc9de9,nao_se_aplica,origem,audiovisual,Instrumentos de Política Monetária,2016,2016-08-18,video_educacional,Hsia Hua Sheng,apresentador,https://www.youtube.com/watch?v=ND__f49rPuE,https://www.youtube.com/watch?v=ND__f49rPuE,https://www.youtube.com/@Finan%C3%A7as101/videos,sim,nao_se_aplica,confirmado,sim,origem,concluido,resumo_ou_metadados_recuperados,canal Financas 101 vinculado pelo perfil institucional FGV
Financas 101,videos_podcasts,manifestacao-ef2ccda5e0b569,hsia-b4624ed842f9,hsia-b4624ed842f9,nao_se_aplica,origem,audiovisual,Introdução às Séries Temporais,2021,2021-02-26,video_educacional,Hsia Hua Sheng,apresentador,https://www.youtube.com/watch?v=Mex75ZythIg,https://www.youtube.com/watch?v=Mex75ZythIg,https://www.youtube.com/@Finan%C3%A7as101/videos,sim,nao_se_aplica,confirmado,sim,origem,concluido,resumo_ou_metadados_recuperados,canal Financas 101 vinculado pelo perfil institucional FGV
Financas 101,videos_podcasts,manifestacao-ed09f036755078,hsia-4f9413ef2228,hsia-4f9413ef2228,nao_se_aplica,origem,audiovisual,Jogos Finitos vs. Jogos Repetitivos - Teoria dos Jogos,2022,2022-05-05,video_educacional,Hsia Hua Sheng,apresentador,https://www.youtube.com/watch?v=y7vtLcjmGAE,https://www.youtube.com/watch?v=y7vtLcjmGAE,https://www.youtube.com/@Finan%C3%A7as101/videos,sim,nao_se_aplica,confirmado,sim,origem,concluido,resumo_ou_metadados_recuperados,canal Financas 101 vinculado pelo perfil institucional FGV
Financas 101,videos_podcasts,manifestacao-1dddcf5bacbdaa,hsia-5d366e26c890,hsia-5d366e26c890,nao_se_aplica,origem,audiovisual,Jogos Sequenciais vs. Jogos Simultâneos - Teoria dos Jogos,2022,2022-05-02,video_educacional,Hsia Hua Sheng,apresentador,https://www.youtube.com/watch?v=wZfohtfFBo4,https://www.youtube.com/watch?v=wZfohtfFBo4,https://www.youtube.com/@Finan%C3%A7as101/videos,sim,nao_se_aplica,confirmado,sim,origem,concluido,resumo_ou_metadados_recuperados,canal Financas 101 vinculado pelo perfil institucional FGV
Financas 101,videos_podcasts,manifestacao-a5d4edd40dceba,hsia-ff836bcc72c1,hsia-ff836bcc72c1,nao_se_aplica,origem,audiovisual,Juros e o Valor do Dinheiro no Tempo,2026,2026-08-07,video_educacional,Hsia Hua Sheng,apresentador,https://www.youtube.com/watch?v=-SfIyBKqIXo,https://www.youtube.com/watch?v=-SfIyBKqIXo,https://www.youtube.com/@Finan%C3%A7as101/videos,sim,nao_se_aplica,confirmado,sim,origem,concluido,resumo_ou_metadados_recuperados,canal Financas 101 vinculado pelo perfil institucional FGV
Financas 101,videos_podcasts,manifestacao-b7f60cfe019794,hsia-abd60b77eba9,hsia-abd60b77eba9,nao_se_aplica,origem,audiovisual,LCI e LCA,2015,2015-06-14,video_educacional,Hsia Hua Sheng,apresentador,https://www.youtube.com/watch?v=EqNNx4zrSPs,https://www.youtube.com/watch?v=EqNNx4zrSPs,https://www.youtube.com/@Finan%C3%A7as101/videos,sim,nao_se_aplica,confirmado,sim,origem,concluido,resumo_ou_metadados_recuperados,canal Financas 101 vinculado pelo perfil institucional FGV
Financas 101,videos_podcasts,manifestacao-c995052688a7b1,hsia-8a4148fa1929,hsia-8a4148fa1929,nao_se_aplica,origem,audiovisual,LCI e LCA no Informe do Imposto de Renda,2016,2016-03-17,video_educacional,Hsia Hua Sheng,apresentador,https://www.youtube.com/watch?v=x3DC5fVNsAk,https://www.youtube.com/watch?v=x3DC5fVNsAk,https://www.youtube.com/@Finan%C3%A7as101/videos,sim,nao_se_aplica,confirmado,sim,origem,concluido,resumo_ou_metadados_recuperados,canal Financas 101 vinculado pelo perfil institucional FGV
Financas 101,videos_podcasts,manifestacao-23957d5d0a7f65,hsia-bc0e452ed785,hsia-bc0e452ed785,nao_se_aplica,origem,audiovisual,Legislação Prevenção e Combate à Lavagem de Dinheiro,2017,2017-07-13,video_educacional,Hsia Hua Sheng,apresentador,https://www.youtube.com/watch?v=kVabbkdXZwY,https://www.youtube.com/watch?v=kVabbkdXZwY,https://www.youtube.com/@Finan%C3%A7as101/videos,sim,nao_se_aplica,confirmado,sim,origem,concluido,resumo_ou_metadados_recuperados,canal Financas 101 vinculado pelo perfil institucional FGV
Financas 101,videos_podcasts,manifestacao-4fc86df8c9dcf9,hsia-e858c256c0ee,hsia-e858c256c0ee,nao_se_aplica,origem,audiovisual,Localizaçao de Vendedores na Praia - Teoria dos Jogos,2022,2022-04-27,video_educacional,Hsia Hua Sheng,apresentador,https://www.youtube.com/watch?v=sFFdKDBf68g,https://www.youtube.com/watch?v=sFFdKDBf68g,https://www.youtube.com/@Finan%C3%A7as101/videos,sim,nao_se_aplica,confirmado,sim,origem,concluido,resumo_ou_metadados_recuperados,canal Financas 101 vinculado pelo perfil institucional FGV
Financas 101,videos_podcasts,manifestacao-7e09aa88d4011a,hsia-a38301c9ee17,hsia-a38301c9ee17,nao_se_aplica,origem,audiovisual,Marcação a Mercado,2016,2016-06-30,video_educacional,Hsia Hua Sheng,apresentador,https://www.youtube.com/watch?v=ke3Sf-rjvBY,https://www.youtube.com/watch?v=ke3Sf-rjvBY,https://www.youtube.com/@Finan%C3%A7as101/videos,sim,nao_se_aplica,confirmado,sim,origem,concluido,resumo_ou_metadados_recuperados,canal Financas 101 vinculado pelo perfil institucional FGV
Financas 101,videos_podcasts,manifestacao-b49e374a730abb,hsia-abd62ad3545a,hsia-abd62ad3545a,nao_se_aplica,origem,audiovisual,Mercado de Capitais e Mercado de Ações,2020,2020-08-13,video_educacional,Hsia Hua Sheng,apresentador,https://www.youtube.com/watch?v=YjWSGFu6Ezg,https://www.youtube.com/watch?v=YjWSGFu6Ezg,https://www.youtube.com/@Finan%C3%A7as101/videos,sim,nao_se_aplica,confirmado,sim,origem,concluido,resumo_ou_metadados_recuperados,canal Financas 101 vinculado pelo perfil institucional FGV
Financas 101,videos_podcasts,manifestacao-7d933c45b46100,hsia-b50de2d712d1,hsia-b50de2d712d1,nao_se_aplica,origem,audiovisual,Mercado de Crédito,2017,2017-08-24,video_educacional,Hsia Hua Sheng,apresentador,https://www.youtube.com/watch?v=HJsXWz_3iGQ,https://www.youtube.com/watch?v=HJsXWz_3iGQ,https://www.youtube.com/@Finan%C3%A7as101/videos,sim,nao_se_aplica,confirmado,sim,origem,concluido,resumo_ou_metadados_recuperados,canal Financas 101 vinculado pelo perfil institucional FGV
Financas 101,videos_podcasts,manifestacao-ed2eefbf587a6f,hsia-3faa9538c798,hsia-3faa9538c798,nao_se_aplica,origem,audiovisual,Mercado de Produtos de Qualidade Duvidosa - The Market for Lemons,2021,2021-05-28,video_educacional,Hsia Hua Sheng,apresentador,https://www.youtube.com/watch?v=GFGP0EJHK6k,https://www.youtube.com/watch?v=GFGP0EJHK6k,https://www.youtube.com/@Finan%C3%A7as101/videos,sim,nao_se_aplica,confirmado,sim,origem,concluido,resumo_ou_metadados_recuperados,canal Financas 101 vinculado pelo perfil institucional FGV
Financas 101,videos_podcasts,manifestacao-e807a974741b32,hsia-fdc42c1906dd,hsia-fdc42c1906dd,nao_se_aplica,origem,audiovisual,Mercado de Renda Fixa,2020,2020-08-19,video_educacional,Hsia Hua Sheng,apresentador,https://www.youtube.com/watch?v=LiakmpXbYoA,https://www.youtube.com/watch?v=LiakmpXbYoA,https://www.youtube.com/@Finan%C3%A7as101/videos,sim,nao_se_aplica,confirmado,sim,origem,concluido,resumo_ou_metadados_recuperados,canal Financas 101 vinculado pelo perfil institucional FGV
Financas 101,videos_podcasts,manifestacao-f242020d303c82,hsia-cd83d99ea282,hsia-cd83d99ea282,nao_se_aplica,origem,audiovisual,Metas de Inflação,2015,2015-10-08,video_educacional,Hsia Hua Sheng,apresentador,https://www.youtube.com/watch?v=OGY3sIh8ZO0,https://www.youtube.com/watch?v=OGY3sIh8ZO0,https://www.youtube.com/@Finan%C3%A7as101/videos,sim,nao_se_aplica,confirmado,sim,origem,concluido,resumo_ou_metadados_recuperados,canal Financas 101 vinculado pelo perfil institucional FGV
Financas 101,videos_podcasts,manifestacao-fd0e7a89948cc9,hsia-5f9a927fcf34,hsia-5f9a927fcf34,nao_se_aplica,origem,audiovisual,Ministro e Ministério da Economia/Fazenda,2015,2015-12-24,video_educacional,Hsia Hua Sheng,apresentador,https://www.youtube.com/watch?v=6Q6ShwkxtFs,https://www.youtube.com/watch?v=6Q6ShwkxtFs,https://www.youtube.com/@Finan%C3%A7as101/videos,sim,nao_se_aplica,confirmado,sim,origem,concluido,resumo_ou_metadados_recuperados,canal Financas 101 vinculado pelo perfil institucional FGV
Financas 101,videos_podcasts,manifestacao-e9e357337dcd2a,hsia-a3fdd9c61c33,hsia-a3fdd9c61c33,nao_se_aplica,origem,audiovisual,Monopólio,2021,2021-07-18,video_educacional,Hsia Hua Sheng,apresentador,https://www.youtube.com/watch?v=gcKwjbmzqRw,https://www.youtube.com/watch?v=gcKwjbmzqRw,https://www.youtube.com/@Finan%C3%A7as101/videos,sim,nao_se_aplica,confirmado,sim,origem,concluido,resumo_ou_metadados_recuperados,canal Financas 101 vinculado pelo perfil institucional FGV
Financas 101,videos_podcasts,manifestacao-77fc4a788bf194,hsia-d6990a3e502b,hsia-d6990a3e502b,nao_se_aplica,origem,audiovisual,Múltiplos - Valuation,2016,2016-03-31,video_educacional,Hsia Hua Sheng,apresentador,https://www.youtube.com/watch?v=3Cxew6J7UqU,https://www.youtube.com/watch?v=3Cxew6J7UqU,https://www.youtube.com/@Finan%C3%A7as101/videos,sim,nao_se_aplica,confirmado,sim,origem,concluido,resumo_ou_metadados_recuperados,canal Financas 101 vinculado pelo perfil institucional FGV
Financas 101,videos_podcasts,manifestacao-97b33f9d395e75,hsia-884708c2696f,hsia-884708c2696f,nao_se_aplica,origem,audiovisual,Normas e Padrões Éticos,2017,2017-03-30,video_educacional,Hsia Hua Sheng,apresentador,https://www.youtube.com/watch?v=qzfVBFnr9lQ,https://www.youtube.com/watch?v=qzfVBFnr9lQ,https://www.youtube.com/@Finan%C3%A7as101/videos,sim,nao_se_aplica,confirmado,sim,origem,concluido,resumo_ou_metadados_recuperados,canal Financas 101 vinculado pelo perfil institucional FGV
Financas 101,videos_podcasts,manifestacao-865eb8d535a8fe,hsia-07efbcad4a8b,hsia-07efbcad4a8b,nao_se_aplica,origem,audiovisual,O que São Fundos de Investimento,2015,2015-07-22,video_educacional,Hsia Hua Sheng,apresentador,https://www.youtube.com/watch?v=okuifR25irM,https://www.youtube.com/watch?v=okuifR25irM,https://www.youtube.com/@Finan%C3%A7as101/videos,sim,nao_se_aplica,confirmado,sim,origem,concluido,resumo_ou_metadados_recuperados,canal Financas 101 vinculado pelo perfil institucional FGV
Financas 101,videos_podcasts,manifestacao-5f77f9d26e979d,hsia-89c044b88a0c,hsia-89c044b88a0c,nao_se_aplica,origem,audiovisual,Oferta e Demanda Agregada,2021,2021-08-10,video_educacional,Hsia Hua Sheng,apresentador,https://www.youtube.com/watch?v=FB8nM7vG9tU,https://www.youtube.com/watch?v=FB8nM7vG9tU,https://www.youtube.com/@Finan%C3%A7as101/videos,sim,nao_se_aplica,confirmado,sim,origem,concluido,resumo_ou_metadados_recuperados,canal Financas 101 vinculado pelo perfil institucional FGV
Financas 101,videos_podcasts,manifestacao-91be3f49e3c2f8,hsia-1d31e41f6837,hsia-1d31e41f6837,nao_se_aplica,origem,audiovisual,Oligopólio e Teoria dos Jogos,2021,2021-08-29,video_educacional,Hsia Hua Sheng,apresentador,https://www.youtube.com/watch?v=Qm0yOqvkhwE,https://www.youtube.com/watch?v=Qm0yOqvkhwE,https://www.youtube.com/@Finan%C3%A7as101/videos,sim,nao_se_aplica,confirmado,sim,origem,concluido,resumo_ou_metadados_recuperados,canal Financas 101 vinculado pelo perfil institucional FGV
Financas 101,videos_podcasts,manifestacao-70114d69513141,hsia-7c9f59eafae1,hsia-7c9f59eafae1,nao_se_aplica,origem,audiovisual,Opções - Entenda o Básico,2021,2021-06-26,video_educacional,Hsia Hua Sheng,apresentador,https://www.youtube.com/watch?v=_nQKXUljK58,https://www.youtube.com/watch?v=_nQKXUljK58,https://www.youtube.com/@Finan%C3%A7as101/videos,sim,nao_se_aplica,confirmado,sim,origem,concluido,resumo_ou_metadados_recuperados,canal Financas 101 vinculado pelo perfil institucional FGV
Financas 101,videos_podcasts,manifestacao-53b014f030524e,hsia-1bd7e827d757,hsia-1bd7e827d757,nao_se_aplica,origem,audiovisual,Opções - Entenda o Fundamental,2016,2016-10-13,video_educacional,Hsia Hua Sheng,apresentador,https://www.youtube.com/watch?v=kCxoMED-EiI,https://www.youtube.com/watch?v=kCxoMED-EiI,https://www.youtube.com/@Finan%C3%A7as101/videos,sim,nao_se_aplica,confirmado,sim,origem,concluido,resumo_ou_metadados_recuperados,canal Financas 101 vinculado pelo perfil institucional FGV
Financas 101,videos_podcasts,manifestacao-8eb1c0f67eb2ab,hsia-76e7d058b351,hsia-76e7d058b351,nao_se_aplica,origem,audiovisual,PIB - Produto Interno Bruto,2015,2015-07-15,video_educacional,Hsia Hua Sheng,apresentador,https://www.youtube.com/watch?v=fqH4Sh4dM9Q,https://www.youtube.com/watch?v=fqH4Sh4dM9Q,https://www.youtube.com/@Finan%C3%A7as101/videos,sim,nao_se_aplica,confirmado,sim,origem,concluido,resumo_ou_metadados_recuperados,canal Financas 101 vinculado pelo perfil institucional FGV
Financas 101,videos_podcasts,manifestacao-6884ea3478d44d,hsia-ea82f0d8d80d,hsia-ea82f0d8d80d,nao_se_aplica,origem,audiovisual,"PIB, Inflação e Intermediação Financeira",2020,2020-11-25,video_educacional,Hsia Hua Sheng,apresentador,https://www.youtube.com/watch?v=VQEKO9nokUg,https://www.youtube.com/watch?v=VQEKO9nokUg,https://www.youtube.com/@Finan%C3%A7as101/videos,sim,nao_se_aplica,confirmado,sim,origem,concluido,resumo_ou_metadados_recuperados,canal Financas 101 vinculado pelo perfil institucional FGV
Financas 101,videos_podcasts,manifestacao-6b9b7cf929eb83,hsia-c9b49ae7c1af,hsia-c9b49ae7c1af,nao_se_aplica,origem,audiovisual,Payoff e Lucro das Opções - Entenda Graficamente,2021,2021-06-29,video_educacional,Hsia Hua Sheng,apresentador,https://www.youtube.com/watch?v=MIXyly7A6lI,https://www.youtube.com/watch?v=MIXyly7A6lI,https://www.youtube.com/@Finan%C3%A7as101/videos,sim,nao_se_aplica,confirmado,sim,origem,concluido,resumo_ou_metadados_recuperados,canal Financas 101 vinculado pelo perfil institucional FGV
Financas 101,videos_podcasts,manifestacao-0f9271d1b90bc7,hsia-13ac63ddcc06,hsia-13ac63ddcc06,nao_se_aplica,origem,audiovisual,Política Fiscal,2015,2015-10-01,video_educacional,Hsia Hua Sheng,apresentador,https://www.youtube.com/watch?v=oILkxBIMHtE,https://www.youtube.com/watch?v=oILkxBIMHtE,https://www.youtube.com/@Finan%C3%A7as101/videos,sim,nao_se_aplica,confirmado,sim,origem,concluido,resumo_ou_metadados_recuperados,canal Financas 101 vinculado pelo perfil institucional FGV
Financas 101,videos_podcasts,manifestacao-da7c818d26e4ea,hsia-898aecb335b0,hsia-898aecb335b0,nao_se_aplica,origem,audiovisual,Política Monetária,2015,2015-09-03,video_educacional,Hsia Hua Sheng,apresentador,https://www.youtube.com/watch?v=83v6uIMKKTE,https://www.youtube.com/watch?v=83v6uIMKKTE,https://www.youtube.com/@Finan%C3%A7as101/videos,sim,nao_se_aplica,confirmado,sim,origem,concluido,resumo_ou_metadados_recuperados,canal Financas 101 vinculado pelo perfil institucional FGV
Financas 101,videos_podcasts,manifestacao-8fc8a75678da1a,hsia-19db10cf1640,hsia-19db10cf1640,nao_se_aplica,origem,audiovisual,"Políticas Econômicas - Mercado Monetário, Mercado Cambial e Política Fiscal",2020,2020-08-07,video_educacional,Hsia Hua Sheng,apresentador,https://www.youtube.com/watch?v=CV-TjyJJghY,https://www.youtube.com/watch?v=CV-TjyJJghY,https://www.youtube.com/@Finan%C3%A7as101/videos,sim,nao_se_aplica,confirmado,sim,origem,concluido,resumo_ou_metadados_recuperados,canal Financas 101 vinculado pelo perfil institucional FGV
Financas 101,videos_podcasts,manifestacao-c22017f12f5c7e,hsia-e86284dd50d0,hsia-e86284dd50d0,nao_se_aplica,origem,audiovisual,Poupança,2015,2015-05-24,video_educacional,Hsia Hua Sheng,apresentador,https://www.youtube.com/watch?v=rjmOzmJknjc,https://www.youtube.com/watch?v=rjmOzmJknjc,https://www.youtube.com/@Finan%C3%A7as101/videos,sim,nao_se_aplica,confirmado,sim,origem,concluido,resumo_ou_metadados_recuperados,canal Financas 101 vinculado pelo perfil institucional FGV
Financas 101,videos_podcasts,manifestacao-f53aad6ac58ee1,hsia-651c65cbe0eb,hsia-651c65cbe0eb,nao_se_aplica,origem,audiovisual,Precificação Tesouro Prefixado (LTN) no Excel,2020,2020-12-21,video_educacional,Hsia Hua Sheng,apresentador,https://www.youtube.com/watch?v=FgSZeGc0kgw,https://www.youtube.com/watch?v=FgSZeGc0kgw,https://www.youtube.com/@Finan%C3%A7as101/videos,sim,nao_se_aplica,confirmado,sim,origem,concluido,resumo_ou_metadados_recuperados,canal Financas 101 vinculado pelo perfil institucional FGV
Financas 101,videos_podcasts,manifestacao-3a35c3e9a2b3c8,hsia-b660c3a04dfe,hsia-b660c3a04dfe,nao_se_aplica,origem,audiovisual,Precificação Tesouro Prefixado com Juros Semestrais (NTN-F) no Excel,2020,2020-12-24,video_educacional,Hsia Hua Sheng,apresentador,https://www.youtube.com/watch?v=8kGtyH_kax8,https://www.youtube.com/watch?v=8kGtyH_kax8,https://www.youtube.com/@Finan%C3%A7as101/videos,sim,nao_se_aplica,confirmado,sim,origem,concluido,resumo_ou_metadados_recuperados,canal Financas 101 vinculado pelo perfil institucional FGV
Financas 101,videos_podcasts,manifestacao-27d7bb4654380b,hsia-ee1949c0317d,hsia-ee1949c0317d,nao_se_aplica,origem,audiovisual,Prevenção e Combate à Lavagem de Dinheiro,2017,2017-06-29,video_educacional,Hsia Hua Sheng,apresentador,https://www.youtube.com/watch?v=Yl9O2MuIScE,https://www.youtube.com/watch?v=Yl9O2MuIScE,https://www.youtube.com/@Finan%C3%A7as101/videos,sim,nao_se_aplica,confirmado,sim,origem,concluido,resumo_ou_metadados_recuperados,canal Financas 101 vinculado pelo perfil institucional FGV
Financas 101,videos_podcasts,manifestacao-8b528e9063e4c3,hsia-e43f64bfeb3b,hsia-e43f64bfeb3b,nao_se_aplica,origem,audiovisual,Previdência Privada,2015,2015-12-10,video_educacional,Hsia Hua Sheng,apresentador,https://www.youtube.com/watch?v=_j-Mzuto0sc,https://www.youtube.com/watch?v=_j-Mzuto0sc,https://www.youtube.com/@Finan%C3%A7as101/videos,sim,nao_se_aplica,confirmado,sim,origem,concluido,resumo_ou_metadados_recuperados,canal Financas 101 vinculado pelo perfil institucional FGV
Financas 101,videos_podcasts,manifestacao-202feee086180b,hsia-406f79562b46,hsia-406f79562b46,nao_se_aplica,origem,audiovisual,Previdência Privada - PGBL e VGBL,2015,2015-12-17,video_educacional,Hsia Hua Sheng,apresentador,https://www.youtube.com/watch?v=1XkR4npEg2Y,https://www.youtube.com/watch?v=1XkR4npEg2Y,https://www.youtube.com/@Finan%C3%A7as101/videos,sim,nao_se_aplica,confirmado,sim,origem,concluido,resumo_ou_metadados_recuperados,canal Financas 101 vinculado pelo perfil institucional FGV
Financas 101,videos_podcasts,manifestacao-bb9795fa6500dc,hsia-914974cb8cea,hsia-914974cb8cea,nao_se_aplica,origem,audiovisual,Previdência Privada - Regimes de Tributação,2016,2016-01-07,video_educacional,Hsia Hua Sheng,apresentador,https://www.youtube.com/watch?v=cizmgibFyXM,https://www.youtube.com/watch?v=cizmgibFyXM,https://www.youtube.com/@Finan%C3%A7as101/videos,sim,nao_se_aplica,confirmado,sim,origem,concluido,resumo_ou_metadados_recuperados,canal Financas 101 vinculado pelo perfil institucional FGV
Financas 101,videos_podcasts,manifestacao-3b601751c4d720,hsia-d7fdb5a4dd8d,hsia-d7fdb5a4dd8d,nao_se_aplica,origem,audiovisual,"Preços Máximos, Preços Mínimos e Impostos",2020,2020-08-13,video_educacional,Hsia Hua Sheng,apresentador,https://www.youtube.com/watch?v=o7tyQCx57PA,https://www.youtube.com/watch?v=o7tyQCx57PA,https://www.youtube.com/@Finan%C3%A7as101/videos,sim,nao_se_aplica,confirmado,sim,origem,concluido,resumo_ou_metadados_recuperados,canal Financas 101 vinculado pelo perfil institucional FGV
Financas 101,videos_podcasts,manifestacao-502a49221dc37a,hsia-1944a3d3f498,hsia-1944a3d3f498,nao_se_aplica,origem,audiovisual,Principais Títulos Públicos,2015,2015-05-24,video_educacional,Hsia Hua Sheng,apresentador,https://www.youtube.com/watch?v=BAGiVF-rt4U,https://www.youtube.com/watch?v=BAGiVF-rt4U,https://www.youtube.com/@Finan%C3%A7as101/videos,sim,nao_se_aplica,confirmado,sim,origem,concluido,resumo_ou_metadados_recuperados,canal Financas 101 vinculado pelo perfil institucional FGV
Financas 101,videos_podcasts,manifestacao-4719c499794b8b,hsia-ad84f2a12650,hsia-ad84f2a12650,nao_se_aplica,origem,audiovisual,Principal Objetivo da Empresas,2026,2026-08-08,video_educacional,Hsia Hua Sheng,apresentador,https://www.youtube.com/watch?v=2e0vFJjkUzE,https://www.youtube.com/watch?v=2e0vFJjkUzE,https://www.youtube.com/@Finan%C3%A7as101/videos,sim,nao_se_aplica,confirmado,sim,origem,concluido,resumo_ou_metadados_recuperados,canal Financas 101 vinculado pelo perfil institucional FGV
Financas 101,videos_podcasts,manifestacao-867d19d72a9145,hsia-35b9d312a720,hsia-35b9d312a720,nao_se_aplica,origem,audiovisual,Produtos Financeiros de Crédito e Renda Fixa,2020,2020-07-30,video_educacional,Hsia Hua Sheng,apresentador,https://www.youtube.com/watch?v=xgEa-gxMpas,https://www.youtube.com/watch?v=xgEa-gxMpas,https://www.youtube.com/@Finan%C3%A7as101/videos,sim,nao_se_aplica,confirmado,sim,origem,concluido,resumo_ou_metadados_recuperados,canal Financas 101 vinculado pelo perfil institucional FGV
Financas 101,videos_podcasts,manifestacao-6d11989d2a8bd9,hsia-8e5d57125aa5,hsia-8e5d57125aa5,nao_se_aplica,origem,audiovisual,Pré vs Pós Fixado,2017,2017-06-08,video_educacional,Hsia Hua Sheng,apresentador,https://www.youtube.com/watch?v=UebQBGSVork,https://www.youtube.com/watch?v=UebQBGSVork,https://www.youtube.com/@Finan%C3%A7as101/videos,sim,nao_se_aplica,confirmado,sim,origem,concluido,resumo_ou_metadados_recuperados,canal Financas 101 vinculado pelo perfil institucional FGV
Financas 101,videos_podcasts,manifestacao-9879ee3758aa37,hsia-f3573896cbe8,hsia-f3573896cbe8,nao_se_aplica,origem,audiovisual,Ptax - Taxa de Câmbio,2016,2016-08-04,video_educacional,Hsia Hua Sheng,apresentador,https://www.youtube.com/watch?v=jyzer0KynfQ,https://www.youtube.com/watch?v=jyzer0KynfQ,https://www.youtube.com/@Finan%C3%A7as101/videos,sim,nao_se_aplica,confirmado,sim,origem,concluido,resumo_ou_metadados_recuperados,canal Financas 101 vinculado pelo perfil institucional FGV
Financas 101,videos_podcasts,manifestacao-bb67aa8833ce72,hsia-f52718345c03,hsia-f52718345c03,nao_se_aplica,origem,audiovisual,Ranking de Fundos,2016,2016-02-11,video_educacional,Hsia Hua Sheng,apresentador,https://www.youtube.com/watch?v=GTQINFm5NJQ,https://www.youtube.com/watch?v=GTQINFm5NJQ,https://www.youtube.com/@Finan%C3%A7as101/videos,sim,nao_se_aplica,confirmado,sim,origem,concluido,resumo_ou_metadados_recuperados,canal Financas 101 vinculado pelo perfil institucional FGV
Financas 101,videos_podcasts,manifestacao-0425a299e0696f,hsia-327660be10ae,hsia-327660be10ae,nao_se_aplica,origem,audiovisual,"Regressão - Especificação, Endogeneidade e Causalidade",2021,2021-01-25,video_educacional,Hsia Hua Sheng,apresentador,https://www.youtube.com/watch?v=JEXeH0oKnqE,https://www.youtube.com/watch?v=JEXeH0oKnqE,https://www.youtube.com/@Finan%C3%A7as101/videos,sim,nao_se_aplica,confirmado,sim,origem,concluido,resumo_ou_metadados_recuperados,canal Financas 101 vinculado pelo perfil institucional FGV
Financas 101,videos_podcasts,manifestacao-d2a07e1ee29008,hsia-0078a7aea2a7,hsia-0078a7aea2a7,nao_se_aplica,origem,audiovisual,Regressão - Formas Funcionais e Variáveis Qualitativas (Dummy),2021,2021-01-17,video_educacional,Hsia Hua Sheng,apresentador,https://www.youtube.com/watch?v=SrVJ1s0zxUQ,https://www.youtube.com/watch?v=SrVJ1s0zxUQ,https://www.youtube.com/@Finan%C3%A7as101/videos,sim,nao_se_aplica,confirmado,sim,origem,concluido,resumo_ou_metadados_recuperados,canal Financas 101 vinculado pelo perfil institucional FGV
Financas 101,videos_podcasts,manifestacao-53f768c9a068c5,hsia-2a0a6b79092b,hsia-2a0a6b79092b,nao_se_aplica,origem,audiovisual,Regressão Linear Múltipla,2021,2021-01-10,video_educacional,Hsia Hua Sheng,apresentador,https://www.youtube.com/watch?v=z9L48svShqY,https://www.youtube.com/watch?v=z9L48svShqY,https://www.youtube.com/@Finan%C3%A7as101/videos,sim,nao_se_aplica,confirmado,sim,origem,concluido,resumo_ou_metadados_recuperados,canal Financas 101 vinculado pelo perfil institucional FGV
Financas 101,videos_podcasts,manifestacao-89bfab4b5fb61e,hsia-f750b7e9e43d,hsia-f750b7e9e43d,nao_se_aplica,origem,audiovisual,Regressão Linear Simples,2020,2020-12-19,video_educacional,Hsia Hua Sheng,apresentador,https://www.youtube.com/watch?v=tsj2zBbYdVY,https://www.youtube.com/watch?v=tsj2zBbYdVY,https://www.youtube.com/@Finan%C3%A7as101/videos,sim,nao_se_aplica,confirmado,sim,origem,concluido,resumo_ou_metadados_recuperados,canal Financas 101 vinculado pelo perfil institucional FGV
Financas 101,videos_podcasts,manifestacao-475587619f153e,hsia-ec873c781735,hsia-ec873c781735,nao_se_aplica,origem,audiovisual,"Regressão Logística (Logit), Probit e Tobit",2021,2021-02-13,video_educacional,Hsia Hua Sheng,apresentador,https://www.youtube.com/watch?v=0VDjs2HaH48,https://www.youtube.com/watch?v=0VDjs2HaH48,https://www.youtube.com/@Finan%C3%A7as101/videos,sim,nao_se_aplica,confirmado,sim,origem,concluido,resumo_ou_metadados_recuperados,canal Financas 101 vinculado pelo perfil institucional FGV
Financas 101,videos_podcasts,manifestacao-2b8a560ed7d68f,hsia-f4a996ada9ac,hsia-f4a996ada9ac,nao_se_aplica,origem,audiovisual,Relatório Focus,2016,2016-01-21,video_educacional,Hsia Hua Sheng,apresentador,https://www.youtube.com/watch?v=niVK-lTQdtA,https://www.youtube.com/watch?v=niVK-lTQdtA,https://www.youtube.com/@Finan%C3%A7as101/videos,sim,nao_se_aplica,confirmado,sim,origem,concluido,resumo_ou_metadados_recuperados,canal Financas 101 vinculado pelo perfil institucional FGV
Financas 101,videos_podcasts,manifestacao-0bab1d74e862c0,hsia-3fbbb3f8a70a,hsia-3fbbb3f8a70a,nao_se_aplica,origem,audiovisual,Relação Espúria,2021,2021-02-01,video_educacional,Hsia Hua Sheng,apresentador,https://www.youtube.com/watch?v=kn9HBQYluu0,https://www.youtube.com/watch?v=kn9HBQYluu0,https://www.youtube.com/@Finan%C3%A7as101/videos,sim,nao_se_aplica,confirmado,sim,origem,concluido,resumo_ou_metadados_recuperados,canal Financas 101 vinculado pelo perfil institucional FGV
Financas 101,videos_podcasts,manifestacao-00a4bd2c443cad,hsia-d326a5473712,hsia-d326a5473712,nao_se_aplica,origem,audiovisual,Renda Fixa - Entenda o Básico e Essencial,2017,2017-05-25,video_educacional,Hsia Hua Sheng,apresentador,https://www.youtube.com/watch?v=8aMi2A9Jdgg,https://www.youtube.com/watch?v=8aMi2A9Jdgg,https://www.youtube.com/@Finan%C3%A7as101/videos,sim,nao_se_aplica,confirmado,sim,origem,concluido,resumo_ou_metadados_recuperados,canal Financas 101 vinculado pelo perfil institucional FGV
Financas 101,videos_podcasts,manifestacao-0cd20237dddcef,hsia-d26fbe3e03f5,hsia-d26fbe3e03f5,nao_se_aplica,origem,audiovisual,Rentabilidade de Títulos de Renda Fixa,2017,2017-06-15,video_educacional,Hsia Hua Sheng,apresentador,https://www.youtube.com/watch?v=FoOlW3xNrBY,https://www.youtube.com/watch?v=FoOlW3xNrBY,https://www.youtube.com/@Finan%C3%A7as101/videos,sim,nao_se_aplica,confirmado,sim,origem,concluido,resumo_ou_metadados_recuperados,canal Financas 101 vinculado pelo perfil institucional FGV
Financas 101,videos_podcasts,manifestacao-a131b8fb9603bb,hsia-48e756643f58,hsia-48e756643f58,nao_se_aplica,origem,audiovisual,Reservas Internacionais,2017,2017-04-27,video_educacional,Hsia Hua Sheng,apresentador,https://www.youtube.com/watch?v=BPpsEMvJ64o,https://www.youtube.com/watch?v=BPpsEMvJ64o,https://www.youtube.com/@Finan%C3%A7as101/videos,sim,nao_se_aplica,confirmado,sim,origem,concluido,resumo_ou_metadados_recuperados,canal Financas 101 vinculado pelo perfil institucional FGV
Financas 101,videos_podcasts,manifestacao-5e9b416b8b3831,hsia-6bda4eb6bc55,hsia-6bda4eb6bc55,nao_se_aplica,origem,audiovisual,Resultado Primário - Superávit ou Déficit,2016,2016-04-14,video_educacional,Hsia Hua Sheng,apresentador,https://www.youtube.com/watch?v=fF2XKgneJ8s,https://www.youtube.com/watch?v=fF2XKgneJ8s,https://www.youtube.com/@Finan%C3%A7as101/videos,sim,nao_se_aplica,confirmado,sim,origem,concluido,resumo_ou_metadados_recuperados,canal Financas 101 vinculado pelo perfil institucional FGV
Financas 101,videos_podcasts,manifestacao-3284bca8363376,hsia-63766f506056,hsia-63766f506056,nao_se_aplica,origem,audiovisual,Risco País,2016,2016-03-24,video_educacional,Hsia Hua Sheng,apresentador,https://www.youtube.com/watch?v=9j6VSMnJmmw,https://www.youtube.com/watch?v=9j6VSMnJmmw,https://www.youtube.com/@Finan%C3%A7as101/videos,sim,nao_se_aplica,confirmado,sim,origem,concluido,resumo_ou_metadados_recuperados,canal Financas 101 vinculado pelo perfil institucional FGV
Financas 101,videos_podcasts,manifestacao-d10c45be7869e4,hsia-03d7c03260ae,hsia-03d7c03260ae,nao_se_aplica,origem,audiovisual,Risco Sistemático vs. Risco Específico,2016,2016-05-26,video_educacional,Hsia Hua Sheng,apresentador,https://www.youtube.com/watch?v=StJi8Fg-AUo,https://www.youtube.com/watch?v=StJi8Fg-AUo,https://www.youtube.com/@Finan%C3%A7as101/videos,sim,nao_se_aplica,confirmado,sim,origem,concluido,resumo_ou_metadados_recuperados,canal Financas 101 vinculado pelo perfil institucional FGV
Financas 101,videos_podcasts,manifestacao-751e42a5b3c082,hsia-8ca48b128cef,hsia-8ca48b128cef,nao_se_aplica,origem,audiovisual,Risco das Instituições Financeiras,2020,2020-08-06,video_educacional,Hsia Hua Sheng,apresentador,https://www.youtube.com/watch?v=IGDFjwCI9zI,https://www.youtube.com/watch?v=IGDFjwCI9zI,https://www.youtube.com/@Finan%C3%A7as101/videos,sim,nao_se_aplica,confirmado,sim,origem,concluido,resumo_ou_metadados_recuperados,canal Financas 101 vinculado pelo perfil institucional FGV
Financas 101,videos_podcasts,manifestacao-24a3826ba6324b,hsia-7dac02e341e8,hsia-7dac02e341e8,nao_se_aplica,origem,audiovisual,Risco de Imagem (Reputação) e Risco Legal,2017,2017-03-09,video_educacional,Hsia Hua Sheng,apresentador,https://www.youtube.com/watch?v=xi_PTYlaQ-k,https://www.youtube.com/watch?v=xi_PTYlaQ-k,https://www.youtube.com/@Finan%C3%A7as101/videos,sim,nao_se_aplica,confirmado,sim,origem,concluido,resumo_ou_metadados_recuperados,canal Financas 101 vinculado pelo perfil institucional FGV
Financas 101,videos_podcasts,manifestacao-9c5d40fc6bb792,hsia-f60c9123bf5f,hsia-f60c9123bf5f,nao_se_aplica,origem,audiovisual,SELIC - Sistema Especial de Liquidação e Custódia,2016,2016-10-27,video_educacional,Hsia Hua Sheng,apresentador,https://www.youtube.com/watch?v=mPQ-pGIT3NI,https://www.youtube.com/watch?v=mPQ-pGIT3NI,https://www.youtube.com/@Finan%C3%A7as101/videos,sim,nao_se_aplica,confirmado,sim,origem,concluido,resumo_ou_metadados_recuperados,canal Financas 101 vinculado pelo perfil institucional FGV
Financas 101,videos_podcasts,manifestacao-0429f2dd8bc0ba,hsia-f7ca0d9e67a6,hsia-f7ca0d9e67a6,nao_se_aplica,origem,audiovisual,SFN - Sistema Financeiro Nacional,2016,2016-12-15,video_educacional,Hsia Hua Sheng,apresentador,https://www.youtube.com/watch?v=1UWTlCrPILQ,https://www.youtube.com/watch?v=1UWTlCrPILQ,https://www.youtube.com/@Finan%C3%A7as101/videos,sim,nao_se_aplica,confirmado,sim,origem,concluido,resumo_ou_metadados_recuperados,canal Financas 101 vinculado pelo perfil institucional FGV
Financas 101,videos_podcasts,manifestacao-e1878e9debf985,hsia-2ce6ca3d4916,hsia-2ce6ca3d4916,nao_se_aplica,origem,audiovisual,SFN - Sistema Financeiro Nacional e Mercado de Crédito,2020,2020-07-08,video_educacional,Hsia Hua Sheng,apresentador,https://www.youtube.com/watch?v=NZgS4o8cQms,https://www.youtube.com/watch?v=NZgS4o8cQms,https://www.youtube.com/@Finan%C3%A7as101/videos,sim,nao_se_aplica,confirmado,sim,origem,concluido,resumo_ou_metadados_recuperados,canal Financas 101 vinculado pelo perfil institucional FGV
Financas 101,videos_podcasts,manifestacao-ec5729159823f8,hsia-dd8b82c99acb,hsia-dd8b82c99acb,nao_se_aplica,origem,audiovisual,Seguro D&O,2017,2017-06-22,video_educacional,Hsia Hua Sheng,apresentador,https://www.youtube.com/watch?v=15igdTkqLc8,https://www.youtube.com/watch?v=15igdTkqLc8,https://www.youtube.com/@Finan%C3%A7as101/videos,sim,nao_se_aplica,confirmado,sim,origem,concluido,resumo_ou_metadados_recuperados,canal Financas 101 vinculado pelo perfil institucional FGV
Financas 101,videos_podcasts,manifestacao-00978efdf80772,hsia-54b00c9531a4,hsia-54b00c9531a4,nao_se_aplica,origem,audiovisual,Startup,2016,2016-04-28,video_educacional,Hsia Hua Sheng,apresentador,https://www.youtube.com/watch?v=vjHS1ej12D4,https://www.youtube.com/watch?v=vjHS1ej12D4,https://www.youtube.com/@Finan%C3%A7as101/videos,sim,nao_se_aplica,confirmado,sim,origem,concluido,resumo_ou_metadados_recuperados,canal Financas 101 vinculado pelo perfil institucional FGV
Financas 101,videos_podcasts,manifestacao-5a1347834d6d82,hsia-f61bacea50a7,hsia-f61bacea50a7,nao_se_aplica,origem,audiovisual,Sunk Costs - Custos Irrecuperáveis,2021,2021-07-13,video_educacional,Hsia Hua Sheng,apresentador,https://www.youtube.com/watch?v=9_5UDh5ib4s,https://www.youtube.com/watch?v=9_5UDh5ib4s,https://www.youtube.com/@Finan%C3%A7as101/videos,sim,nao_se_aplica,confirmado,sim,origem,concluido,resumo_ou_metadados_recuperados,canal Financas 101 vinculado pelo perfil institucional FGV
Financas 101,videos_podcasts,manifestacao-9776e2344fec43,hsia-188472d71efe,hsia-188472d71efe,nao_se_aplica,origem,audiovisual,Swap,2016,2016-11-24,video_educacional,Hsia Hua Sheng,apresentador,https://www.youtube.com/watch?v=5LwGBIlKWC8,https://www.youtube.com/watch?v=5LwGBIlKWC8,https://www.youtube.com/@Finan%C3%A7as101/videos,sim,nao_se_aplica,confirmado,sim,origem,concluido,resumo_ou_metadados_recuperados,canal Financas 101 vinculado pelo perfil institucional FGV
Financas 101,videos_podcasts,manifestacao-9cf8b0584824e4,hsia-c861ac95a06e,hsia-c861ac95a06e,nao_se_aplica,origem,audiovisual,Swap Cambial e Swap Cambial Reverso,2016,2016-12-01,video_educacional,Hsia Hua Sheng,apresentador,https://www.youtube.com/watch?v=XvGdQuw55l0,https://www.youtube.com/watch?v=XvGdQuw55l0,https://www.youtube.com/@Finan%C3%A7as101/videos,sim,nao_se_aplica,confirmado,sim,origem,concluido,resumo_ou_metadados_recuperados,canal Financas 101 vinculado pelo perfil institucional FGV
Financas 101,videos_podcasts,manifestacao-eac5f1f9b82b8c,hsia-ee4cc3d479cb,hsia-ee4cc3d479cb,nao_se_aplica,origem,audiovisual,TJLP - Taxa de Juros de Longo Prazo,2016,2016-06-16,video_educacional,Hsia Hua Sheng,apresentador,https://www.youtube.com/watch?v=LSoqqP9o2pw,https://www.youtube.com/watch?v=LSoqqP9o2pw,https://www.youtube.com/@Finan%C3%A7as101/videos,sim,nao_se_aplica,confirmado,sim,origem,concluido,resumo_ou_metadados_recuperados,canal Financas 101 vinculado pelo perfil institucional FGV
Financas 101,videos_podcasts,manifestacao-121827a52798e4,hsia-d920689948c1,hsia-d920689948c1,nao_se_aplica,origem,audiovisual,TR - Taxa Referencial,2015,2015-10-22,video_educacional,Hsia Hua Sheng,apresentador,https://www.youtube.com/watch?v=RiuT55jFnsI,https://www.youtube.com/watch?v=RiuT55jFnsI,https://www.youtube.com/@Finan%C3%A7as101/videos,sim,nao_se_aplica,confirmado,sim,origem,concluido,resumo_ou_metadados_recuperados,canal Financas 101 vinculado pelo perfil institucional FGV
Financas 101,videos_podcasts,manifestacao-38fcae8d5593c6,hsia-55aafac04da4,hsia-55aafac04da4,nao_se_aplica,origem,audiovisual,Tag Along e Drag Along,2016,2016-08-25,video_educacional,Hsia Hua Sheng,apresentador,https://www.youtube.com/watch?v=LsT3DGyCpDw,https://www.youtube.com/watch?v=LsT3DGyCpDw,https://www.youtube.com/@Finan%C3%A7as101/videos,sim,nao_se_aplica,confirmado,sim,origem,concluido,resumo_ou_metadados_recuperados,canal Financas 101 vinculado pelo perfil institucional FGV
Financas 101,videos_podcasts,manifestacao-cd5e582afcb335,hsia-708abf714c92,hsia-708abf714c92,nao_se_aplica,origem,audiovisual,Taxa Livre de Risco,2016,2016-06-09,video_educacional,Hsia Hua Sheng,apresentador,https://www.youtube.com/watch?v=duzOvqvvKck,https://www.youtube.com/watch?v=duzOvqvvKck,https://www.youtube.com/@Finan%C3%A7as101/videos,sim,nao_se_aplica,confirmado,sim,origem,concluido,resumo_ou_metadados_recuperados,canal Financas 101 vinculado pelo perfil institucional FGV
Financas 101,videos_podcasts,manifestacao-39298a1f6a3f03,hsia-513e72fd97d5,hsia-513e72fd97d5,nao_se_aplica,origem,audiovisual,Taxa SELIC,2015,2015-05-24,video_educacional,Hsia Hua Sheng,apresentador,https://www.youtube.com/watch?v=uRDDahQYIqw,https://www.youtube.com/watch?v=uRDDahQYIqw,https://www.youtube.com/@Finan%C3%A7as101/videos,sim,nao_se_aplica,confirmado,sim,origem,concluido,resumo_ou_metadados_recuperados,canal Financas 101 vinculado pelo perfil institucional FGV
Financas 101,videos_podcasts,manifestacao-0bb91119de0322,hsia-23dd5f1d73d4,hsia-23dd5f1d73d4,nao_se_aplica,origem,audiovisual,Taxa de Juros Nominal e Real,2016,2016-06-23,video_educacional,Hsia Hua Sheng,apresentador,https://www.youtube.com/watch?v=gozhoCDbtS0,https://www.youtube.com/watch?v=gozhoCDbtS0,https://www.youtube.com/@Finan%C3%A7as101/videos,sim,nao_se_aplica,confirmado,sim,origem,concluido,resumo_ou_metadados_recuperados,canal Financas 101 vinculado pelo perfil institucional FGV
Financas 101,videos_podcasts,manifestacao-d182e799007f53,hsia-51ed8aad624d,hsia-51ed8aad624d,nao_se_aplica,origem,audiovisual,Taxas de um Fundo de Investimento,2016,2016-07-14,video_educacional,Hsia Hua Sheng,apresentador,https://www.youtube.com/watch?v=XP-2V8OHO5s,https://www.youtube.com/watch?v=XP-2V8OHO5s,https://www.youtube.com/@Finan%C3%A7as101/videos,sim,nao_se_aplica,confirmado,sim,origem,concluido,resumo_ou_metadados_recuperados,canal Financas 101 vinculado pelo perfil institucional FGV
Financas 101,videos_podcasts,manifestacao-5b0a7b53ea5c05,hsia-2592bc0ba894,hsia-2592bc0ba894,nao_se_aplica,origem,audiovisual,Teoria de Carteiras - Markowitz,2020,2020-09-02,video_educacional,Hsia Hua Sheng,apresentador,https://www.youtube.com/watch?v=7RdlxNZNXhU,https://www.youtube.com/watch?v=7RdlxNZNXhU,https://www.youtube.com/@Finan%C3%A7as101/videos,sim,nao_se_aplica,confirmado,sim,origem,concluido,resumo_ou_metadados_recuperados,canal Financas 101 vinculado pelo perfil institucional FGV
Financas 101,videos_podcasts,manifestacao-8629c045def733,hsia-f09fcb829f4f,hsia-f09fcb829f4f,nao_se_aplica,origem,audiovisual,Teoria dos Jogos,2021,2021-09-02,video_educacional,Hsia Hua Sheng,apresentador,https://www.youtube.com/watch?v=RuOo0Umsc78,https://www.youtube.com/watch?v=RuOo0Umsc78,https://www.youtube.com/@Finan%C3%A7as101/videos,sim,nao_se_aplica,confirmado,sim,origem,concluido,resumo_ou_metadados_recuperados,canal Financas 101 vinculado pelo perfil institucional FGV
Financas 101,videos_podcasts,manifestacao-5923aeffe63fd8,hsia-8341a9b5b514,hsia-8341a9b5b514,nao_se_aplica,origem,audiovisual,Tesouro Direto,2015,2015-05-24,video_educacional,Hsia Hua Sheng,apresentador,https://www.youtube.com/watch?v=wgXQahs4F-E,https://www.youtube.com/watch?v=wgXQahs4F-E,https://www.youtube.com/@Finan%C3%A7as101/videos,sim,nao_se_aplica,confirmado,sim,origem,concluido,resumo_ou_metadados_recuperados,canal Financas 101 vinculado pelo perfil institucional FGV
Financas 101,videos_podcasts,manifestacao-64de3b80ce2f4f,hsia-f03e902d7133,hsia-f03e902d7133,nao_se_aplica,origem,audiovisual,Teste de Hipóteses para a Média,2020,2020-12-05,video_educacional,Hsia Hua Sheng,apresentador,https://www.youtube.com/watch?v=NhQYDv3lCRg,https://www.youtube.com/watch?v=NhQYDv3lCRg,https://www.youtube.com/@Finan%C3%A7as101/videos,sim,nao_se_aplica,confirmado,sim,origem,concluido,resumo_ou_metadados_recuperados,canal Financas 101 vinculado pelo perfil institucional FGV
Financas 101,videos_podcasts,manifestacao-feee0406718186,hsia-2e50e9507bab,hsia-2e50e9507bab,nao_se_aplica,origem,audiovisual,Teste de Médias e Anova - Comparações Envolvendo Médias,2020,2020-12-11,video_educacional,Hsia Hua Sheng,apresentador,https://www.youtube.com/watch?v=B6lzS2IJxq0,https://www.youtube.com/watch?v=B6lzS2IJxq0,https://www.youtube.com/@Finan%C3%A7as101/videos,sim,nao_se_aplica,confirmado,sim,origem,concluido,resumo_ou_metadados_recuperados,canal Financas 101 vinculado pelo perfil institucional FGV
Financas 101,videos_podcasts,manifestacao-ce1b425f8e4d00,hsia-59838e95e5dc,hsia-59838e95e5dc,nao_se_aplica,origem,audiovisual,Tipos de Bancos,2017,2017-01-05,video_educacional,Hsia Hua Sheng,apresentador,https://www.youtube.com/watch?v=Rq582eipbx8,https://www.youtube.com/watch?v=Rq582eipbx8,https://www.youtube.com/@Finan%C3%A7as101/videos,sim,nao_se_aplica,confirmado,sim,origem,concluido,resumo_ou_metadados_recuperados,canal Financas 101 vinculado pelo perfil institucional FGV
Financas 101,videos_podcasts,manifestacao-09561d0af61124,hsia-d09c81bb4f30,hsia-d09c81bb4f30,nao_se_aplica,origem,audiovisual,Tributação dos Fundos de Investimento,2016,2016-09-15,video_educacional,Hsia Hua Sheng,apresentador,https://www.youtube.com/watch?v=fYBFk5-nyec,https://www.youtube.com/watch?v=fYBFk5-nyec,https://www.youtube.com/@Finan%C3%A7as101/videos,sim,nao_se_aplica,confirmado,sim,origem,concluido,resumo_ou_metadados_recuperados,canal Financas 101 vinculado pelo perfil institucional FGV
Financas 101,videos_podcasts,manifestacao-ef5afa4b7c5b1e,hsia-109c12a7bccd,hsia-109c12a7bccd,nao_se_aplica,origem,audiovisual,Títulos Públicos Prefixados,2015,2015-05-24,video_educacional,Hsia Hua Sheng,apresentador,https://www.youtube.com/watch?v=aj_zGfpFFaI,https://www.youtube.com/watch?v=aj_zGfpFFaI,https://www.youtube.com/@Finan%C3%A7as101/videos,sim,nao_se_aplica,confirmado,sim,origem,concluido,resumo_ou_metadados_recuperados,canal Financas 101 vinculado pelo perfil institucional FGV
Financas 101,videos_podcasts,manifestacao-915958e1bc9964,hsia-07a1226e04af,hsia-07a1226e04af,nao_se_aplica,origem,audiovisual,Títulos Públicos Pós Fixados ou Indexados,2015,2015-05-24,video_educacional,Hsia Hua Sheng,apresentador,https://www.youtube.com/watch?v=tOeQfdrQP0U,https://www.youtube.com/watch?v=tOeQfdrQP0U,https://www.youtube.com/@Finan%C3%A7as101/videos,sim,nao_se_aplica,confirmado,sim,origem,concluido,resumo_ou_metadados_recuperados,canal Financas 101 vinculado pelo perfil institucional FGV
Financas 101,videos_podcasts,manifestacao-5dd965e62feca7,hsia-4ccac15e0092,hsia-4ccac15e0092,nao_se_aplica,origem,audiovisual,Títulos Públicos: Qual Tipo Escolher?,2015,2015-11-26,video_educacional,Hsia Hua Sheng,apresentador,https://www.youtube.com/watch?v=vTqS1C4CCyk,https://www.youtube.com/watch?v=vTqS1C4CCyk,https://www.youtube.com/@Finan%C3%A7as101/videos,sim,nao_se_aplica,confirmado,sim,origem,concluido,resumo_ou_metadados_recuperados,canal Financas 101 vinculado pelo perfil institucional FGV
Financas 101,videos_podcasts,manifestacao-10c4a27dec8e99,hsia-3e08ef883818,hsia-3e08ef883818,nao_se_aplica,origem,audiovisual,Títulos Públicos: Qual Vencimento Escolher,2015,2015-11-19,video_educacional,Hsia Hua Sheng,apresentador,https://www.youtube.com/watch?v=nQo-A5ThzPI,https://www.youtube.com/watch?v=nQo-A5ThzPI,https://www.youtube.com/@Finan%C3%A7as101/videos,sim,nao_se_aplica,confirmado,sim,origem,concluido,resumo_ou_metadados_recuperados,canal Financas 101 vinculado pelo perfil institucional FGV
Financas 101,videos_podcasts,manifestacao-556c47e38d4fed,hsia-da9f3840d68d,hsia-da9f3840d68d,nao_se_aplica,origem,audiovisual,Títulos de Capitalização,2016,2016-04-07,video_educacional,Hsia Hua Sheng,apresentador,https://www.youtube.com/watch?v=26bKLly5088,https://www.youtube.com/watch?v=26bKLly5088,https://www.youtube.com/@Finan%C3%A7as101/videos,sim,nao_se_aplica,confirmado,sim,origem,concluido,resumo_ou_metadados_recuperados,canal Financas 101 vinculado pelo perfil institucional FGV
Financas 101,videos_podcasts,manifestacao-731d72e042891d,hsia-0e9dae136956,hsia-0e9dae136956,nao_se_aplica,origem,audiovisual,Títulos e Valores Mobiliários,2017,2017-07-27,video_educacional,Hsia Hua Sheng,apresentador,https://www.youtube.com/watch?v=HBDusJaFoAg,https://www.youtube.com/watch?v=HBDusJaFoAg,https://www.youtube.com/@Finan%C3%A7as101/videos,sim,nao_se_aplica,confirmado,sim,origem,concluido,resumo_ou_metadados_recuperados,canal Financas 101 vinculado pelo perfil institucional FGV
Financas 101,videos_podcasts,manifestacao-dbd1e2581d8fd7,hsia-b6c2e68dcbdd,hsia-b6c2e68dcbdd,nao_se_aplica,origem,audiovisual,VaR - Value at Risk / Valor em Risco - Paramétrico,2021,2021-01-07,video_educacional,Hsia Hua Sheng,apresentador,https://www.youtube.com/watch?v=qZo1NnPT5iw,https://www.youtube.com/watch?v=qZo1NnPT5iw,https://www.youtube.com/@Finan%C3%A7as101/videos,sim,nao_se_aplica,confirmado,sim,origem,concluido,resumo_ou_metadados_recuperados,canal Financas 101 vinculado pelo perfil institucional FGV
Financas 101,videos_podcasts,manifestacao-73931616ad1555,hsia-1616df7be6a9,hsia-1616df7be6a9,nao_se_aplica,origem,audiovisual,Vale a pena usar o Cheque Especial?,2016,2016-03-03,video_educacional,Hsia Hua Sheng,apresentador,https://www.youtube.com/watch?v=k3b9xIWCqsE,https://www.youtube.com/watch?v=k3b9xIWCqsE,https://www.youtube.com/@Finan%C3%A7as101/videos,sim,nao_se_aplica,confirmado,sim,origem,concluido,resumo_ou_metadados_recuperados,canal Financas 101 vinculado pelo perfil institucional FGV
Financas 101,videos_podcasts,manifestacao-fcf77b3cfbacc6,hsia-d81c4cb5ac1d,hsia-d81c4cb5ac1d,nao_se_aplica,origem,audiovisual,Valor Intrínseco e Valor de Volatilidade (ou Temporal) de Opções,2021,2021-06-02,video_educacional,Hsia Hua Sheng,apresentador,https://www.youtube.com/watch?v=YxXrDBL7p7Q,https://www.youtube.com/watch?v=YxXrDBL7p7Q,https://www.youtube.com/@Finan%C3%A7as101/videos,sim,nao_se_aplica,confirmado,sim,origem,concluido,resumo_ou_metadados_recuperados,canal Financas 101 vinculado pelo perfil institucional FGV
Financas 101,videos_podcasts,manifestacao-959f90802b5e2f,hsia-be611ed4406b,hsia-be611ed4406b,nao_se_aplica,origem,audiovisual,Valuation - Metodologias Tradicionais de Avaliação de Empresas,2017,2017-08-10,video_educacional,Hsia Hua Sheng,apresentador,https://www.youtube.com/watch?v=UH9VOCp7Kdc,https://www.youtube.com/watch?v=UH9VOCp7Kdc,https://www.youtube.com/@Finan%C3%A7as101/videos,sim,nao_se_aplica,confirmado,sim,origem,concluido,resumo_ou_metadados_recuperados,canal Financas 101 vinculado pelo perfil institucional FGV
Financas 101,videos_podcasts,manifestacao-77efbba48b8a36,hsia-d5ecd76d64d7,hsia-d5ecd76d64d7,nao_se_aplica,origem,audiovisual,Variância e Desvio Padrão,2020,2020-12-28,video_educacional,Hsia Hua Sheng,apresentador,https://www.youtube.com/watch?v=f1UnPivLMFA,https://www.youtube.com/watch?v=f1UnPivLMFA,https://www.youtube.com/@Finan%C3%A7as101/videos,sim,nao_se_aplica,confirmado,sim,origem,concluido,resumo_ou_metadados_recuperados,canal Financas 101 vinculado pelo perfil institucional FGV
Financas 101,videos_podcasts,manifestacao-d7d75c49178267,hsia-d4bd7286e583,hsia-d4bd7286e583,nao_se_aplica,origem,audiovisual,Venda a Descoberto,2017,2017-04-20,video_educacional,Hsia Hua Sheng,apresentador,https://www.youtube.com/watch?v=jJg2gb17rQ4,https://www.youtube.com/watch?v=jJg2gb17rQ4,https://www.youtube.com/@Finan%C3%A7as101/videos,sim,nao_se_aplica,confirmado,sim,origem,concluido,resumo_ou_metadados_recuperados,canal Financas 101 vinculado pelo perfil institucional FGV
Financas 101,videos_podcasts,manifestacao-7f3f661a1efb9b,hsia-5e1fe33f74c6,hsia-5e1fe33f74c6,nao_se_aplica,origem,audiovisual,WACC - Custo Médio Ponderado de Capital,2021,2021-07-07,video_educacional,Hsia Hua Sheng,apresentador,https://www.youtube.com/watch?v=EXO7kZ1T0xQ,https://www.youtube.com/watch?v=EXO7kZ1T0xQ,https://www.youtube.com/@Finan%C3%A7as101/videos,sim,nao_se_aplica,confirmado,sim,origem,concluido,resumo_ou_metadados_recuperados,canal Financas 101 vinculado pelo perfil institucional FGV
Financas 101,videos_podcasts,manifestacao-0c137ca87f752a,hsia-b5c7cd87d0d2,hsia-b5c7cd87d0d2,nao_se_aplica,origem,audiovisual,WACC - Custo Médio Ponderado de Capital - entenda de forma simples e fácil,2017,2017-09-07,video_educacional,Hsia Hua Sheng,apresentador,https://www.youtube.com/watch?v=-ExwG5uIy9g,https://www.youtube.com/watch?v=-ExwG5uIy9g,https://www.youtube.com/@Finan%C3%A7as101/videos,sim,nao_se_aplica,confirmado,sim,origem,concluido,resumo_ou_metadados_recuperados,canal Financas 101 vinculado pelo perfil institucional FGV
Folha de S.Paulo,colunas_autorais,manifestacao-ac6247b6be0824,hsia-2a530b6af455,hsia-2a530b6af455,nao_se_aplica,origem,escrita,Panda bonds sao nova fonte de financiamento para impulsionar desenvolvimento economico,2026,2026-07-08,artigo_jornalistico,Hsia Hua Sheng,autor_unico,https://www1.folha.uol.com.br/mercado/2026/07/panda-bonds-sao-nova-fonte-de-financiamento-para-impulsionar-desenvolvimento-economico.shtml,https://www1.folha.uol.com.br/mercado/2026/07/panda-bonds-sao-nova-fonte-de-financiamento-para-impulsionar-desenvolvimento-economico.shtml,nenhuma,sim,nao_se_aplica,confirmado,sim,origem,concluido,resumo_e_evidencia_recuperados,"dade projeto editorial treinamento trabalhe na folha Contraste Claro Escuro Siga a folha Link externo, abre página da Folha de S.Paulo no X Link externo, abre página da Folha de S.Paulo no Linkedin Link externo, abre página da Folha de S.Paulo no Instagram Link externo, abre página RSS da Folha de S.Paulo Descrição de chapéu Opinião Expressa as ideias do autor e defende sua interpretação dos fatos​ Hsia Hua Sheng Panda bonds são nova fonte de financiamento para impulsionar desenvolvimento econômico Emissão de títulos em yuan não substitui papéis em dólar ou euro, mas amplia opções Cadeia de suprimentos de Brasil e China podem ser conectados de forma eficiente dê um conteúdo benefício do assinante Você tem 7 acessos por dia para dar de presente. Qualquer pessoa que não é assinante poderá ler. benefício do assinante Assinantes podem liberar 7 acessos por dia para conteúdos da Folha. Já é assinante? Faça seu login ASSINE A FOLHA Copiar link Salvar para ler depois Salvar artigos Recurso exclusivo para assinantes assine ou faça login 8.jul.2026 às 6h00 Diminuir fonte Aumentar fonte Hsia Hua Sheng Professor da FGV (Fundação Getulio Vargas) e especialista em finanças corporativas internac"
Folha de S.Paulo,entrevistas_escritas_completas,manifestacao-b56454118fbe6f,hsia-476697f7d4cb,hsia-476697f7d4cb,nao_se_aplica,origem,escrita,Brasil e China atuam por desdolarizacao em meio a pressao financeira dos EUA,2026,2026-06-26,entrevista,desconhecido,entrevistado,https://www1.folha.uol.com.br/amp/mercado/2026/06/brasil-e-china-atuam-por-desdolarizacao-em-meio-a-pressao-financeira-dos-eua.shtml,https://www1.folha.uol.com.br/amp/mercado/2026/06/brasil-e-china-atuam-por-desdolarizacao-em-meio-a-pressao-financeira-dos-eua.shtml,https://www1.folha.uol.com.br/mercado/2026/06/brasil-e-china-atuam-por-desdolarizacao-em-meio-a-pressao-financeira-dos-eua.shtml,sim,nao_se_aplica,confirmado,sim,origem,concluido,resumo_e_evidencia_recuperados | resumo_ou_metadados_recuperados,nome completo e papel aparecem na pagina
Folha de S.Paulo,entrevistas_escritas_completas,manifestacao-a5549634f87968,hsia-139158b793c2,hsia-139158b793c2,nao_se_aplica,origem,escrita,Brasil foi principal destino de investimentos chineses em 2025,2026,2026-05-07,entrevista,desconhecido,entrevistado,https://www1.folha.uol.com.br/mercado/2026/05/brasil-foi-principal-destino-de-investimentos-chineses-em-2025.shtml,https://www1.folha.uol.com.br/mercado/2026/05/brasil-foi-principal-destino-de-investimentos-chineses-em-2025.shtml,nenhuma,sim,nao_se_aplica,confirmado,sim,origem,concluido,resumo_e_evidencia_recuperados,"um lugar aberto e seguro"", afirma. Cariello elenca características que atraem os chineses: grande mercado consumidor, uma indústria estabelecida, sistema bancário estruturado, recursos naturais e energia elétrica limpa. Em 2025, projetos de energia (29,5%), mineração (29%), indústria automobilística (15,8%), petróleo (13,3%) e tecnologia da informação (6,3%) concentraram os investimentos de grupos chineses. O volume recorde de iniciativas (52) sinaliza uma tendência, afirma Hsia Hua Sheng, vice-presidente do BOC Brasil (Bank of China) e professor de finanças na FGV (EAESP). ""Antes eram só os grupos gigantes que estavam aqui. Agora toda a cadeia de fornecedores dessas empresas veio"", afirma. Ele cita como exemplo o caso da instalação de montadoras, como GWM e BYD , que precisam de uma cadeia de suprimentos formada por outras companhias. O mesmo acontece com fábricas de equipamentos eletrônicos, como telefones celulares. China, terra do meio Receba no seu email os grandes temas da China explicados e contextualizados Carregando... ""O valor investido pode até não ser tão alto nos próximos anos, mas o número de projetos será cada vez maior"", diz Sheng. Em valor aportado, o setor elétric"
Folha de S.Paulo,entrevistas_escritas_completas,manifestacao-2f3161edc61edb,hsia-4d4b99a1e226,hsia-4d4b99a1e226,nao_se_aplica,origem,escrita,Chips devem fazer da moeda chinesa o dolar do seculo 21,2024,2024-02-23,entrevista,desconhecido,entrevistado,https://www1.folha.uol.com.br/mercado/2024/02/chips-devem-fazer-da-moeda-chinesa-o-dolar-do-seculo-21-afirma-executivo-de-banco.shtml,https://www1.folha.uol.com.br/mercado/2024/02/chips-devem-fazer-da-moeda-chinesa-o-dolar-do-seculo-21-afirma-executivo-de-banco.shtml,nenhuma,sim,nao_se_aplica,confirmado,sim,origem,concluido,resumo_e_evidencia_recuperados,"ão Paulo Guerra comercial com os EUA, deflação, desemprego e queda nas Bolsas. Não são poucos os desafios da China para 2024. A segunda maior economia do mundo vive um período de desconfiança global ao mesmo tempo que avança em influência geopolítica e como potência tecnológica. Nesse cenário, o gigante asiático vê o Brasil como um parceiro sólido e engata uma nova fase de investimentos no país. A avaliação é de Hsia Hua Sheng, vice-presidente do BOC Brasil (Bank of China) e professor de finanças na FGV EAESP. Os chineses apostam no Brasil também como mercado importante para a internacionalização de sua moeda, o renminbi (RMB) —nome oficial do yuan. ""Se no passado os petrodólares ajudaram na internacionalização do dólar, devemos ter no futuro o 'chip RMB'"", afirma Sheng, que acredita no fortalecimento da moeda chinesa com a relevância do país no domínio da tecnologia de chips. Hsia Hua Sheng, vice-presidente do Bank of China no Brasil e professor da FGV-SP - Zanone Fraissat/Zanone Fraissat/Folhapress Em março de 2023, Lula e Xi Jinping assinaram um acordo permitindo trocas diretas entre o yuan e o real sem usar o dólar americano como intermediário. Desde então, alguns testes foram"
Folha de S.Paulo,participacoes_em_reportagens,manifestacao-43fd3b7995969b,hsia-b64cf35413d7,hsia-b64cf35413d7,nao_se_aplica,origem,escrita,"A pedido de Zelenski, EUA recorrem aos outros membros do Brics",2023,2023-06-22,participacao_reportagem,desconhecido,entrevistado,https://www1.folha.uol.com.br/colunas/nelsondesa/2023/06/a-pedido-de-zelenski-eua-recorrem-aos-outros-membros-do-brics.shtml,https://www1.folha.uol.com.br/colunas/nelsondesa/2023/06/a-pedido-de-zelenski-eua-recorrem-aos-outros-membros-do-brics.shtml,nenhuma,sim,nao_se_aplica,confirmado,sim,origem,concluido,resumo_e_evidencia_recuperados,"fabricar o que antes podiam, mas não se preocupavam mais —aviões de passageiros, trens, navios, sem falar em roupas e móveis. O governo russo tem objetivos ainda mais altos, de recuperar o nível de soberania tecnológica que foi abandonado após o fim da União Soviética."" CHINA NA 'REINDUSTRIALIZAÇÃO' Em extenso relato no Renmin Ribao (Diário do Povo), ""Empresas chinesas impulsionam o processo de 'reindustrialização' do Brasil"". Retrata a presença de fabricantes como Lenovo, TCL e Gree e ouve Hsia Hua Sheng, professor da FGV-SP, sobre a perspectiva de ""mais oportunidades de cooperação industrial bilateral"". LINK PRESENTE: Gostou deste texto? Assinante pode liberar sete acessos gratuitos de qualquer link por dia. Basta clicar no F azul abaixo. dê um conteúdo benefício do assinante Você tem 7 acessos por dia para dar de presente. Qualquer pessoa que não é assinante poderá ler. benefício do assinante Assinantes podem liberar 7 acessos por dia para conteúdos da Folha. Já é assinante? Faça seu login ASSINE A FOLHA Copiar link Salvar para ler depois Salvar artigos Recurso exclusivo para assinantes assine ou faça login Tópicos relacionados Leia tudo sobre o tema e siga: toda mídia sua assin"
Folha de S.Paulo,participacoes_em_reportagens,manifestacao-79e203cc293600,hsia-a49a857d8494,hsia-a49a857d8494,nao_se_aplica,origem,escrita,"Acordo pela reoneracao, empresas brasileiras vendem para China sem dolar e o que importa no mercado",2024,2024-05-10,participacao_reportagem,desconhecido,entrevistado,https://www1.folha.uol.com.br/mercado/2024/05/acordo-pela-reoneracao-empresas-brasileiras-vendem-para-china-sem-dolar-e-o-que-importa-no-mercado.shtml,https://www1.folha.uol.com.br/mercado/2024/05/acordo-pela-reoneracao-empresas-brasileiras-vendem-para-china-sem-dolar-e-o-que-importa-no-mercado.shtml,nenhuma,sim,nao_se_aplica,confirmado,sim,origem,concluido,resumo_e_evidencia_recuperados,"o empréstimo transfronteiriço em yuan no Brasil ; Em dezembro, o Banco do Brasil captou 350 milhões de yuans (equivalente a US$ 50 milhões), na primeira operação em moeda chinesa feita entre instituições bancárias dos dois países. Os testes são parte de um movimento de Pequim para internacionalizar a sua moeda . Os chineses acreditam no fortalecimento da sua moeda com a relevância do país no domínio da tecnologia de chips. ↳ ""Se no passado os petrodólares ajudaram na internacionalização do dólar, devemos ter no futuro o chip RMB (nome usado na china para o yuan)'"", afirmou à Folha Hsia Hua Sheng, vice-presidente do BOC Brasil (Bank of China). Sim, mas… Desbancar o dólar ainda parece um sonho distante . A moeda americana é uma reserva mundial de valor, sem risco de perder a segurança, e tem forte liquidez. Isso significa que é fácil comprá-lo e vendê-lo. Tem abundância, sendo aceito para tudo. Para assistir Kevin Dietsch/Getty Images/AFP "" Como Ser Warren Buffett "" — no Max. Entra ano e sai ano, o empresário Warren Buffett segue como referência para investidores de todo o mundo. Nesse documentário da HBO, você conhecerá o dia a dia do bilionário, que abriu as portas de seu escritóri"
Folha de S.Paulo,participacoes_em_reportagens,manifestacao-e2d20a564e4f5a,hsia-5c70064d4741,hsia-5c70064d4741,nao_se_aplica,origem,escrita,Brasil estuda emitir titulos de divida em moeda chinesa,2024,2024-11-18,participacao_reportagem,desconhecido,entrevistado,https://www1.folha.uol.com.br/mercado/2024/11/brasil-estuda-emitir-titulos-de-divida-em-moeda-chinesa.shtml,https://www1.folha.uol.com.br/mercado/2024/11/brasil-estuda-emitir-titulos-de-divida-em-moeda-chinesa.shtml,nenhuma,sim,nao_se_aplica,confirmado,sim,origem,concluido,resumo_e_evidencia_recuperados,"hões de renminbi (cerca de R$ 16 bilhões), com intermédio do Bank of China. A primeira das operações deve movimentar 1,2 bilhão de renmimbi (R$ 960 milhões) com prazo de até três anos. Os recursos serão usados para ""desenvolvimento da plantação de florestas de eucalipto no Brasil para uso comercial, com certificações florestais internacionalmente reconhecidas"", informou a empresa em ata. A emissão de títulos na China traz vantagens para companhias que operam no mercado local, afirma Hsia Hua Sheng, vice-presidente do BOC Brasil (Bank of China) e professor de finanças na FGV EAESP, que cita os juros mais baixos no país asiático. Segundo ele, há opções com taxas de até 2,5% ao ano. A Selic, taxa básica do Brasil, está em 11,25%. ""Além dos juros baixos, outro ponto vantajoso para empresas que emite os títulos é que a volatilidade do câmbio de real para renminbi é mais baixa que a do real para dólar. O custo do hedge (proteção) contra variação cambial é menor"", afirma Sheng. A iniciativa da Suzano e o plano do Tesouro para emitir títulos na China estão alinhadas com a política dos países do Brics de tentar diminuir a dependência em relação dólar para transações internacionais. China, t"
Folha de S.Paulo,participacoes_em_reportagens,manifestacao-9f54eff75ff57f,hsia-1a70f5d06956,hsia-1a70f5d06956,nao_se_aplica,origem,escrita,Efeitos de uma forte desaceleracao chinesa no Brasil sao superestimados,2015,2015-08-30,participacao_reportagem,desconhecido,entrevistado,http://www1.folha.uol.com.br/mercado/2015/08/1675448-efeitos-de-uma-forte-desaceleracao-chinesa-no-brasil-sao-superestimados.shtml,http://www1.folha.uol.com.br/mercado/2015/08/1675448-efeitos-de-uma-forte-desaceleracao-chinesa-no-brasil-sao-superestimados.shtml,http://www1.folha.uol.com.br/fsp/mercado/231342-contagio-chines-no-brasil-e-superestimado.shtml,sim,nao_se_aplica,confirmado,sim,manifestacao_derivada | origem,concluido,resumo_e_evidencia_recuperados,"la nova realidade na China e os que são —e ainda serão— beneficiados pelo novo modelo de crescimento. Os dois principais itens da pauta exportadora —soja e minério de ferro— vivem realidades opostas: enquanto as vendas do grão ao país crescem em quantidade, os embarques de minério caem. É um espelho do que acontece na economia chinesa. ""O consumo vai bem, mas as exportações estão ruins e os investimentos do setor privado vão mal"", afirma Hsia Hua Sheng, professor da Fundação Getulio Vargas. A retração nos investimentos afeta o setor imobiliário e a indústria de aço na China, reduzindo a demanda e os preços do minério de ferro. ""Nesse mercado, o efeito da desaceleração é relevante, mas ele já vem acontecendo há pelo menos dois anos. A frustração em relação ao que está por vir tem um impacto marginal perto do que já aconteceu"", diz D'Atri. Outros itens relevantes da pauta, como papel e celulose e açúcar, continuarão sendo estimulados pelo aumento na renda dos chineses. O petróleo também não foi afetado pela desaceleração —os embarques à China mais que dobraram até julho, em volume. Os preços de quase todas as commodities, no entanto, aceleraram o movimento de queda com o nervosismo d"
Folha de S.Paulo,participacoes_em_reportagens,manifestacao-0fef3f4848b617,hsia-9915915dbab8,hsia-9915915dbab8,nao_se_aplica,origem,escrita,"Em 8 graficos, veja como a relacao Brasil-China mudou em 50 anos",2024,2024-08-14,participacao_reportagem,desconhecido,entrevistado,https://www1.folha.uol.com.br/mundo/2024/08/em-8-graficos-veja-indicadores-que-aproximaram-ou-afastaram-brasil-e-china-em-50-anos.shtml,https://www1.folha.uol.com.br/mundo/2024/08/em-8-graficos-veja-indicadores-que-aproximaram-ou-afastaram-brasil-e-china-em-50-anos.shtml,nenhuma,sim,nao_se_aplica,confirmado,sim,origem,concluido,resumo_e_evidencia_recuperados,"seguidos por um período de recessão. No final do século passado, o Produto Interno Bruto da China ultrapassou o do Brasil e a distância só aumentou desde então. Até 2015, porém, o PIB per capita brasileiro ainda era maior, o que se inverteu no ano seguinte Apesar da evolução em relação ao Brasil, a economia chinesa esfriou nos últimos anos. ""Dá para dizer que crescimento de dois dígitos é muito difícil. No ano passado, teve 5,2% de PIB, o que não é ruim"", afirma Hsia Hua Sheng , vice-presidente do Bank of China no Brasil e professor da FGV-SP. Protagonismo das exportações na economia A importância do comércio exterior no PIB dos dois países, medida segundo o critério da OCDE de exportação de bens e serviços, era relativamente baixa nos anos 1970 e 1980. Raramente ultrapassava 10% do valor do produto interno bruto anual. A situação se altera primeiro para a China, que a partir dos anos 1990 começa a atrair investimentos de empresas ocidentais e a exportar produtos manufaturados para o mundo —o tamanho dessa atividade para o PIB atingiria um pico em 2006, com 36%. Com a diversificação da economia e o crescimento do setor de serviços, o comércio exterior hoje representa 19%, o que po"
Folha de S.Paulo,participacoes_em_reportagens,manifestacao-e7cef707fc08f9,hsia-bd6325688e01,hsia-bd6325688e01,nao_se_aplica,origem,escrita,Mercado refaz contas com novo sobressalto da China,2016,2016-01-08,participacao_reportagem,desconhecido,entrevistado,http://www1.folha.uol.com.br/mercado/2016/01/1727162-mercado-refaz-contas-com-novo-sobressalto-da-china.shtml,http://www1.folha.uol.com.br/mercado/2016/01/1727162-mercado-refaz-contas-com-novo-sobressalto-da-china.shtml,nenhuma,sim,nao_se_aplica,confirmado,sim,origem,concluido,resumo_e_evidencia_recuperados,"os mercados mundiais como uma representação da economia chinesa. Se o índice cai, os investidores já imaginam que a economia vai entrar em colapso. Mas isso não faz sentido, porque ela não é como as outras."" André Soares, ex-coordenador de pesquisa do Conselho Empresarial Brasil-China - Arquivo pessoal ""Uma desvalorização maior na China poderá afetar mais as importações do Brasil do que as exportações. A melhora na balança comercial brasileira ocorreu pela queda na importações; se houver uma reversão disso, o real também precisará se desvalorizar mais."" Hsia Hua Sheng, professor da FGV - Marisa Cauduro/Valor/Folhapress ""A verdadeira crise brasileira virá quando a China desvalorizar para valer o yuan. A moeda chinesa pode perder até 50% do seu valor, arrastando junto a maioria das moedas emergentes. Imagine para onde vai o real, as contas externas e o calote das empresas brasileiras."" Marcelo Ribeiro, estrategista da Pentágono Asset - Isabela Neiva AQFL/Divulgação ""Mesmo com a desaceleração, a China contribui com quase um terço do crescimento global há quase dez anos. A baixa no preço das commodities ocorre mais pela superoferta nos países emergentes do que pela desaceleração na Chi"
Folha de S.Paulo,participacoes_em_reportagens,manifestacao-e019e070367423,hsia-40401d95f653,hsia-40401d95f653,nao_se_aplica,origem,escrita,"Para a industria, China ficara mais agressiva nas exportacoes",2015,2015-09-02,participacao_reportagem,desconhecido,entrevistado,http://www1.folha.uol.com.br/mercado/2015/09/1676607-para-a-industria-china-ficara-mais-agressiva-nas-exportacoes.shtml,http://www1.folha.uol.com.br/mercado/2015/09/1676607-para-a-industria-china-ficara-mais-agressiva-nas-exportacoes.shtml,http://www1.folha.uol.com.br/fsp/mercado/231597-industria-teme-agressividade-da-china.shtml,sim,nao_se_aplica,confirmado,sim,manifestacao_derivada | origem,concluido,resumo_e_evidencia_recuperados,", a China adotou medidas para estimular suas vendas externas: desvalorizou o câmbio, reduziu a taxa de juros e o depósito compulsório -as últimas visando elevar o crédito. Para economistas, a estratégia será bem-sucedida. ""Uma desvalorização de 2% ou 3% no yuan ajuda as exportações de muitas empresas chinesas, que têm uma margem de lucro muito pequena. A China é uma economia de escala mundial, eles não têm margem"", afirma Hsia Hua Sheng, professor da Fundação Getulio Vargas. Segundo Sheng, sondagens realizadas por ele com empresas no Brasil indicam que os fornecedores chineses já reduziram seus preços. Desde que a China promoveu a primeira a desvalorização cambial, em 11 de agosto, o yuan perdeu 2,46% de valor em relação ao dólar. ""A moeda continua tendo minidesvalorizações, e muitas multinacionais e analistas já falam numa taxa de 6,50"", diz Scheng. Nesta terça (2), cada dólar valia 6,36 yuans. ""Vamos ter um mercado ainda mais difícil. Temos que fazer o nosso dever de casa: facilitar as nossas exportações, reduzindo burocracias e tributos, e retomar acordos comerciais"", diz Fonseca. Para ele, o país também deve apostar nos EUA, o maior importador de produtos industrializados brasi"
Folha de S.Paulo,participacoes_em_reportagens,manifestacao-512dfa6fefcd47,hsia-922e0c44bead,hsia-922e0c44bead,nao_se_aplica,origem,escrita,Queda do dolar barateia pacotes e faz brasileiro voltar a viajar ao exterior,2016,2016-07-07,participacao_reportagem,desconhecido,entrevistado,http://www1.folha.uol.com.br/turismo/2016/07/1789095-queda-do-dolar-barateia-pacotes-e-faz-brasileiro-voltar-a-viajar-ao-exterior.shtml,http://www1.folha.uol.com.br/turismo/2016/07/1789095-queda-do-dolar-barateia-pacotes-e-faz-brasileiro-voltar-a-viajar-ao-exterior.shtml,nenhuma,sim,nao_se_aplica,confirmado,sim,origem,concluido,resumo_e_evidencia_recuperados,"as, o aumento chegou a 50% no caso do euro. Sair do Brasil com dinheiro vivo também reduz a necessidade de usar, no destino, o cartão de crédito, no qual há incidência de IOF e o risco de o câmbio mudar muito até a fatura ser fechada. Outra dica é fechar o máximo possível de gastos no Brasil, para ter o parcelamento fixado e em reais. Endividar-se para viajar, especialmente em dólar, não é recomendado. ""Ainda devemos ver oscilações, porque o câmbio continua volátil e a política cambial do governo interino não está muito clara"", diz Hsia Hua Sheng, professor de finanças da Fundação Getúlio Vargas de São Paulo. ""Outra questão é o fato de a crise não ter envolvido só o câmbio; os maiores problemas econômicos do país hoje são a queda no poder de compra e o desemprego, fatores que não deixam sobrar dinheiro para gastar lá fora."" Além disso, a instabilidade política –que inclui a definição do impeachment da presidente Dilma Rousseff, em agosto– pesa na economia. ""Também não está claro o real impacto da saída do Reino Unido da União Europeia; qualquer que seja ele, libra, euro e dólar vão passar por mais alterações."" Para auxiliar quem vai viajar, a Abracam (Associação Brasileira das Corr"
GV Executivo,artigos_profissionais,manifestacao-a8332fd4787d7b,hsia-519378025965,hsia-519378025965,nao_se_aplica,origem,escrita,Com as próprias pernas,2017,2017-07-25,artigo_academico,"SHENG, HSIA HUA | Carrera Jr, J. M",primeiro_autor,https://eaesp.fgv.br/sites/default/files/files-eaesp/pesquisa-eaesp-files/arquivos/com_as_proprias_pernas.pdf,https://eaesp.fgv.br/sites/default/files/files-eaesp/pesquisa-eaesp-files/arquivos/com_as_proprias_pernas.pdf,"https://doi.org/10.12660/gvexec.v16n3.2017.70674 | https://openalex.org/W2757174587 | https://www.semanticscholar.org/paper/ac344d1401b88a105044b6d5d60bccbbe37fb2d2 | https://api.semanticscholar.org/graph/v1/author/48507977/papers?limit=100&fields=title,year,publicationDate,authors,venue,externalIds,url,abstract,publicationTypes,fieldsOfStudy | https://eaesp.fgv.br/pessoa/hsia-hua-sheng | https://api.openalex.org/works?filter=author.id:A5047360684,to_publication_date:2026-08-24&per-page=200 | https://api.crossref.org/works?query.author=Hsia%20Hua%20Sheng&rows=100&mailto=hsia.sheng@fgv.br",sim,nao_se_aplica,confirmado,sim,metadado_secundario | origem,concluido,resumo_ou_metadados_recuperados,"item listado no perfil institucional; SHENG, HSIA HUA; Carrera Jr, J. M. Com as Próprias Pernas . GV Executivo, v. 3, p. 17, 2017."
GV Executivo,artigos_profissionais,manifestacao-539472c124ca24,hsia-c7c33f9032f4,hsia-c7c33f9032f4,nao_se_aplica,origem_catalogo,escrita,Comprar e vender em renminbi,2021,2021-06-24,artigo_academico,Amanda Leitner Thomazoni | Hsia Hua Sheng,coautor,https://doi.org/10.12660/gvexec.v20n2.2021.83953,https://doi.org/10.12660/gvexec.v20n2.2021.83953,"https://openalex.org/W3193838533 | https://www.semanticscholar.org/paper/0b99e866dd3af72d09a84be8b917893f271d7965 | https://api.openaire.eu/search/publications?author=Hsia%20Hua%20Sheng&format=json&size=100 | https://api.openalex.org/works?filter=author.id:A5047360684,to_publication_date:2026-08-24&per-page=200 | https://api.semanticscholar.org/graph/v1/author/48507977/papers?limit=100&fields=title,year,publicationDate,authors,venue,externalIds,url,abstract,publicationTypes,fieldsOfStudy | https://api.crossref.org/works?query.author=Hsia%20Hua%20Sheng&rows=100&mailto=hsia.sheng@fgv.br",sim,nao_se_aplica,confirmado,sim,metadado_secundario,concluido,resumo_ou_metadados_recuperados,"cluster A5047360684, ORCID 0000-0001-5827-319X || nome estruturado Hsia Hua Sheng; afiliacao=nao informada; ORCID=nao informado || autor estruturado OpenAIRE com nome completo || cluster Semantic Scholar 48507977 validado por 24 obra(s) em fontes independentes; obra individual validada por nome completo, titulo, DOI ou coautor"
GV Executivo,artigos_profissionais,manifestacao-0f9bdc97eff91f,hsia-c373a0e4d784,hsia-c373a0e4d784,nao_se_aplica,origem_catalogo,escrita,Vale a pena diversificar a carteira na China?,2021,2021-06-24,artigo_academico,Natalia Diniz-Maganini | Hsia Hua Sheng,coautor,https://doi.org/10.12660/gvexec.v20n2.2021.83951,https://doi.org/10.12660/gvexec.v20n2.2021.83951,"https://openalex.org/W3196021286 | https://www.semanticscholar.org/paper/62d1981382ecc77603f212449e446235f7d080e3 | https://api.openalex.org/works?filter=author.id:A5047360684,to_publication_date:2026-08-24&per-page=200 | https://api.crossref.org/works?query.author=Hsia%20Hua%20Sheng&rows=100&mailto=hsia.sheng@fgv.br | https://api.semanticscholar.org/graph/v1/author/48507977/papers?limit=100&fields=title,year,publicationDate,authors,venue,externalIds,url,abstract,publicationTypes,fieldsOfStudy | https://api.openaire.eu/search/publications?author=Hsia%20Hua%20Sheng&format=json&size=100",sim,nao_se_aplica,confirmado,sim,metadado_secundario,concluido,resumo_ou_metadados_recuperados,"cluster A5047360684, ORCID 0000-0001-5827-319X || nome estruturado Hsia Hua Sheng; afiliacao=nao informada; ORCID=nao informado || autor estruturado OpenAIRE com nome completo || cluster Semantic Scholar 48507977 validado por 24 obra(s) em fontes independentes; obra individual validada por nome completo, titulo, DOI ou coautor"
GV casos / GV pesquisas,casos_relatorios_profissionais,manifestacao-f2cf0d71309a0d,hsia-c3b85c928dbe,hsia-c3b85c928dbe,nao_se_aplica,origem,escrita,A Lógica de Entrada das Multinacionais no Brasil - 2015,2015,2015,sintese_pesquisa,desconhecido,desconhecido,https://pesquisa-eaesp.fgv.br/publicacoes/gvp/logica-de-entrada-das-multinacionais-no-brasil,https://pesquisa-eaesp.fgv.br/publicacoes/gvp/logica-de-entrada-das-multinacionais-no-brasil,https://eaesp.fgv.br/pessoa/hsia-hua-sheng,sim,nao_se_aplica,confirmado,sim,origem,concluido,resumo_ou_metadados_recuperados,item listado no perfil institucional; A Lógica de Entrada das Multinacionais no Brasil - 2015
GV casos / GV pesquisas,casos_relatorios_profissionais,manifestacao-a6e0545f7b92e0,hsia-d36472403607,hsia-d36472403607,nao_se_aplica,origem,escrita,Aspecto Cultural do Pragmatismo Chinês no Empreendimento - 2010,2010,2010,relatorio_pesquisa,desconhecido,desconhecido,https://pesquisa-eaesp.fgv.br/publicacoes/gvp/aspecto-cultural-do-pragmatismo-chines-no-empreendimento,https://pesquisa-eaesp.fgv.br/publicacoes/gvp/aspecto-cultural-do-pragmatismo-chines-no-empreendimento,https://eaesp.fgv.br/pessoa/hsia-hua-sheng,sim,nao_se_aplica,confirmado,sim,origem,concluido,resumo_ou_metadados_recuperados,item listado no perfil institucional; Aspecto Cultural do Pragmatismo Chinês no Empreendimento - 2010
GV casos / GV pesquisas,casos_relatorios_profissionais,manifestacao-ee3af2ed433f24,hsia-0578cc89a9f8,hsia-0578cc89a9f8,nao_se_aplica,origem_catalogo,escrita,Caso BBM: expansão do private banking no Brasil,2019,2019-05-31,relatorio,Hsia Hua Sheng | Weihua Chen,primeiro_autor,https://openalex.org/W3004860725,https://openalex.org/W3004860725,"https://www.semanticscholar.org/paper/3f91c9e253a8d3c0a21b034892f3f0df16c69238 | https://api.openalex.org/works?filter=author.id:A5047360684,to_publication_date:2026-08-24&per-page=200 | https://api.semanticscholar.org/graph/v1/author/48507977/papers?limit=100&fields=title,year,publicationDate,authors,venue,externalIds,url,abstract,publicationTypes,fieldsOfStudy",sim,nao_se_aplica,confirmado,sim,metadado_secundario,concluido,resumo_ou_metadados_recuperados,"cluster A5047360684, ORCID 0000-0001-5827-319X || cluster Semantic Scholar 48507977 validado por 24 obra(s) em fontes independentes; obra individual validada por nome completo, titulo, DOI ou coautor"
GV casos / GV pesquisas,casos_relatorios_profissionais,manifestacao-e1ec2cea3eec07,hsia-658398789851,hsia-658398789851,nao_se_aplica,origem,escrita,Como Empresas Latino-americanas Gerenciam Recursos Financeiros durante Crises Econômicas - 2013,2013,2013,sintese_pesquisa,desconhecido,desconhecido,https://pesquisa-eaesp.fgv.br/publicacoes/gvp/como-empresas-latino-americanas-gerenciam-recursos-financeiros-durante-crises,https://pesquisa-eaesp.fgv.br/publicacoes/gvp/como-empresas-latino-americanas-gerenciam-recursos-financeiros-durante-crises,https://eaesp.fgv.br/pessoa/hsia-hua-sheng,sim,nao_se_aplica,confirmado,sim,origem,concluido,resumo_ou_metadados_recuperados,item listado no perfil institucional; Como Empresas Latino-americanas Gerenciam Recursos Financeiros durante Crises Econômicas - 2013
GV casos / GV pesquisas,casos_relatorios_profissionais,manifestacao-b96ae8953b41fe,hsia-4b12da71127c,hsia-4b12da71127c,nao_se_aplica,origem,escrita,Como Negócios Chineses Conseguem se Financiar no Brasil - 2014,2014,2014,sintese_pesquisa,desconhecido,desconhecido,https://pesquisa-eaesp.fgv.br/publicacoes/gvp/como-negocios-chineses-conseguem-se-financiar-no-brasil,https://pesquisa-eaesp.fgv.br/publicacoes/gvp/como-negocios-chineses-conseguem-se-financiar-no-brasil,https://eaesp.fgv.br/pessoa/hsia-hua-sheng,sim,nao_se_aplica,confirmado,sim,origem,concluido,resumo_ou_metadados_recuperados,item listado no perfil institucional; Como Negócios Chineses Conseguem se Financiar no Brasil - 2014
GV casos / GV pesquisas,casos_relatorios_profissionais,manifestacao-4d02ffa8195af4,hsia-16d5888c09d5,hsia-16d5888c09d5,nao_se_aplica,origem,escrita,Efeitos da Especulação no Caixa da Empresa - 2009,2009,2009,relatorio_pesquisa,desconhecido,desconhecido,https://pesquisa-eaesp.fgv.br/publicacoes/gvp/efeitos-da-especulacao-no-caixa-da-empresa,https://pesquisa-eaesp.fgv.br/publicacoes/gvp/efeitos-da-especulacao-no-caixa-da-empresa,https://eaesp.fgv.br/pessoa/hsia-hua-sheng,sim,nao_se_aplica,confirmado,sim,origem,concluido,resumo_ou_metadados_recuperados,item listado no perfil institucional; Efeitos da Especulação no Caixa da Empresa - 2009
GV casos / GV pesquisas,casos_relatorios_profissionais,manifestacao-92c2a65bcd2bbe,hsia-336b060ca66d,hsia-336b060ca66d,nao_se_aplica,origem,escrita,Empresas Transparentes - 2012,2012,2012,sintese_pesquisa,desconhecido,desconhecido,https://pesquisa-eaesp.fgv.br/publicacoes/gvp/empresas-transparentes,https://pesquisa-eaesp.fgv.br/publicacoes/gvp/empresas-transparentes,https://eaesp.fgv.br/pessoa/hsia-hua-sheng,sim,nao_se_aplica,confirmado,sim,origem,concluido,resumo_ou_metadados_recuperados,item listado no perfil institucional; Empresas Transparentes - 2012
GV casos / GV pesquisas,casos_relatorios_profissionais,manifestacao-96310b14305d8f,hsia-766e74ee6f6f,hsia-766e74ee6f6f,nao_se_aplica,origem_catalogo,escrita,Incerteza ambiental no projeto de investimento: caso da State Grid Brazilian Holding,2019,2019-05-31,relatorio,Hsia Hua Sheng | Weihua Chen,primeiro_autor,https://openalex.org/W3002396631,https://openalex.org/W3002396631,"https://www.semanticscholar.org/paper/dbc222d333dbe133271a6a220a240f76c44129a5 | https://api.openalex.org/works?filter=author.id:A5047360684,to_publication_date:2026-08-24&per-page=200 | https://api.semanticscholar.org/graph/v1/author/48507977/papers?limit=100&fields=title,year,publicationDate,authors,venue,externalIds,url,abstract,publicationTypes,fieldsOfStudy",sim,nao_se_aplica,confirmado,sim,metadado_secundario,concluido,resumo_ou_metadados_recuperados,"cluster A5047360684, ORCID 0000-0001-5827-319X || cluster Semantic Scholar 48507977 validado por 24 obra(s) em fontes independentes; obra individual validada por nome completo, titulo, DOI ou coautor"
GV casos / GV pesquisas,casos_relatorios_profissionais,manifestacao-4098ec0ebc01f5,hsia-fca8fe6a966e,hsia-fca8fe6a966e,nao_se_aplica,origem,escrita,O Comportamento Especulativo dos Gestores Financeiros - 2013,2013,2013,sintese_pesquisa,desconhecido,desconhecido,https://pesquisa-eaesp.fgv.br/publicacoes/gvp/o-comportamento-especulativo-dos-gestores-financeiros,https://pesquisa-eaesp.fgv.br/publicacoes/gvp/o-comportamento-especulativo-dos-gestores-financeiros,https://eaesp.fgv.br/pessoa/hsia-hua-sheng,sim,nao_se_aplica,confirmado,sim,origem,concluido,resumo_ou_metadados_recuperados,item listado no perfil institucional; O Comportamento Especulativo dos Gestores Financeiros - 2013
GV casos / GV pesquisas,casos_relatorios_profissionais,manifestacao-5de9dfd2c02743,hsia-ac87a70a928f,hsia-ac87a70a928f,nao_se_aplica,origem,escrita,O Efeito dos Custos de Transacao sobre os Investimentos Locais e Estrangeiros,2011,2011,sintese_pesquisa,Hsia Hua Sheng,coautor,https://pesquisa-eaesp.fgv.br/publicacoes/gvp/o-efeito-dos-custos-de-transacao-sobre-os-investimentos-locais-e-estrangeiros,https://pesquisa-eaesp.fgv.br/publicacoes/gvp/o-efeito-dos-custos-de-transacao-sobre-os-investimentos-locais-e-estrangeiros,nenhuma,sim,nao_se_aplica,confirmado,sim,origem,concluido,resumo_e_evidencia_recuperados,"teses de pesquisas Relatórios - PIBIC Relatórios – Conexão Local Anuários de Pesquisas Teses e Dissertações Casos de Impacto Social Cadernos Gestão Pública e Cidadania (CGPC) GVcasos GV-executivo Revista de Administração de Empresas (RAE) Fale Conosco Fale Conosco O Efeito dos Custos de Transação sobre os Investimentos Locais e Estrangeiros Autor(es): Marcos Vinício Wink Junior, Hsia Hua Sheng e William Eid Junior Ano: 2011 Artigo em foco: Transaction Costs: An Empirical Analysis of their relationship with investment and Foreign Direct Investment Segundo a teoria desenvolvida pela Nova Economia Institucional, os custos de transação têm um papel relevante na economia. De acordo com a extensão desses custos os agentes tomam decisões de investimento. Se forem muito desfavoráveis, os custos de transação podem representar um desestímulo ao empreendedorismo. Atrair Investimento Estrangeiro Direto (IED) é benéfico para um país. Além de contribuir para o crescimento econômico, tais investimentos ajudam no equilíbrio do balanço de pagamentos. Ocorre que as decisões de investimento não são determinadas apenas pelas taxas de juros de uma economia. Há outros fatores que são considerados, entre"
Global Agribusiness Festival / YouTube,videos_podcasts,manifestacao-42757bf948ff27,hsia-3bb0dcea1076,hsia-3bb0dcea1076,nao_se_aplica,origem,audiovisual,GAF14 - Entrevista com Hsia Hua Sheng - professor da FGV (parte 1),2014,2014-03-31,entrevista,Hsia Hua Sheng,entrevistado,https://www.youtube.com/watch?v=vL29LbNE4O4,https://www.youtube.com/watch?v=vL29LbNE4O4,https://www.youtube.com/results?search_query=%22Hsia%20Hua%20Sheng%22 | https://www.youtube.com/watch?v=ffxBH-k0HPk | https://www.youtube.com/watch?v=6cUfAxTh2To,sim,nao_se_aplica,confirmado,sim,origem,concluido,resumo_ou_metadados_recuperados,nome completo no titulo ou descricao publica do video
Global Agribusiness Festival / YouTube,videos_podcasts,manifestacao-ece3a677a0345d,hsia-c23f2ba2028c,hsia-c23f2ba2028c,nao_se_aplica,origem,audiovisual,GAF14 - Hsia Hua Sheng - professor da FGV,2014,2014-03-20,palestra,Hsia Hua Sheng,palestrante,https://www.youtube.com/watch?v=rTuN6AzzI0Q,https://www.youtube.com/watch?v=rTuN6AzzI0Q,https://www.youtube.com/results?search_query=%22Hsia%20Hua%20Sheng%22,sim,nao_se_aplica,confirmado,sim,origem,concluido,resumo_ou_metadados_recuperados,nome completo no titulo ou descricao publica do video
InfoMoney,participacoes_em_reportagens,manifestacao-451c80099a558a,hsia-cdad9e0d22ff,hsia-cdad9e0d22ff,nao_se_aplica,origem,escrita,"Gigante chinesa de TVs e linha branca, Hisense começa produção no Brasil",2024,2024-05-29,participacao_reportagem,desconhecido,entrevistado,https://www.infomoney.com.br/business/gigante-chinesa-de-tvs-e-linha-branca-hisense-comeca-producao-no-brasil/,https://www.infomoney.com.br/business/gigante-chinesa-de-tvs-e-linha-branca-hisense-comeca-producao-no-brasil/,"https://www.infomoney.com.br/wp-json/wp/v2/posts?search=H.H.%20Sheng&per_page=100&_fields=id,date,link,title,excerpt,content",sim,nao_se_aplica,confirmado,sim,origem,concluido,resumo_e_evidencia_recuperados,"América Latina. A Hisense já estava presente no país com as marcas Gorenje , comprada em 2018, e a Toshiba , cuja divisão de TV foi adquirida em 2017. Os esforços da Hisense por uma expansão acompanham um movimento de ganho em participação no mercado por companhias chinesas em indústrias como a de televisores. “Japonesas e coreanas vêm perdendo muito market share no mercado chinês e do sudeste asiático”, diz Hsia Hua Sheng, professor da FGV. Soma-se a isso o esforço da China em uma nova onda de internacionalização, movimento de investimentos em produção local em países em desenvolvimento. Com cada vez mais recursos instalados em aparelhos para casas inteligentes, desde a linha branca até televisores, a China leva vantagem competitiva em função de sua cadeia produtiva mais completa, avalia Sheng. A Hisense e sua principal concorrente chinesa, TCL, têm se destacado, por exemplo, nas linhas de SmarTV de grandes dimensões. Segundo dados da Pesquisa Nacional por Amostra de Domicílios Contínua (PNAD Contínua), o número de domicílios brasileiros em que a televisão foi utilizada para acessar a internet aumentou de 13 mil em 2016 para 151 mil em 2022. De acordo com o levantamento, no últim"
InfoMoney,participacoes_em_reportagens,manifestacao-4f069c456d4724,hsia-5a03c63e47e4,hsia-5a03c63e47e4,nao_se_aplica,origem,escrita,"Investimento chinês no Brasil cai 78% em 2022 e atinge menor valor em 13 anos, aponta estudo",2023,2023-08-29,participacao_reportagem,desconhecido,entrevistado,https://www.infomoney.com.br/economia/investimento-chines-no-brasil-cai-78-em-2022-e-atinge-menor-valor-em-13-anos-aponta-estudo/,https://www.infomoney.com.br/economia/investimento-chines-no-brasil-cai-78-em-2022-e-atinge-menor-valor-em-13-anos-aponta-estudo/,"https://www.infomoney.com.br/wp-json/wp/v2/posts?search=H.H.%20Sheng&per_page=100&_fields=id,date,link,title,excerpt,content",sim,nao_se_aplica,confirmado,sim,origem,concluido,resumo_e_evidencia_recuperados,"ursos direcionados ao Brasil caiu, os investimentos chineses no mundo apresentaram uma alta moderada, de 2,8% no ano passado, a US$ 116,8 bilhões, de acordo com dados oficiais do governo chinês coletados pelo autor do estudo. O documento cita cenário internacional desafiador, sobretudo a partir de 2020, com o acirramento da disputa entre Estados Unidos e China, a pandemia de Covid-19 e a invasão da Ucrânia pela Rússia. O economista Hsia Hua Sheng, professor da Escola de Administração de Empresas de São Paulo da Fundação Getúlio Vargas (FGV-EAESP), afirma que a guerra na Ucrânia e a disputa entre Washington e Pequim provocaram mudança abrupta no cenário global e alteraram fluxos de recursos chineses, com o governo chinês passando a privilegiar investimentos na chamada “Nova Rota da Seda”, plano de investimentos ao redor do mundo que não conta com a participação do Brasil. Na avaliação do professor, um fator complementar – e não determinante – envolve posicionamentos do governo do então presidente Jair Bolsonaro, que era “mais fechado e não lidava muito com blocos regionais”, incluindo o Brics, além de não ter como bandeira a transição ecológica, atual foco do investimento chinês no"
LinkedIn 2017-2018,colunas_autorais,manifestacao-475b78106ce464,hsia-li-be4d1a32e7e8,hsia-li-be4d1a32e7e8,nao_se_aplica,origem,escrita,"1, 2, 3, 4 e 5",2018,2018-04-02,artigo_profissional,Hsia Hua Sheng,autor_unico,https://pt.linkedin.com/pulse/1-2-3-4-e-5-hsia-hua-sheng,https://pt.linkedin.com/pulse/1-2-3-4-e-5-hsia-hua-sheng,nenhuma,sim,nao_se_aplica,confirmado,sim,origem,conteudo_local_integral,texto_integral_local_estruturado,"Texto integral, metadados, tabelas e imagens preservados em hsia_linkedin_2017_2018_estruturado/artigos/020_1_2_3_4_e_5"
LinkedIn 2017-2018,colunas_autorais,manifestacao-174bfb596c6d7a,hsia-li-63e4f8cbe0ec,hsia-li-63e4f8cbe0ec,nao_se_aplica,origem_catalogo,escrita,Alta de Bolsa + Alta de Taxa de juros = Crise?,2018,2018-01-22,artigo_profissional,Hsia Hua Sheng,autor_unico,desconhecido,desconhecido,nenhuma,sim,nao_se_aplica,confirmado,sim,origem,conteudo_local_integral,texto_integral_local_estruturado,Compilacao autoral local identifica Hsia Hua Sheng como autor.
LinkedIn 2017-2018,colunas_autorais,manifestacao-298cf4c42a6439,hsia-eaa21eb172e8,hsia-eaa21eb172e8,nao_se_aplica,origem,escrita,Amazon.com P/E de 305 vezes!,2018,2018-02-05,artigo_profissional,Hsia Hua Sheng,autor_unico,https://pt.linkedin.com/pulse/amazoncom-pe-de-305-vezes-hsia-hua-sheng,https://pt.linkedin.com/pulse/amazoncom-pe-de-305-vezes-hsia-hua-sheng,nenhuma,sim,nao_se_aplica,confirmado,sim,origem,concluido | conteudo_local_integral,resumo_ou_metadados_recuperados,nome completo e papel aparecem na pagina
LinkedIn 2017-2018,colunas_autorais,manifestacao-a3c16f4934d47f,hsia-li-e5893af33250,hsia-li-e5893af33250,nao_se_aplica,origem,escrita,America First,2018,2018-09-15,artigo_profissional,Hsia Hua Sheng,autor_unico,https://pt.linkedin.com/pulse/america-first-hsia-hua-sheng,https://pt.linkedin.com/pulse/america-first-hsia-hua-sheng,nenhuma,sim,nao_se_aplica,confirmado,sim,origem,conteudo_local_integral,texto_integral_local_estruturado,"Texto integral, metadados, tabelas e imagens preservados em hsia_linkedin_2017_2018_estruturado/artigos/041_america_first"
LinkedIn 2017-2018,colunas_autorais,manifestacao-a7b24b899bd18c,hsia-li-1ac2439ad5bd,hsia-li-1ac2439ad5bd,nao_se_aplica,origem,escrita,Ano “bom pra cahorro”!!,2018,2018-02-19,artigo_profissional,Hsia Hua Sheng,autor_unico,https://pt.linkedin.com/pulse/ano-bom-pra-cahorro-hsia-hua-sheng,https://pt.linkedin.com/pulse/ano-bom-pra-cahorro-hsia-hua-sheng,nenhuma,sim,nao_se_aplica,confirmado,sim,origem,conteudo_local_integral,texto_integral_local_estruturado,"Texto integral, metadados, tabelas e imagens preservados em hsia_linkedin_2017_2018_estruturado/artigos/014_ano_bom_pra_cahorro"
LinkedIn 2017-2018,colunas_autorais,manifestacao-33aa5bab6f7719,hsia-li-970be065f7f1,hsia-li-970be065f7f1,nao_se_aplica,origem,escrita,As Commodities são para especialistas!,2018,2018-07-15,artigo_profissional,Hsia Hua Sheng,autor_unico,https://pt.linkedin.com/pulse/commodities-s%C3%A3o-para-especialistas-hsia-hua-sheng,https://pt.linkedin.com/pulse/commodities-s%C3%A3o-para-especialistas-hsia-hua-sheng,nenhuma,sim,nao_se_aplica,confirmado,sim,origem,conteudo_local_integral,texto_integral_local_estruturado,"Texto integral, metadados, tabelas e imagens preservados em hsia_linkedin_2017_2018_estruturado/artigos/034_as_commodities_sao_para_especialistas"
LinkedIn 2017-2018,colunas_autorais,manifestacao-2585b277f86b5b,hsia-cbae3acc2ca9,hsia-cbae3acc2ca9,nao_se_aplica,origem,escrita,"BBBEs (Bom, Bonito, Barato, e Experimenta, experimenta......) !",2018,2018-07-23,artigo_profissional,Hsia Hua Sheng,autor_unico,https://pt.linkedin.com/pulse/bbbes-bom-bonito-barato-e-experimenta-hsia-hua-sheng,https://pt.linkedin.com/pulse/bbbes-bom-bonito-barato-e-experimenta-hsia-hua-sheng,nenhuma,sim,nao_se_aplica,confirmado,sim,origem,concluido | conteudo_local_integral,texto_integral_local_estruturado,"Texto integral, metadados, tabelas e imagens preservados em hsia_linkedin_2017_2018_estruturado/artigos/035_bbbes_bom_bonito_barato_e_experimenta_experimenta"
LinkedIn 2017-2018,colunas_autorais,manifestacao-eb19dbc4ae0db7,hsia-li-bd7f90ddc7ff,hsia-li-bd7f90ddc7ff,nao_se_aplica,origem,escrita,BIF 2018,2018,2018-05-28,artigo_profissional,Hsia Hua Sheng,autor_unico,https://pt.linkedin.com/pulse/bif-2018-hsia-hua-sheng,https://pt.linkedin.com/pulse/bif-2018-hsia-hua-sheng,nenhuma,sim,nao_se_aplica,confirmado,sim,origem,conteudo_local_integral,texto_integral_local_estruturado,"Texto integral, metadados, tabelas e imagens preservados em hsia_linkedin_2017_2018_estruturado/artigos/028_bif_2018"
LinkedIn 2017-2018,colunas_autorais,manifestacao-b17c80b1455384,hsia-li-31b4b2ec8e90,hsia-li-31b4b2ec8e90,nao_se_aplica,origem,escrita,Bitcoin AINDA não é vilã dos preços de commodities.,2017,2017-12-11,artigo_profissional,Hsia Hua Sheng,autor_unico,https://www.linkedin.com/pulse/bitcoin-ainda-n%C3%A3o-%C3%A9-vil%C3%A3-dos-pre%C3%A7os-de-commodities-hsia-sheng,https://www.linkedin.com/pulse/bitcoin-ainda-n%C3%A3o-%C3%A9-vil%C3%A3-dos-pre%C3%A7os-de-commodities-hsia-sheng,nenhuma,sim,nao_se_aplica,confirmado,sim,origem,conteudo_local_integral,texto_integral_local_estruturado,"Texto integral, metadados, tabelas e imagens preservados em hsia_linkedin_2017_2018_estruturado/artigos/004_bitcoin_ainda_nao_e_vila_dos_precos_de_commodities"
LinkedIn 2017-2018,colunas_autorais,manifestacao-d95dffca0ec691,hsia-li-e26291fed8f9,hsia-li-e26291fed8f9,nao_se_aplica,origem_catalogo,escrita,Brasil Ganha com a Guerra Comercial EUA e China,2018,2018-03-26,artigo_profissional,Hsia Hua Sheng,autor_unico,desconhecido,desconhecido,nenhuma,sim,nao_se_aplica,confirmado,sim,origem,conteudo_local_integral,texto_integral_local_estruturado,Compilacao autoral local identifica Hsia Hua Sheng como autor.
LinkedIn 2017-2018,colunas_autorais,manifestacao-a46a3dc0ce510b,hsia-4c68c05876e9,hsia-4c68c05876e9,nao_se_aplica,origem,escrita,Cadê empresas listadas que produzem zinco?,2018,2018-01-08,artigo_profissional,Hsia Hua Sheng,autor_unico,https://pt.linkedin.com/pulse/cad%C3%AA-empresas-listadas-que-produzem-zinco-hsia-sheng,https://pt.linkedin.com/pulse/cad%C3%AA-empresas-listadas-que-produzem-zinco-hsia-sheng,nenhuma,sim,nao_se_aplica,confirmado,sim,origem,concluido | conteudo_local_integral,resumo_ou_metadados_recuperados,nome completo e papel aparecem na pagina
LinkedIn 2017-2018,colunas_autorais,manifestacao-62f5cd026845fc,hsia-451787e1e581,hsia-451787e1e581,nao_se_aplica,origem,escrita,Desafio de renegociar dívida corporativa,2018,2018-09-02,artigo_profissional,Hsia Hua Sheng,autor_unico,https://pt.linkedin.com/pulse/desafio-de-renegociar-d%C3%ADvida-corporativa-hsia-hua-sheng,https://pt.linkedin.com/pulse/desafio-de-renegociar-d%C3%ADvida-corporativa-hsia-hua-sheng,nenhuma,sim,nao_se_aplica,confirmado,sim,origem,concluido | conteudo_local_integral,resumo_ou_metadados_recuperados,nome completo e papel aparecem na pagina
LinkedIn 2017-2018,colunas_autorais,manifestacao-294efe01756cad,hsia-cee154dd3abb,hsia-cee154dd3abb,nao_se_aplica,origem,escrita,Desafios de Exportadores de Commodities no Curto Prazo!,2018,2018-11-05,artigo_profissional,Hsia Hua Sheng,autor_unico,https://pt.linkedin.com/pulse/desafios-de-exportadores-brasileiros-hsia-hua-sheng,https://pt.linkedin.com/pulse/desafios-de-exportadores-brasileiros-hsia-hua-sheng,https://br.linkedin.com/in/hsia-hua-sheng-9312539,sim,nao_se_aplica,confirmado,sim,origem,concluido | conteudo_local_integral,texto_integral_local_estruturado,"Texto integral, metadados, tabelas e imagens preservados em hsia_linkedin_2017_2018_estruturado/artigos/048_desafios_de_exportadores_de_commodities_no_curto_prazo"
LinkedIn 2017-2018,colunas_autorais,manifestacao-739ec3595bb562,hsia-li-aecf87cc8789,hsia-li-aecf87cc8789,nao_se_aplica,origem,escrita,Devolvendo dinheiro!,2018,2018-05-14,artigo_profissional,Hsia Hua Sheng,autor_unico,https://pt.linkedin.com/pulse/devolvendo-dinheiro-hsia-hua-sheng,https://pt.linkedin.com/pulse/devolvendo-dinheiro-hsia-hua-sheng,nenhuma,sim,nao_se_aplica,confirmado,sim,origem,conteudo_local_integral,texto_integral_local_estruturado,"Texto integral, metadados, tabelas e imagens preservados em hsia_linkedin_2017_2018_estruturado/artigos/026_devolvendo_dinheiro"
LinkedIn 2017-2018,colunas_autorais,manifestacao-63b4168a0b7f45,hsia-li-b36eb4559d3d,hsia-li-b36eb4559d3d,nao_se_aplica,origem,escrita,Dólar forte de novo!,2018,2018-08-13,artigo_profissional,Hsia Hua Sheng,autor_unico,https://pt.linkedin.com/pulse/d%C3%B3lar-forte-de-novo-hsia-hua-sheng,https://pt.linkedin.com/pulse/d%C3%B3lar-forte-de-novo-hsia-hua-sheng,nenhuma,sim,nao_se_aplica,confirmado,sim,origem,conteudo_local_integral,texto_integral_local_estruturado,"Texto integral, metadados, tabelas e imagens preservados em hsia_linkedin_2017_2018_estruturado/artigos/037_dolar_forte_de_novo"
LinkedIn 2017-2018,colunas_autorais,manifestacao-0cfb1fd0d1210d,hsia-li-c74adf303cd7,hsia-li-c74adf303cd7,nao_se_aplica,origem,escrita,Encontrar uma Ilha Segura,2018,2018-04-09,artigo_profissional,Hsia Hua Sheng,autor_unico,https://pt.linkedin.com/pulse/encontrar-uma-ilha-segura-hsia-hua-sheng,https://pt.linkedin.com/pulse/encontrar-uma-ilha-segura-hsia-hua-sheng,nenhuma,sim,nao_se_aplica,confirmado,sim,origem,conteudo_local_integral,texto_integral_local_estruturado,"Texto integral, metadados, tabelas e imagens preservados em hsia_linkedin_2017_2018_estruturado/artigos/021_encontrar_uma_ilha_segura"
LinkedIn 2017-2018,colunas_autorais,manifestacao-46a7067ff2b08b,hsia-li-33515125f96e,hsia-li-33515125f96e,nao_se_aplica,origem,escrita,Everybody loves US Dollar,2018,2018-04-30,artigo_profissional,Hsia Hua Sheng,autor_unico,https://pt.linkedin.com/pulse/everybody-loves-us-dollar-hsia-hua-sheng,https://pt.linkedin.com/pulse/everybody-loves-us-dollar-hsia-hua-sheng,nenhuma,sim,nao_se_aplica,confirmado,sim,origem,conteudo_local_integral,texto_integral_local_estruturado,"Texto integral, metadados, tabelas e imagens preservados em hsia_linkedin_2017_2018_estruturado/artigos/024_everybody_loves_us_dollar"
LinkedIn 2017-2018,colunas_autorais,manifestacao-9c01e3dfc110c3,hsia-li-5a29ad28ebff,hsia-li-5a29ad28ebff,nao_se_aplica,origem,escrita,Exportar Mais Frutas para a China,2018,2018-03-12,artigo_profissional,Hsia Hua Sheng,autor_unico,https://pt.linkedin.com/pulse/exportar-mais-frutas-para-china-hsia-hua-sheng,https://pt.linkedin.com/pulse/exportar-mais-frutas-para-china-hsia-hua-sheng,nenhuma,sim,nao_se_aplica,confirmado,sim,origem,conteudo_local_integral,texto_integral_local_estruturado,"Texto integral, metadados, tabelas e imagens preservados em hsia_linkedin_2017_2018_estruturado/artigos/017_exportar_mais_frutas_para_a_china"
LinkedIn 2017-2018,colunas_autorais,manifestacao-0fa55393dac1c0,hsia-8fe9607c211c,hsia-8fe9607c211c,nao_se_aplica,origem,escrita,Foco no Mercado Interno,2018,2018-06-25,artigo_profissional,Hsia Hua Sheng,autor_unico,https://www.linkedin.com/pulse/foco-mercado-interno-hsia-hua-sheng,https://www.linkedin.com/pulse/foco-mercado-interno-hsia-hua-sheng,nenhuma,sim,nao_se_aplica,confirmado,sim,origem,concluido | conteudo_local_integral,texto_integral_local_estruturado,"Texto integral, metadados, tabelas e imagens preservados em hsia_linkedin_2017_2018_estruturado/artigos/031_foco_no_mercado_interno"
LinkedIn 2017-2018,colunas_autorais,manifestacao-fc50c1ebf3e7cc,hsia-06dba4e206ee,hsia-06dba4e206ee,nao_se_aplica,origem,escrita,G20,2018,2018-12-03,artigo_profissional,Hsia Hua Sheng,autor_unico,https://pt.linkedin.com/pulse/g20-hsia-hua-sheng,https://pt.linkedin.com/pulse/g20-hsia-hua-sheng,https://br.linkedin.com/in/hsia-hua-sheng-9312539,sim,nao_se_aplica,confirmado,sim,origem,concluido | conteudo_local_integral,texto_integral_local_estruturado,"Texto integral, metadados, tabelas e imagens preservados em hsia_linkedin_2017_2018_estruturado/artigos/052_g20"
LinkedIn 2017-2018,colunas_autorais,manifestacao-029b56d2d24038,hsia-215c75199ff9,hsia-215c75199ff9,nao_se_aplica,origem,escrita,Guerra comercial entre EUA e China,2018,2018-03-19,artigo_profissional,Hsia Hua Sheng,autor_unico,https://pt.linkedin.com/pulse/guerra-comercial-entre-eua-e-china-hsia-hua-sheng,https://pt.linkedin.com/pulse/guerra-comercial-entre-eua-e-china-hsia-hua-sheng,nenhuma,sim,nao_se_aplica,confirmado,sim,origem,concluido | conteudo_local_integral,texto_integral_local_estruturado,"Texto integral, metadados, tabelas e imagens preservados em hsia_linkedin_2017_2018_estruturado/artigos/018_guerra_comercial_entre_eua_e_china"
LinkedIn 2017-2018,colunas_autorais,manifestacao-df0cb654574b3c,hsia-5d218e2474be,hsia-5d218e2474be,nao_se_aplica,origem,escrita,Joint Venture é “novo” modelo de trazer mais IED ao Brasil!,2018,2018-10-22,artigo_profissional,Hsia Hua Sheng,autor_unico,https://pt.linkedin.com/pulse/joint-venture-%C3%A9-novo-modelo-de-trazer-mais-ied-ao-brasil-sheng,https://pt.linkedin.com/pulse/joint-venture-%C3%A9-novo-modelo-de-trazer-mais-ied-ao-brasil-sheng,https://br.linkedin.com/in/hsia-hua-sheng-9312539,sim,nao_se_aplica,confirmado,sim,origem,concluido | conteudo_local_integral,texto_integral_local_estruturado,"Texto integral, metadados, tabelas e imagens preservados em hsia_linkedin_2017_2018_estruturado/artigos/046_joint_venture_e_novo_modelo_de_trazer_mais_ied_ao_brasi"
LinkedIn 2017-2018,colunas_autorais,manifestacao-da87f6830ba3de,hsia-dba864194a0d,hsia-dba864194a0d,nao_se_aplica,origem,escrita,Mais Inteligência Artificial na Educação!,2018,2018-09-30,artigo_profissional,Hsia Hua Sheng,autor_unico,https://pt.linkedin.com/pulse/mais-intelig%C3%AAncia-artificial-na-educa%C3%A7%C3%A3o-hsia-hua-sheng,https://pt.linkedin.com/pulse/mais-intelig%C3%AAncia-artificial-na-educa%C3%A7%C3%A3o-hsia-hua-sheng,https://br.linkedin.com/in/hsia-hua-sheng-9312539,sim,nao_se_aplica,confirmado,sim,origem,concluido | conteudo_local_integral,resumo_ou_metadados_recuperados,autoria no metadado da pagina
LinkedIn 2017-2018,colunas_autorais,manifestacao-8a860b229c5cc6,hsia-li-4bab55d647e8,hsia-li-4bab55d647e8,nao_se_aplica,origem,escrita,Mais venda de carros de Luxo em 2018!!!,2017,2017-12-25,artigo_profissional,Hsia Hua Sheng,autor_unico,https://pt.linkedin.com/pulse/mais-venda-de-carros-luxo-em-2018-hsia-sheng,https://pt.linkedin.com/pulse/mais-venda-de-carros-luxo-em-2018-hsia-sheng,nenhuma,sim,nao_se_aplica,confirmado,sim,origem,conteudo_local_integral,texto_integral_local_estruturado,"Texto integral, metadados, tabelas e imagens preservados em hsia_linkedin_2017_2018_estruturado/artigos/006_mais_venda_de_carros_de_luxo_em_2018"
LinkedIn 2017-2018,colunas_autorais,manifestacao-c49199d078a487,hsia-cee723d69484,hsia-cee723d69484,nao_se_aplica,origem,escrita,Medidas para atrair mais IED!,2018,2018-10-07,artigo_profissional,Hsia Hua Sheng,autor_unico,https://pt.linkedin.com/pulse/medidas-para-atrair-mais-ied-hsia-hua-sheng,https://pt.linkedin.com/pulse/medidas-para-atrair-mais-ied-hsia-hua-sheng,https://br.linkedin.com/in/hsia-hua-sheng-9312539,sim,nao_se_aplica,confirmado,sim,origem,concluido | conteudo_local_integral,resumo_ou_metadados_recuperados,autoria no metadado da pagina
LinkedIn 2017-2018,colunas_autorais,manifestacao-6d4ba703538d5d,hsia-354a78f5b401,hsia-354a78f5b401,nao_se_aplica,origem,escrita,Mercado brasileiro em festa!,2018,2018-10-28,artigo_profissional,Hsia Hua Sheng,autor_unico,https://pt.linkedin.com/pulse/mercado-brasileiro-em-festa-hsia-hua-sheng,https://pt.linkedin.com/pulse/mercado-brasileiro-em-festa-hsia-hua-sheng,https://br.linkedin.com/in/hsia-hua-sheng-9312539,sim,nao_se_aplica,confirmado,sim,origem,concluido | conteudo_local_integral,texto_integral_local_estruturado,"Texto integral, metadados, tabelas e imagens preservados em hsia_linkedin_2017_2018_estruturado/artigos/047_mercado_brasileiro_em_festa"
LinkedIn 2017-2018,colunas_autorais,manifestacao-9f09d912bcc46d,hsia-li-1f6fa590b352,hsia-li-1f6fa590b352,nao_se_aplica,origem,escrita,"Nossos Heróis: Soja, Milho e Trigo",2018,2018-03-05,artigo_profissional,Hsia Hua Sheng,autor_unico,https://pt.linkedin.com/pulse/nossos-her%C3%B3is-soja-milho-e-trigo-hsia-hua-sheng,https://pt.linkedin.com/pulse/nossos-her%C3%B3is-soja-milho-e-trigo-hsia-hua-sheng,nenhuma,sim,nao_se_aplica,confirmado,sim,origem,conteudo_local_integral,texto_integral_local_estruturado,"Texto integral, metadados, tabelas e imagens preservados em hsia_linkedin_2017_2018_estruturado/artigos/016_nossos_herois_soja_milho_e_trigo"
LinkedIn 2017-2018,colunas_autorais,manifestacao-5281aef407a940,hsia-li-356786439b47,hsia-li-356786439b47,nao_se_aplica,origem,escrita,Nova Coca Cola do Warren Buffett!,2018,2018-02-26,artigo_profissional,Hsia Hua Sheng,autor_unico,https://pt.linkedin.com/pulse/nova-coca-cola-do-warren-buffett-hsia-hua-sheng,https://pt.linkedin.com/pulse/nova-coca-cola-do-warren-buffett-hsia-hua-sheng,nenhuma,sim,nao_se_aplica,confirmado,sim,origem,conteudo_local_integral,texto_integral_local_estruturado,"Texto integral, metadados, tabelas e imagens preservados em hsia_linkedin_2017_2018_estruturado/artigos/015_nova_coca_cola_do_warren_buffett"
LinkedIn 2017-2018,colunas_autorais,manifestacao-c52f5d03550265,hsia-1cd473d66c03,hsia-1cd473d66c03,nao_se_aplica,origem,escrita,Oportunidade do Brasil,2018,2018-11-26,artigo_profissional,Hsia Hua Sheng,autor_unico,https://pt.linkedin.com/pulse/oportunidade-do-brasil-hsia-hua-sheng,https://pt.linkedin.com/pulse/oportunidade-do-brasil-hsia-hua-sheng,https://br.linkedin.com/in/hsia-hua-sheng-9312539,sim,nao_se_aplica,confirmado,sim,origem,concluido | conteudo_local_integral,texto_integral_local_estruturado,"Texto integral, metadados, tabelas e imagens preservados em hsia_linkedin_2017_2018_estruturado/artigos/051_oportunidade_do_brasil"
LinkedIn 2017-2018,colunas_autorais,manifestacao-997c087d7b1e81,hsia-li-826d543c5173,hsia-li-826d543c5173,nao_se_aplica,origem,escrita,Os próximos da lista...,2018,2018-08-19,artigo_profissional,Hsia Hua Sheng,autor_unico,https://pt.linkedin.com/pulse/os-pr%C3%B3ximos-da-lista-hsia-hua-sheng,https://pt.linkedin.com/pulse/os-pr%C3%B3ximos-da-lista-hsia-hua-sheng,nenhuma,sim,nao_se_aplica,confirmado,sim,origem,conteudo_local_integral,texto_integral_local_estruturado,"Texto integral, metadados, tabelas e imagens preservados em hsia_linkedin_2017_2018_estruturado/artigos/038_os_proximos_da_lista"
LinkedIn 2017-2018,colunas_autorais,manifestacao-7abea5079ab8d2,hsia-72a51b4f6c36,hsia-72a51b4f6c36,nao_se_aplica,origem,escrita,Para onde vai a Bolsa Americana?,2018,2018-11-11,artigo_profissional,Hsia Hua Sheng,autor_unico,https://pt.linkedin.com/pulse/para-onde-vai-bolsa-americana-hsia-hua-sheng,https://pt.linkedin.com/pulse/para-onde-vai-bolsa-americana-hsia-hua-sheng,https://br.linkedin.com/in/hsia-hua-sheng-9312539,sim,nao_se_aplica,confirmado,sim,origem,concluido | conteudo_local_integral,texto_integral_local_estruturado,"Texto integral, metadados, tabelas e imagens preservados em hsia_linkedin_2017_2018_estruturado/artigos/049_para_onde_vai_a_bolsa_americana"
LinkedIn 2017-2018,colunas_autorais,manifestacao-74215684827435,hsia-58c605204436,hsia-58c605204436,nao_se_aplica,origem,escrita,Para onde vai o preço de petróleo?,2018,2018-11-18,artigo_profissional,Hsia Hua Sheng,autor_unico,https://pt.linkedin.com/pulse/para-onde-vai-o-pre%C3%A7o-de-petr%C3%B3leo-hsia-hua-sheng,https://pt.linkedin.com/pulse/para-onde-vai-o-pre%C3%A7o-de-petr%C3%B3leo-hsia-hua-sheng,https://br.linkedin.com/in/hsia-hua-sheng-9312539,sim,nao_se_aplica,confirmado,sim,origem,concluido | conteudo_local_integral,resumo_ou_metadados_recuperados,artigo listado no perfil publico verificado; card identifica Hsia Hua Sheng como autor
LinkedIn 2017-2018,colunas_autorais,manifestacao-127192dd1c97ef,hsia-li-13b4ef8b8483,hsia-li-13b4ef8b8483,nao_se_aplica,origem,escrita,Petrobras na festa da IPO Saudi Aramco!!!,2018,2018-01-15,artigo_profissional,Hsia Hua Sheng,autor_unico,https://www.linkedin.com/pulse/petrobras-na-festa-da-ipo-saudi-aramco-hsia-sheng,https://www.linkedin.com/pulse/petrobras-na-festa-da-ipo-saudi-aramco-hsia-sheng,nenhuma,sim,nao_se_aplica,confirmado,sim,origem,conteudo_local_integral,texto_integral_local_estruturado,"Texto integral, metadados, tabelas e imagens preservados em hsia_linkedin_2017_2018_estruturado/artigos/009_petrobras_na_festa_da_ipo_saudi_aramco"
LinkedIn 2017-2018,colunas_autorais,manifestacao-e7eeff55cbbee2,hsia-li-d554ede0e363,hsia-li-d554ede0e363,nao_se_aplica,origem,escrita,Petróleo: “No olho do furacão”,2018,2018-04-16,artigo_profissional,Hsia Hua Sheng,autor_unico,https://pt.linkedin.com/pulse/petr%C3%B3leo-olho-do-furac%C3%A3o-hsia-hua-sheng,https://pt.linkedin.com/pulse/petr%C3%B3leo-olho-do-furac%C3%A3o-hsia-hua-sheng,nenhuma,sim,nao_se_aplica,confirmado,sim,origem,conteudo_local_integral,texto_integral_local_estruturado,"Texto integral, metadados, tabelas e imagens preservados em hsia_linkedin_2017_2018_estruturado/artigos/022_petroleo_no_olho_do_furacao"
LinkedIn 2017-2018,colunas_autorais,manifestacao-82a1a9731294cd,hsia-8e0c70b5a1f8,hsia-8e0c70b5a1f8,nao_se_aplica,origem,escrita,Pizzacoin ou Bitcoin?,2017,2017-12-18,artigo_profissional,Hsia Hua Sheng,autor_unico,https://pt.linkedin.com/pulse/pizzacoin-ou-bitcoin-hsia-sheng,https://pt.linkedin.com/pulse/pizzacoin-ou-bitcoin-hsia-sheng,nenhuma,sim,nao_se_aplica,confirmado,sim,origem,concluido | conteudo_local_integral,texto_integral_local_estruturado,"Texto integral, metadados, tabelas e imagens preservados em hsia_linkedin_2017_2018_estruturado/artigos/005_pizzacoin_ou_bitcoin"
LinkedIn 2017-2018,colunas_autorais,manifestacao-518a2f3c67b2cf,hsia-ef187e34c8dc,hsia-ef187e34c8dc,nao_se_aplica,origem,escrita,Preço de minério de ferro está aumentando?,2018,2018-09-23,artigo_profissional,Hsia Hua Sheng,autor_unico,https://pt.linkedin.com/pulse/pre%C3%A7o-de-min%C3%A9rio-ferro-est%C3%A1-aumentando-hsia-hua-sheng,https://pt.linkedin.com/pulse/pre%C3%A7o-de-min%C3%A9rio-ferro-est%C3%A1-aumentando-hsia-hua-sheng,nenhuma,sim,nao_se_aplica,confirmado,sim,origem,concluido | conteudo_local_integral,texto_integral_local_estruturado,"Texto integral, metadados, tabelas e imagens preservados em hsia_linkedin_2017_2018_estruturado/artigos/042_preco_de_minerio_de_ferro_esta_aumentando"
LinkedIn 2017-2018,colunas_autorais,manifestacao-746cbf86e3bc0e,hsia-li-7e207e2bf87f,hsia-li-7e207e2bf87f,nao_se_aplica,origem,escrita,Proteção Cambial,2018,2018-08-26,artigo_profissional,Hsia Hua Sheng,autor_unico,https://pt.linkedin.com/pulse/prote%C3%A7%C3%A3o-cambial-hsia-hua-sheng,https://pt.linkedin.com/pulse/prote%C3%A7%C3%A3o-cambial-hsia-hua-sheng,nenhuma,sim,nao_se_aplica,confirmado,sim,origem,conteudo_local_integral,texto_integral_local_estruturado,"Texto integral, metadados, tabelas e imagens preservados em hsia_linkedin_2017_2018_estruturado/artigos/039_protecao_cambial"
LinkedIn 2017-2018,colunas_autorais,manifestacao-788e012a4c1fab,hsia-li-fb42f32c8a83,hsia-li-fb42f32c8a83,nao_se_aplica,origem,escrita,Próximo desafio da PagSeguro?,2018,2018-01-29,artigo_profissional,Hsia Hua Sheng,autor_unico,https://pt.linkedin.com/pulse/pr%C3%B3ximo-desafio-da-pagseguro-hsia-hua-sheng,https://pt.linkedin.com/pulse/pr%C3%B3ximo-desafio-da-pagseguro-hsia-hua-sheng,nenhuma,sim,nao_se_aplica,confirmado,sim,origem,conteudo_local_integral,texto_integral_local_estruturado,"Texto integral, metadados, tabelas e imagens preservados em hsia_linkedin_2017_2018_estruturado/artigos/011_proximo_desafio_da_pagseguro"
LinkedIn 2017-2018,colunas_autorais,manifestacao-c189b16101d3b6,hsia-li-c0a0f69365ee,hsia-li-c0a0f69365ee,nao_se_aplica,origem,escrita,Quem está usando Facebook?,2018,2018-07-29,artigo_profissional,Hsia Hua Sheng,autor_unico,https://pt.linkedin.com/pulse/quem-est%C3%A1-usando-facebook-hsia-hua-sheng,https://pt.linkedin.com/pulse/quem-est%C3%A1-usando-facebook-hsia-hua-sheng,nenhuma,sim,nao_se_aplica,confirmado,sim,origem,conteudo_local_integral,texto_integral_local_estruturado,"Texto integral, metadados, tabelas e imagens preservados em hsia_linkedin_2017_2018_estruturado/artigos/036_quem_esta_usando_facebook"
LinkedIn 2017-2018,colunas_autorais,manifestacao-06b483e0898851,hsia-li-bc1c5a6e81e1,hsia-li-bc1c5a6e81e1,nao_se_aplica,origem,escrita,Quem paga mais taxa de juros? Brasil ou China?,desconhecido,desconhecido,artigo_profissional,Hsia Hua Sheng,autor_unico,https://pt.linkedin.com/pulse/quem-paga-mais-taxa-de-juros-brasil-ou-china-hsia-sheng,https://pt.linkedin.com/pulse/quem-paga-mais-taxa-de-juros-brasil-ou-china-hsia-sheng,nenhuma,sim,nao_se_aplica,confirmado,sim,origem,conteudo_local_integral,texto_integral_local_estruturado,"Texto integral, metadados, tabelas e imagens preservados em hsia_linkedin_2017_2018_estruturado/artigos/002_quem_paga_mais_taxa_de_juros_brasil_ou_china"
LinkedIn 2017-2018,colunas_autorais,manifestacao-c0e0d6700c2a5f,hsia-li-fa209b3e91e4,hsia-li-fa209b3e91e4,nao_se_aplica,origem,escrita,Quem vai ser dono do varejo no Brasil?,2018,2018-07-02,artigo_profissional,Hsia Hua Sheng,autor_unico,https://pt.linkedin.com/pulse/quem-vai-ser-dono-do-varejo-brasil-hsia-hua-sheng,https://pt.linkedin.com/pulse/quem-vai-ser-dono-do-varejo-brasil-hsia-hua-sheng,nenhuma,sim,nao_se_aplica,confirmado,sim,origem,conteudo_local_integral,texto_integral_local_estruturado,"Texto integral, metadados, tabelas e imagens preservados em hsia_linkedin_2017_2018_estruturado/artigos/032_quem_vai_ser_dono_do_varejo_no_brasil"
LinkedIn 2017-2018,colunas_autorais,manifestacao-5d923b55ad9575,hsia-li-09681fcc9287,hsia-li-09681fcc9287,nao_se_aplica,origem,escrita,Quer pagar quanto no Petróleo? Aceitamos em RMB!,2018,2018-01-01,artigo_profissional,Hsia Hua Sheng,autor_unico,https://pt.linkedin.com/pulse/quer-pagar-quanto-petr%C3%B3leo-aceitamos-em-rmb-hsia-sheng,https://pt.linkedin.com/pulse/quer-pagar-quanto-petr%C3%B3leo-aceitamos-em-rmb-hsia-sheng,nenhuma,sim,nao_se_aplica,confirmado,sim,origem,conteudo_local_integral,texto_integral_local_estruturado,"Texto integral, metadados, tabelas e imagens preservados em hsia_linkedin_2017_2018_estruturado/artigos/007_quer_pagar_quanto_no_petroleo_aceitamos_em_rmb"
LinkedIn 2017-2018,colunas_autorais,manifestacao-b948b45fef9ba1,hsia-li-ada0dec9e50a,hsia-li-ada0dec9e50a,nao_se_aplica,origem_catalogo,escrita,Reforma de Imposto de Trump e ações de tecnologias na China!,2017,2017-12-04,artigo_profissional,Hsia Hua Sheng,autor_unico,desconhecido,desconhecido,nenhuma,sim,nao_se_aplica,confirmado,sim,origem,conteudo_local_integral,texto_integral_local_estruturado,Compilacao autoral local identifica Hsia Hua Sheng como autor.
LinkedIn 2017-2018,colunas_autorais,manifestacao-3cd84fa5157e79,hsia-li-b0fec39cbec4,hsia-li-b0fec39cbec4,nao_se_aplica,origem,escrita,Remédio Salva Bolsa!,2018,2018-07-09,artigo_profissional,Hsia Hua Sheng,autor_unico,https://pt.linkedin.com/pulse/rem%C3%A9dio-salva-bolsa-hsia-hua-sheng,https://pt.linkedin.com/pulse/rem%C3%A9dio-salva-bolsa-hsia-hua-sheng,nenhuma,sim,nao_se_aplica,confirmado,sim,origem,conteudo_local_integral,texto_integral_local_estruturado,"Texto integral, metadados, tabelas e imagens preservados em hsia_linkedin_2017_2018_estruturado/artigos/033_remedio_salva_bolsa"
LinkedIn 2017-2018,colunas_autorais,manifestacao-fe224433416052,hsia-li-eba6617b96cd,hsia-li-eba6617b96cd,nao_se_aplica,origem,escrita,Risco Sistemático Global continua?,2018,2018-02-12,artigo_profissional,Hsia Hua Sheng,autor_unico,https://pt.linkedin.com/pulse/risco-sistem%C3%A1tico-global-continua-hsia-hua-sheng,https://pt.linkedin.com/pulse/risco-sistem%C3%A1tico-global-continua-hsia-hua-sheng,nenhuma,sim,nao_se_aplica,confirmado,sim,origem,conteudo_local_integral,texto_integral_local_estruturado,"Texto integral, metadados, tabelas e imagens preservados em hsia_linkedin_2017_2018_estruturado/artigos/013_risco_sistematico_global_continua"
LinkedIn 2017-2018,colunas_autorais,manifestacao-568ffddbf76aff,hsia-li-76e6c1bce155,hsia-li-76e6c1bce155,nao_se_aplica,origem,escrita,Risco de Guerra Cambial,2018,2018-04-23,artigo_profissional,Hsia Hua Sheng,autor_unico,https://pt.linkedin.com/pulse/risco-de-guerra-cambial-hsia-hua-sheng,https://pt.linkedin.com/pulse/risco-de-guerra-cambial-hsia-hua-sheng,nenhuma,sim,nao_se_aplica,confirmado,sim,origem,conteudo_local_integral,texto_integral_local_estruturado,"Texto integral, metadados, tabelas e imagens preservados em hsia_linkedin_2017_2018_estruturado/artigos/023_risco_de_guerra_cambial"
LinkedIn 2017-2018,colunas_autorais,manifestacao-457a8cf63f1c04,hsia-6257121a4189,hsia-6257121a4189,nao_se_aplica,origem,escrita,"Se Beber Moutai, Não Compre Ações!",2017,2017-11-27,artigo_profissional,Hsia Hua Sheng,autor_unico,https://pt.linkedin.com/pulse/se-beber-moutai-n%C3%A3o-compre-a%C3%A7%C3%B5es-hsia-sheng,https://pt.linkedin.com/pulse/se-beber-moutai-n%C3%A3o-compre-a%C3%A7%C3%B5es-hsia-sheng,nenhuma,sim,nao_se_aplica,confirmado,sim,origem,concluido,resumo_ou_metadados_recuperados,nome completo e papel aparecem na pagina
LinkedIn 2017-2018,colunas_autorais,manifestacao-c0d025b69cc1ff,hsia-li-d4906b6f4ebf,hsia-li-d4906b6f4ebf,nao_se_aplica,origem,escrita,Soja Americana,2018,2018-05-07,artigo_profissional,Hsia Hua Sheng,autor_unico,https://pt.linkedin.com/pulse/soja-americana-hsia-hua-sheng,https://pt.linkedin.com/pulse/soja-americana-hsia-hua-sheng,nenhuma,sim,nao_se_aplica,confirmado,sim,origem,conteudo_local_integral,texto_integral_local_estruturado,"Texto integral, metadados, tabelas e imagens preservados em hsia_linkedin_2017_2018_estruturado/artigos/025_soja_americana"
LinkedIn 2017-2018,colunas_autorais,manifestacao-6fcfddca06dedb,hsia-li-50e1413c255a,hsia-li-50e1413c255a,nao_se_aplica,origem,escrita,Solução de ESG para Petrobras,2018,2018-06-04,artigo_profissional,Hsia Hua Sheng,autor_unico,https://pt.linkedin.com/pulse/solu%C3%A7%C3%A3o-de-esg-para-petrobras-hsia-hua-sheng,https://pt.linkedin.com/pulse/solu%C3%A7%C3%A3o-de-esg-para-petrobras-hsia-hua-sheng,nenhuma,sim,nao_se_aplica,confirmado,sim,origem,conteudo_local_integral,texto_integral_local_estruturado,"Texto integral, metadados, tabelas e imagens preservados em hsia_linkedin_2017_2018_estruturado/artigos/029_solucao_de_esg_para_petrobras"
LinkedIn 2017-2018,colunas_autorais,manifestacao-100475e0aed578,hsia-li-79f48d0da1fe,hsia-li-79f48d0da1fe,nao_se_aplica,origem,escrita,Tem-Tem Win-Win: Fundo de Investimento China - Brasil,desconhecido,desconhecido,artigo_profissional,Hsia Hua Sheng,autor_unico,https://pt.linkedin.com/pulse/tem-tem-win-win-fundo-de-investimento-china-brasil-hsia-sheng,https://pt.linkedin.com/pulse/tem-tem-win-win-fundo-de-investimento-china-brasil-hsia-sheng,nenhuma,sim,nao_se_aplica,confirmado,sim,origem,conteudo_local_integral,texto_integral_local_estruturado,"Texto integral, metadados, tabelas e imagens preservados em hsia_linkedin_2017_2018_estruturado/artigos/001_tem_tem_win_win_fundo_de_investimento_china_brasil"
LinkedIn 2017-2018,colunas_autorais,manifestacao-b0786292fcc1be,hsia-li-f62f79f2f2cc,hsia-li-f62f79f2f2cc,nao_se_aplica,origem,escrita,Um alívio para setor de tecnologia!,2018,2018-05-20,artigo_profissional,Hsia Hua Sheng,autor_unico,https://pt.linkedin.com/pulse/um-al%C3%ADvio-para-setor-de-tecnologia-hsia-hua-sheng,https://pt.linkedin.com/pulse/um-al%C3%ADvio-para-setor-de-tecnologia-hsia-hua-sheng,nenhuma,sim,nao_se_aplica,confirmado,sim,origem,conteudo_local_integral,texto_integral_local_estruturado,"Texto integral, metadados, tabelas e imagens preservados em hsia_linkedin_2017_2018_estruturado/artigos/027_um_alivio_para_setor_de_tecnologia"
LinkedIn 2017-2018,colunas_autorais,manifestacao-6a1345e0d0ffc3,hsia-4b5fa4900ef7,hsia-4b5fa4900ef7,nao_se_aplica,origem,escrita,Um susto na bolsa de valores norte-americana!,2018,2018-10-15,artigo_profissional,Hsia Hua Sheng,autor_unico,https://pt.linkedin.com/pulse/um-susto-na-bolsa-de-valores-norte-americana-hsia-hua-sheng,https://pt.linkedin.com/pulse/um-susto-na-bolsa-de-valores-norte-americana-hsia-hua-sheng,https://br.linkedin.com/in/hsia-hua-sheng-9312539,sim,nao_se_aplica,confirmado,sim,origem,concluido | conteudo_local_integral,texto_integral_local_estruturado,"Texto integral, metadados, tabelas e imagens preservados em hsia_linkedin_2017_2018_estruturado/artigos/045_um_susto_na_bolsa_de_valores_norte_americana"
LinkedIn 2017-2018,colunas_autorais,manifestacao-277aca03ba00d6,hsia-2b12076f4315,hsia-2b12076f4315,nao_se_aplica,origem,escrita,“Flangos” não são iguais!!!,2018,2018-06-11,artigo_profissional,Hsia Hua Sheng,autor_unico,https://www.linkedin.com/pulse/flangos-n%C3%A3o-s%C3%A3o-iguais-hsia-hua-sheng,https://www.linkedin.com/pulse/flangos-n%C3%A3o-s%C3%A3o-iguais-hsia-hua-sheng,nenhuma,sim,nao_se_aplica,confirmado,sim,origem,concluido | conteudo_local_integral,resumo_ou_metadados_recuperados,autoria no metadado da pagina
Money Times,colunas_autorais,manifestacao-1af6e97072726d,hsia-0fc641da59ff,hsia-0fc641da59ff,nao_se_aplica,origem,escrita,A deflação na China é coisa do passado; entenda,2024,2024-02-17,artigo_jornalistico,Hsia Hua Sheng,autor_unico,https://www.moneytimes.com.br/a-deflacao-na-china-e-coisa-do-passado-entenda/,https://www.moneytimes.com.br/a-deflacao-na-china-e-coisa-do-passado-entenda/,https://www.moneytimes.com.br/author/hsia-sheng/page/2/,sim,nao_se_aplica,confirmado,sim,origem,concluido,resumo_ou_metadados_recuperados,arquivo do autor e metadado NewsArticle
Money Times,colunas_autorais,manifestacao-9c1e674f30ae59,hsia-6b07ee2ce281,hsia-6b07ee2ce281,nao_se_aplica,origem,escrita,Ajuste de rating soberano da China não afeta a China (e nem o Brasil); entenda,2023,2023-12-18,artigo_jornalistico,Hsia Hua Sheng,autor_unico,https://www.moneytimes.com.br/ajuste-de-rating-soberano-da-china-nao-afeta-a-china-e-nem-o-brasil-entenda/,https://www.moneytimes.com.br/ajuste-de-rating-soberano-da-china-nao-afeta-a-china-e-nem-o-brasil-entenda/,https://www.moneytimes.com.br/author/hsia-sheng/page/3/,sim,nao_se_aplica,confirmado,sim,origem,concluido,resumo_ou_metadados_recuperados,arquivo do autor e metadado NewsArticle
Money Times,colunas_autorais,manifestacao-34195f466bb0a3,hsia-a5e3cebaddbe,hsia-a5e3cebaddbe,nao_se_aplica,origem,escrita,As perspectivas econômicas da China para 2025,2024,2024-12-27,artigo_jornalistico,Hsia Hua Sheng,autor_unico,https://www.moneytimes.com.br/as-perspectivas-economicas-da-china-para-2025-jals/,https://www.moneytimes.com.br/as-perspectivas-economicas-da-china-para-2025-jals/,https://www.moneytimes.com.br/author/hsia-sheng/page/2/,sim,nao_se_aplica,confirmado,sim,origem,concluido,resumo_ou_metadados_recuperados,arquivo do autor e metadado NewsArticle
Money Times,colunas_autorais,manifestacao-6e23aeebd78f74,hsia-deb898021715,hsia-deb898021715,nao_se_aplica,origem,escrita,Biden e Xi Jinping: Encontro traz novos desafios para economia brasileira em 2024?,2023,2023-11-16,artigo_jornalistico,Hsia Hua Sheng,autor_unico,https://www.moneytimes.com.br/biden-e-xi-jinping-encontro-traz-novos-desafios-para-economia-brasileira-em-2024/,https://www.moneytimes.com.br/biden-e-xi-jinping-encontro-traz-novos-desafios-para-economia-brasileira-em-2024/,https://www.moneytimes.com.br/author/hsia-sheng/page/3/,sim,nao_se_aplica,confirmado,sim,origem,concluido,resumo_ou_metadados_recuperados,arquivo do autor e metadado NewsArticle
Money Times,colunas_autorais,manifestacao-4fc944e9e72703,hsia-5c07b8134e34,hsia-5c07b8134e34,nao_se_aplica,origem,escrita,China 2024: As perspectivas econômicas e por que menos é mais,2023,2023-12-28,artigo_jornalistico,Hsia Hua Sheng,autor_unico,https://www.moneytimes.com.br/china-2024-as-perspectivas-economicas-e-por-que-menos-e-mais/,https://www.moneytimes.com.br/china-2024-as-perspectivas-economicas-e-por-que-menos-e-mais/,https://www.moneytimes.com.br/author/hsia-sheng/page/3/,sim,nao_se_aplica,confirmado,sim,origem,concluido,resumo_ou_metadados_recuperados,arquivo do autor e metadado NewsArticle
Money Times,colunas_autorais,manifestacao-2f1f5c1511d58f,hsia-f1dc2f8cd28f,hsia-f1dc2f8cd28f,nao_se_aplica,origem,escrita,China busca mais capital de giro para finalizar empreendimento imobiliários,2023,2023-12-05,artigo_jornalistico,Hsia Hua Sheng,autor_unico,https://www.moneytimes.com.br/china-busca-mais-capital-de-giro-para-finalizar-empreendimento-imobiliarios/,https://www.moneytimes.com.br/china-busca-mais-capital-de-giro-para-finalizar-empreendimento-imobiliarios/,https://www.moneytimes.com.br/author/hsia-sheng/page/3/,sim,nao_se_aplica,confirmado,sim,origem,concluido,resumo_ou_metadados_recuperados,arquivo do autor e metadado NewsArticle
Money Times,colunas_autorais,manifestacao-e2deb2906d4f68,hsia-96490b2559d8,hsia-96490b2559d8,nao_se_aplica,origem,escrita,China desafia o padrão: Dívida soberana em dólar pode ditar nova taxa livre de risco,2025,2025-11-21,artigo_jornalistico,Hsia Hua Sheng,autor_unico,https://www.moneytimes.com.br/china-desafia-o-padrao-divida-soberana-em-dolar-pode-ditar-nova-taxa-livre-de-risco-jals/,https://www.moneytimes.com.br/china-desafia-o-padrao-divida-soberana-em-dolar-pode-ditar-nova-taxa-livre-de-risco-jals/,https://www.moneytimes.com.br/author/hsia-sheng/,sim,nao_se_aplica,confirmado,sim,origem,concluido,resumo_ou_metadados_recuperados,arquivo do autor e metadado NewsArticle
Money Times,colunas_autorais,manifestacao-c7346fa1ed591f,hsia-595cc6cacca0,hsia-595cc6cacca0,nao_se_aplica,origem,escrita,"China: Novos estímulos à economia não trarão um milagre, e sim estabilidade",2023,2023-06-26,artigo_jornalistico,Hsia Hua Sheng,autor_unico,https://www.moneytimes.com.br/china-novos-estimulos-a-economia-nao-trarao-um-milagre-e-sim-estabilidade/,https://www.moneytimes.com.br/china-novos-estimulos-a-economia-nao-trarao-um-milagre-e-sim-estabilidade/,"https://www.youtube.com/watch?v=gduo2af35dm | https://www.moneytimes.com.br/author/hsia-sheng/page/4/ | https://www.moneytimes.com.br/wp-json/wp/v2/posts?author=422&per_page=100&_fields=id,date,link,title,excerpt,content",sim,nao_se_aplica,confirmado,sim,manifestacao_derivada | origem,concluido | removido_ou_indisponivel,metadados_e_vinculo_recuperados | resumo_e_evidencia_recuperados,". Mas, ao contrário de um pacote agressivo de estímulos que acelere a economia, como queriam os analistas e investidores do mercado, o governo fez um pacote conservador. O objetivo desse […] Chinaprecisa de tempo para absorver as mudanças estruturais que vêm sendo adotadas pelo governo, e as correções de rumo para alcançar um patamar mais elevado de renda, diz Hsia Hua Sheng (Imagem: Pixabay/ Pexels) Recentemente, o governo chinês agiu rápido para reerguer a economia . Uma série de medidas de estímulos tem sido adotada para garantir o crescimento da China . Mas, ao contrário de um pacote agressivo de estímulos que acelere a economia, como queriam os analistas e investidores do mercado, o governo fez um pacote conservador. O objetivo desse pacote é garantir a estabilidade e a sustentabilidade da China. Essa condição vai permitir a continuidade de sua reforma estrutural, reduzindo os efeitos negativos durante esse curto intervalo de transição. O planejamento econômico da China abrange períodos de 5 anos. O governo trabalha com medidas de curto prazo para garantir as condições necessárias para poder executar gradualmente uma política industrial mais moderna e de alto valor tecnológico"
Money Times,colunas_autorais,manifestacao-66b23ae7bf4cf8,hsia-26d094536549,hsia-26d094536549,nao_se_aplica,origem,escrita,China: PIB do primeiro semestre de 2023 mostra que reminbi continua firme,2023,2023-07-19,artigo_jornalistico,Hsia Hua Sheng,autor_unico,https://www.moneytimes.com.br/china-pib-do-primeiro-semestre-de-2023-mostra-que-reminbi-continua-firme/,https://www.moneytimes.com.br/china-pib-do-primeiro-semestre-de-2023-mostra-que-reminbi-continua-firme/,"https://www.youtube.com/watch?v=mXT7Q_4oss4 | https://www.moneytimes.com.br/author/hsia-sheng/page/4/ | https://www.moneytimes.com.br/wp-json/wp/v2/posts?author=422&per_page=100&_fields=id,date,link,title,excerpt,content",sim,nao_se_aplica,confirmado,sim,manifestacao_derivada | origem,concluido,metadados_e_vinculo_recuperados | resumo_e_evidencia_recuperados,"alorizar 4,5%, e depois se recuperou … O que está acontecendo com RMB? O RMB enfraqueceu? No curto prazo, a taxa de câmbio do RMB pode ter uma oscilação maior devido às especulações sobre as taxas […] “O valor do reminbi (RMB) é influenciado não só pelas oscilações de curto prazo, mas também pela confiança dos investidores nos fundamentos da China no longo prazo”, diz Hsia Hua Sheng (Imagem: REUTERS/Thomas White/Illustration) A taxa de câmbio reminbi/ dólar ( RMB/USD ) tem sofrido grandes oscilações recentemente. Neste ano, o yuan da China chegou a se desvalorizar 4,5%, e depois se recuperou … O que está acontecendo com RMB? O RMB enfraqueceu? No curto prazo, a taxa de câmbio do RMB pode ter uma oscilação maior devido às especulações sobre as taxas de juros das principais economias mundiais, a redução da atividade econômica global, guerras comerciais e tecnológicas, regionalização de cadeia de suprimento e as incertezas sobre a transição da economia chinesa. Mas, no longo prazo, a tendência é ficar estável, devido ao bom fundamento econômico da China. A China vem adotando medidas de estímulo à economia, reduzindo a taxa de juros do RMB. Diferente dos Estados Unidos, que elevam a ta"
Money Times,colunas_autorais,manifestacao-7ccaf61df5c725,hsia-eb4566807e66,hsia-eb4566807e66,nao_se_aplica,origem,escrita,China: como Comitê do Partido Comunista impacta a economia e o Brasil,2024,2024-07-24,artigo_jornalistico,Hsia Hua Sheng,autor_unico,https://www.moneytimes.com.br/implicacao-do-terceiro-plenario-da-china-para-economia-brasileira-jals/,https://www.moneytimes.com.br/implicacao-do-terceiro-plenario-da-china-para-economia-brasileira-jals/,https://www.moneytimes.com.br/author/hsia-sheng/page/2/,sim,nao_se_aplica,confirmado,sim,origem,concluido,resumo_ou_metadados_recuperados,arquivo do autor e metadado NewsArticle
Money Times,colunas_autorais,manifestacao-0950f1671ffe26,hsia-6f5120abdf27,hsia-6f5120abdf27,nao_se_aplica,origem,escrita,China: economia está em transição estrutural; o que isso significa?,2023,2023-05-30,artigo_jornalistico,Hsia Hua Sheng,autor_unico,https://www.moneytimes.com.br/china-economia-esta-em-transicao-estrutural-o-que-isso-significa/,https://www.moneytimes.com.br/china-economia-esta-em-transicao-estrutural-o-que-isso-significa/,https://www.moneytimes.com.br/author/hsia-sheng/page/4/,sim,nao_se_aplica,confirmado,sim,origem,concluido,resumo_ou_metadados_recuperados,arquivo do autor e metadado NewsArticle
Money Times,colunas_autorais,manifestacao-def941a96a65d3,hsia-7602364db1bd,hsia-7602364db1bd,nao_se_aplica,origem,escrita,Como ETFs chineses podem ser alternativa de diversificação para investidores globais,2025,2025-03-31,artigo_jornalistico,Hsia Hua Sheng,autor_unico,https://www.moneytimes.com.br/etfs-chineses-como-alternativa-de-diversificacao-para-investidores-globais-jals/,https://www.moneytimes.com.br/etfs-chineses-como-alternativa-de-diversificacao-para-investidores-globais-jals/,https://www.moneytimes.com.br/author/hsia-sheng/,sim,nao_se_aplica,confirmado,sim,origem,concluido,resumo_ou_metadados_recuperados,arquivo do autor e metadado NewsArticle
Money Times,colunas_autorais,manifestacao-0f577942374f40,hsia-38256828b367,hsia-38256828b367,nao_se_aplica,origem,escrita,Como a China acelera mudança estrutural e abre janela estratégica para reindustrialização do Brasil,2026,2026-04-21,artigo_jornalistico,Hsia Hua Sheng,autor_unico,https://www.moneytimes.com.br/como-a-china-acelera-mudanca-estrutural-e-abre-janela-estrategica-para-reindustrializacao-do-brasil-jals/,https://www.moneytimes.com.br/como-a-china-acelera-mudanca-estrutural-e-abre-janela-estrategica-para-reindustrializacao-do-brasil-jals/,https://www.moneytimes.com.br/author/hsia-sheng/,sim,nao_se_aplica,confirmado,sim,origem,concluido,resumo_ou_metadados_recuperados,arquivo do autor e metadado NewsArticle
Money Times,colunas_autorais,manifestacao-029c7b8b1dd0f8,hsia-2e86d0512d2f,hsia-2e86d0512d2f,nao_se_aplica,origem,escrita,Como a China que usar a indústria de inteligência artificial para atrair mais investimentos estrangeiros,2024,2024-03-12,artigo_jornalistico,Hsia Hua Sheng,autor_unico,https://www.moneytimes.com.br/como-a-china-que-usar-a-industria-de-inteligencia-artificial-para-atrair-mais-investimentos-estrangeiros/,https://www.moneytimes.com.br/como-a-china-que-usar-a-industria-de-inteligencia-artificial-para-atrair-mais-investimentos-estrangeiros/,https://www.moneytimes.com.br/author/hsia-sheng/page/2/,sim,nao_se_aplica,confirmado,sim,origem,concluido,resumo_ou_metadados_recuperados,arquivo do autor e metadado NewsArticle
Money Times,colunas_autorais,manifestacao-175c6edc7e1839,hsia-097e4aaa0cb6,hsia-097e4aaa0cb6,nao_se_aplica,origem,escrita,Como a guerra em Israel pode ser uma ‘pedra no sapato’ da economia chinesa,2023,2023-10-15,artigo_jornalistico,Hsia Hua Sheng,autor_unico,https://www.moneytimes.com.br/como-a-guerra-em-israel-pode-ser-uma-pedra-no-sapato-da-economia-chinesa/,https://www.moneytimes.com.br/como-a-guerra-em-israel-pode-ser-uma-pedra-no-sapato-da-economia-chinesa/,https://www.moneytimes.com.br/author/hsia-sheng/page/3/,sim,nao_se_aplica,confirmado,sim,origem,concluido,resumo_ou_metadados_recuperados,arquivo do autor e metadado NewsArticle
Money Times,colunas_autorais,manifestacao-81c80bc8bd26f0,hsia-65e45dc39635,hsia-65e45dc39635,nao_se_aplica,origem,escrita,Como fica o comércio Brasil-China com o aumento dos riscos geopolíticos?,2024,2024-01-29,artigo_jornalistico,Hsia Hua Sheng,autor_unico,https://www.moneytimes.com.br/como-fica-o-comercio-brasil-china-com-o-aumento-dos-riscos-geopoliticos/,https://www.moneytimes.com.br/como-fica-o-comercio-brasil-china-com-o-aumento-dos-riscos-geopoliticos/,https://www.moneytimes.com.br/author/hsia-sheng/page/2/,sim,nao_se_aplica,confirmado,sim,origem,concluido,resumo_ou_metadados_recuperados,arquivo do autor e metadado NewsArticle
Money Times,colunas_autorais,manifestacao-62d8d7abac3b18,hsia-0737547c4ff9,hsia-0737547c4ff9,nao_se_aplica,origem,escrita,Como os robôs Kung Fu colocam o mercado chinês em alta,2026,2026-02-19,artigo_jornalistico,Hsia Hua Sheng,autor_unico,https://www.moneytimes.com.br/os-robos-kung-fu-e-mais-touros-na-bolsa-da-china-ceci/,https://www.moneytimes.com.br/os-robos-kung-fu-e-mais-touros-na-bolsa-da-china-ceci/,https://www.moneytimes.com.br/author/hsia-sheng/,sim,nao_se_aplica,confirmado,sim,origem,concluido,resumo_ou_metadados_recuperados,arquivo do autor e metadado NewsArticle
Money Times,colunas_autorais,manifestacao-7ca1fb2eba0282,hsia-38880ea495fe,hsia-38880ea495fe,nao_se_aplica,origem,escrita,Como parcerias entre Brasil e China podem avançar as metas de carbono zero?,2023,2023-11-01,artigo_jornalistico,Hsia Hua Sheng,autor_unico,https://www.moneytimes.com.br/como-parcerias-entre-brasil-e-china-podem-avancar-as-metas-de-carbono-zero/,https://www.moneytimes.com.br/como-parcerias-entre-brasil-e-china-podem-avancar-as-metas-de-carbono-zero/,https://www.moneytimes.com.br/author/hsia-sheng/page/3/,sim,nao_se_aplica,confirmado,sim,origem,concluido,resumo_ou_metadados_recuperados,arquivo do autor e metadado NewsArticle
Money Times,colunas_autorais,manifestacao-2aab735b0c778f,hsia-5ec2adbc7621,hsia-5ec2adbc7621,nao_se_aplica,origem,escrita,Como sucesso do jogo ‘Black Myth: WuKong’ pode aumentar PIB da China em 2024,2024,2024-08-26,artigo_jornalistico,Hsia Hua Sheng,autor_unico,https://www.moneytimes.com.br/como-sucesso-do-jogo-black-myth-wukong-pode-aumentar-pib-da-china-em-2024-jals/,https://www.moneytimes.com.br/como-sucesso-do-jogo-black-myth-wukong-pode-aumentar-pib-da-china-em-2024-jals/,https://www.moneytimes.com.br/author/hsia-sheng/page/2/,sim,nao_se_aplica,confirmado,sim,origem,concluido,resumo_ou_metadados_recuperados,arquivo do autor e metadado NewsArticle
Money Times,colunas_autorais,manifestacao-92508f6631e27e,hsia-e4eaa1183f3d,hsia-e4eaa1183f3d,nao_se_aplica,origem,escrita,"Competitividade americana na Era Trump 2.0: Tarifas, estratégias e impactos globais",2025,2025-01-27,artigo_jornalistico,Hsia Hua Sheng,autor_unico,https://www.moneytimes.com.br/competitividade-americana-na-era-trump-2-0-tarifas-estrategias-e-impactos-globais/,https://www.moneytimes.com.br/competitividade-americana-na-era-trump-2-0-tarifas-estrategias-e-impactos-globais/,https://www.moneytimes.com.br/author/hsia-sheng/page/2/,sim,nao_se_aplica,confirmado,sim,origem,concluido,resumo_ou_metadados_recuperados,arquivo do autor e metadado NewsArticle
Money Times,colunas_autorais,manifestacao-b04f127390a643,hsia-293207cd139e,hsia-293207cd139e,nao_se_aplica,origem,escrita,EUA x China: Como as sanções americanas contra os chineses impactam o Brasil,2023,2023-08-14,artigo_jornalistico,Hsia Hua Sheng,autor_unico,https://www.moneytimes.com.br/eua-x-china-como-as-sancoes-americanas-contra-os-chineses-impactam-o-brasil/,https://www.moneytimes.com.br/eua-x-china-como-as-sancoes-americanas-contra-os-chineses-impactam-o-brasil/,https://www.moneytimes.com.br/author/hsia-sheng/page/3/,sim,nao_se_aplica,confirmado,sim,origem,concluido,resumo_ou_metadados_recuperados,arquivo do autor e metadado NewsArticle
Money Times,colunas_autorais,manifestacao-f09aaa7f19d1a8,hsia-7ba24f363c8a,hsia-7ba24f363c8a,nao_se_aplica,origem,escrita,Economia chinesa: chegaram estímulos que o mercado esperava,2024,2024-09-25,artigo_jornalistico,Hsia Hua Sheng,autor_unico,https://www.moneytimes.com.br/economia-chinesa-chegaram-estimulos-que-o-mercado-esperava-kda/,https://www.moneytimes.com.br/economia-chinesa-chegaram-estimulos-que-o-mercado-esperava-kda/,https://www.moneytimes.com.br/author/hsia-sheng/page/2/,sim,nao_se_aplica,confirmado,sim,origem,concluido,resumo_ou_metadados_recuperados,arquivo do autor e metadado NewsArticle
Money Times,colunas_autorais,manifestacao-559e990096cb99,hsia-2ce022423e09,hsia-2ce022423e09,nao_se_aplica,origem,escrita,Economia da China: O que se espera dos números do terceiro trimestre de 2023?,2023,2023-10-02,artigo_jornalistico,Hsia Hua Sheng,autor_unico,https://www.moneytimes.com.br/economia-da-china-o-que-se-espera-dos-numeros-do-terceiro-trimestre-de-2023/,https://www.moneytimes.com.br/economia-da-china-o-que-se-espera-dos-numeros-do-terceiro-trimestre-de-2023/,"https://www.youtube.com/watch?v=grFXzyKm2AQ | https://www.moneytimes.com.br/wp-json/wp/v2/posts?author=422&per_page=100&_fields=id,date,link,title,excerpt,content | https://www.moneytimes.com.br/author/hsia-sheng/page/3/",sim,nao_se_aplica,confirmado,sim,manifestacao_derivada | origem,concluido,metadados_e_vinculo_recuperados | resumo_e_evidencia_recuperados,"ás as piores instabilidades nessa transição econômica estrutural, após as interrupções causadas pela Covid-19. A evolução dos números até agosto aponta para essa direção. Gradualmente, a China está seguindo seu caminho planejado para uma […] “Desde o início de 2023, a China tem trabalhado na circulação interna, dentro da estratégia de circulação dual”, explica Hsia Hua Sheng (Imagem: Unsplash/Li Yang) É esperado que os indicadores econômicos do t erceiro trimestre de 2023 reforcem a tese de que a China está deixando para trás as piores instabilidades nessa transição econômica estrutural, após as interrupções causadas pela Covid-19 . A evolução dos números até agosto aponta para essa direção. Gradualmente, a China está seguindo seu caminho planejado para uma economia mais moderna, verde, socialmente justa e altamente tecnológica. AS 10 MELHORES AÇÕES PARA INVESTIR EM OUTUBRO: O analista-chefe João Piccioni revela as oportunidades da carteira da Empiricus Research, que deu tchau para a B3 (B3SA3) e incluiu um novo papel com grande potencial. É só clicar aqui e assistir ao Giro do Mercado! Apesar de um ritmo mais lento, os principais indicadores chineses da circulação interna já demos"
Money Times,colunas_autorais,manifestacao-ba3bb6279fcd68,hsia-c990c3f3d335,hsia-c990c3f3d335,nao_se_aplica,origem,escrita,Empresas chinesas resilientes: Conheça as oportunidades de investimentos,2024,2024-04-15,artigo_jornalistico,Hsia Hua Sheng,autor_unico,https://www.moneytimes.com.br/empresas-chinesas-resilientes-conheca-as-oportunidades-de-investimentos/,https://www.moneytimes.com.br/empresas-chinesas-resilientes-conheca-as-oportunidades-de-investimentos/,https://www.moneytimes.com.br/author/hsia-sheng/page/2/,sim,nao_se_aplica,confirmado,sim,origem,concluido,resumo_ou_metadados_recuperados,arquivo do autor e metadado NewsArticle
Money Times,colunas_autorais,manifestacao-2eec578100c71a,hsia-2559aa9c6f99,hsia-2559aa9c6f99,nao_se_aplica,origem,escrita,"Enquanto o mundo sofre com os preços altos, China desafia a inflação e expõe fragilidade global",2026,2026-05-25,artigo_jornalistico,Hsia Hua Sheng,autor_unico,https://www.moneytimes.com.br/enquanto-o-mundo-sofre-com-os-precos-altos-china-desafia-a-inflacao-e-expoe-fragilidade-global/,https://www.moneytimes.com.br/enquanto-o-mundo-sofre-com-os-precos-altos-china-desafia-a-inflacao-e-expoe-fragilidade-global/,https://www.moneytimes.com.br/author/hsia-sheng/,sim,nao_se_aplica,confirmado,sim,origem,concluido,resumo_ou_metadados_recuperados,arquivo do autor e metadado NewsArticle
Money Times,colunas_autorais,manifestacao-288b866ca0108f,hsia-6cdab507abb8,hsia-6cdab507abb8,nao_se_aplica,origem,escrita,Estabilidade financeira global: A nova vítima do tarifaço do Trump?,2025,2025-04-25,artigo_jornalistico,Hsia Hua Sheng,autor_unico,https://www.moneytimes.com.br/estabilidade-financeira-global-a-nova-vitima-do-tarifaco-do-trump-jals/,https://www.moneytimes.com.br/estabilidade-financeira-global-a-nova-vitima-do-tarifaco-do-trump-jals/,https://www.moneytimes.com.br/author/hsia-sheng/,sim,nao_se_aplica,confirmado,sim,origem,concluido,resumo_ou_metadados_recuperados,arquivo do autor e metadado NewsArticle
Money Times,colunas_autorais,manifestacao-12f102fa54e1fd,hsia-fc3b8f570de0,hsia-fc3b8f570de0,nao_se_aplica,origem,escrita,Financiamento em yuan chinês: por que não experimentar?,2023,2023-05-16,artigo_jornalistico,Hsia Hua Sheng,autor_unico,https://www.moneytimes.com.br/financiamento-em-yuan-chines-por-que-nao-experimentar/,https://www.moneytimes.com.br/financiamento-em-yuan-chines-por-que-nao-experimentar/,"https://www.moneytimes.com.br/author/hsia-sheng/page/4/ | https://www.moneytimes.com.br/wp-json/wp/v2/posts?author=422&per_page=100&_fields=id,date,link,title,excerpt,content",sim,nao_se_aplica,confirmado,sim,origem,concluido,resumo_e_evidencia_recuperados,"nesa, a tendência de maior participação de volume de negócios internacionais globais, maior aceitação entre agentes econômicos internacionais, maior estabilidade cambial, maior comprometimento do governo chinês com desregulamentação e mais transparência no mercado, tende a tornar o yuan uma alternativa interessante de linha de crédito de trade finance para empresa e bancos brasileiros na complementação da atual fontes de financiamento. Portanto, fica a dica do slogan de outrora. Experimenta! Experimente! Experimenta! * Hsia Hua Sheng é vice-presidente do Bank of China (Brasil) S.A. e professor associado de finanças na Fundação Getulio Vargas (FGV- EAESP). É economista pela Universidade de São Paulo (FEA – USP), doutor e mestre em administração em finanças pela Fundação Getulio Vargas (FGV – EAESP). Foi pesquisador visitante na NYU Stern School of Business e na Shanghai University of Finance and Economics (SHUFE). É especialista em finanças internacionais com foco em mercados emergentes; possui larga experiência profissionais em multinacionais e várias publicações em revistas acadêmicas e profissionais de excelências internacionais e nacionais."
Money Times,colunas_autorais,manifestacao-3b1eb03939c1b6,hsia-dd4cf3af85c9,hsia-dd4cf3af85c9,nao_se_aplica,origem,escrita,Investidores estrangeiros voltam a apostar pesado em Brasil e China em 2026,2026,2026-05-04,artigo_jornalistico,Hsia Hua Sheng,autor_unico,https://www.moneytimes.com.br/investidores-estrangeiros-voltam-a-apostar-pesado-em-brasil-e-china-em-2026/,https://www.moneytimes.com.br/investidores-estrangeiros-voltam-a-apostar-pesado-em-brasil-e-china-em-2026/,https://www.moneytimes.com.br/author/hsia-sheng/,sim,nao_se_aplica,confirmado,sim,origem,concluido,resumo_ou_metadados_recuperados,arquivo do autor e metadado NewsArticle
Money Times,colunas_autorais,manifestacao-9a82bd68309cc2,hsia-d8940df14834,hsia-d8940df14834,nao_se_aplica,origem,escrita,Já pensou em investir em ações de empresas resilientes da China? É hora de pensar,2024,2024-04-10,artigo_jornalistico,Hsia Hua Sheng,autor_unico,https://www.moneytimes.com.br/ja-pensou-em-investir-em-acoes-de-empresas-resilientes-da-china-e-hora-de-pensar/,https://www.moneytimes.com.br/ja-pensou-em-investir-em-acoes-de-empresas-resilientes-da-china-e-hora-de-pensar/,"https://www.moneytimes.com.br/author/hsia-sheng/page/2/ | https://www.moneytimes.com.br/wp-json/wp/v2/posts?author=422&per_page=100&_fields=id,date,link,title,excerpt,content",sim,nao_se_aplica,confirmado,sim,origem,concluido,resumo_e_evidencia_recuperados,"estão dando um show de inovação e rentabilidade em relação às concorrentes americanas. Essa resiliência é o que mundo acabou de conhecer como uma das características das “novas forças produtivas de alta qualidade”, e foi […] “No médio prazo, empresas como a Huawei, com produtos como relógios inteligentes, gerarão retornos consistentes aos seus acionistas”, afirma Hsia Hua Sheng Algumas das empresas de tecnologias da China que sofreram sanções dos Estados Unidos, nos últimos anos, não apenas sobreviveram, mas também estão dando um show de inovação e rentabilidade em relação às concorrentes americanas. Essa resiliência é o que mundo acabou de conhecer como uma das características das “novas forças produtivas de alta qualidade”, e foi incorporada como uma das novas metas da política de desenvolvimento econômico da China. O que são as empresas resilientes da China? Uma empresa resiliente é aquela com os seguintes atributos: preparadas, adaptáveis, confiáveis, colaborativas, responsáveis. Com esses atributos, as empresas chinesas, tais como Huawei e DJI Tecnológica , têm superado as adversidades provocadas pelas sanções americanas cada vez mais severas, sem desistir de fazer o que acre"
Money Times,colunas_autorais,manifestacao-4af154a7974931,hsia-7f8221255442,hsia-7f8221255442,nao_se_aplica,origem,escrita,Nova revolução industrial da China: Por que a inteligência artificial vai muito além das big techs,2026,2026-07-27,artigo_jornalistico,Hsia Hua Sheng,autor_unico,https://www.moneytimes.com.br/nova-revolucao-industrial-da-china-por-que-a-inteligencia-artificial-vai-muito-alem-das-big-techs/,https://www.moneytimes.com.br/nova-revolucao-industrial-da-china-por-que-a-inteligencia-artificial-vai-muito-alem-das-big-techs/,https://www.moneytimes.com.br/author/hsia-sheng/,sim,nao_se_aplica,confirmado,sim,origem,concluido,resumo_ou_metadados_recuperados,arquivo do autor e metadado NewsArticle
Money Times,colunas_autorais,manifestacao-4c2f2cf14d9d7e,hsia-4ce1eb628895,hsia-4ce1eb628895,nao_se_aplica,origem,escrita,"O mito da desaceleração da China: Por que a “fragilidade” econômica é, na verdade, um salto para a autonomia tecnológica",2026,2026-03-14,artigo_jornalistico,Hsia Hua Sheng,autor_unico,https://www.moneytimes.com.br/o-mito-da-desaceleracao-da-china-por-que-a-fragilidade-economica-e-na-verdade-um-salto-para-a-autonomia-tecnologica-ceci/,https://www.moneytimes.com.br/o-mito-da-desaceleracao-da-china-por-que-a-fragilidade-economica-e-na-verdade-um-salto-para-a-autonomia-tecnologica-ceci/,https://www.moneytimes.com.br/author/hsia-sheng/,sim,nao_se_aplica,confirmado,sim,origem,concluido,resumo_ou_metadados_recuperados,arquivo do autor e metadado NewsArticle
Money Times,colunas_autorais,manifestacao-0f78da0183e0eb,hsia-7aed46e88ad9,hsia-7aed46e88ad9,nao_se_aplica,origem,escrita,O que está acontecendo com setor imobiliário na China e como o Brasil entre nessa história,2023,2023-08-29,artigo_jornalistico,Hsia Hua Sheng,autor_unico,https://www.moneytimes.com.br/o-que-esta-acontecendo-com-setor-imobiliario-na-china-e-como-o-brasil-entre-nessa-historia/,https://www.moneytimes.com.br/o-que-esta-acontecendo-com-setor-imobiliario-na-china-e-como-o-brasil-entre-nessa-historia/,https://www.moneytimes.com.br/author/hsia-sheng/page/3/,sim,nao_se_aplica,confirmado,sim,origem,concluido,resumo_ou_metadados_recuperados,arquivo do autor e metadado NewsArticle
Money Times,colunas_autorais,manifestacao-1d7e5a8c2e7efb,hsia-cc19a4980aff,hsia-cc19a4980aff,nao_se_aplica,origem,escrita,Os chips ajudarão o Renminbi da China a virar o “dólar” do século XXI; prepare-se,2023,2023-09-13,artigo_jornalistico,Hsia Hua Sheng,autor_unico,https://www.moneytimes.com.br/os-chips-ajudarao-o-renminbi-da-china-a-virar-o-dolar-do-seculo-xxi-prepare-se/,https://www.moneytimes.com.br/os-chips-ajudarao-o-renminbi-da-china-a-virar-o-dolar-do-seculo-xxi-prepare-se/,https://www.moneytimes.com.br/author/hsia-sheng/page/3/,sim,nao_se_aplica,confirmado,sim,origem,concluido,resumo_ou_metadados_recuperados,arquivo do autor e metadado NewsArticle
Money Times,colunas_autorais,manifestacao-79de604cb20608,hsia-7dfb5b0161e3,hsia-7dfb5b0161e3,nao_se_aplica,origem,escrita,Perspectiva econômica da China em 2026: Como o avanço tecnológico impacta o Brasil,2026,2026-01-05,artigo_jornalistico,Hsia Hua Sheng,autor_unico,https://www.moneytimes.com.br/perspectiva-economica-da-china-em-2026-como-o-avanco-tecnologico-impacta-o-brasil-jals/,https://www.moneytimes.com.br/perspectiva-economica-da-china-em-2026-como-o-avanco-tecnologico-impacta-o-brasil-jals/,https://www.moneytimes.com.br/author/hsia-sheng/,sim,nao_se_aplica,confirmado,sim,origem,concluido,resumo_ou_metadados_recuperados,arquivo do autor e metadado NewsArticle
Money Times,colunas_autorais,manifestacao-5ae127131e8fca,hsia-a010507c9ced,hsia-a010507c9ced,nao_se_aplica,origem,escrita,Por que exportar para a China pode ser um bom negócio para as empresas brasileiras,2023,2023-08-02,artigo_jornalistico,Hsia Hua Sheng,autor_unico,https://www.moneytimes.com.br/por-que-exportar-para-a-china-pode-ser-um-bom-negocio-para-as-empresas-brasileiras/,https://www.moneytimes.com.br/por-que-exportar-para-a-china-pode-ser-um-bom-negocio-para-as-empresas-brasileiras/,https://www.moneytimes.com.br/author/hsia-sheng/page/4/,sim,nao_se_aplica,confirmado,sim,origem,concluido,resumo_ou_metadados_recuperados,arquivo do autor e metadado NewsArticle
Money Times,entrevistas_escritas_completas,manifestacao-4abefdb6449855,hsia-5711d22c7adb,hsia-5711d22c7adb,nao_se_aplica,origem,escrita,"DeepSeek funcionou como ‘vacina’ para os investidores se prepararem para o mercado de IA em 2025, diz executivo do Bank of China",2025,2025-01-30,participacao_reportagem,desconhecido,entrevistado,https://www.moneytimes.com.br/devemos-ver-novas-deepseeks-em-2025-raql/,https://www.moneytimes.com.br/devemos-ver-novas-deepseeks-em-2025-raql/,"https://www.moneytimes.com.br/wp-json/wp/v2/posts?author=422&per_page=100&_fields=id,date,link,title,excerpt,content",sim,nao_se_aplica,confirmado,sim,origem,concluido,resumo_e_evidencia_recuperados,"a startup chinesa DeepSeek agitou o mercado americano, fazendo com que ações de grandes players estabelecidos, como a Nvidia ( NVDA ), caíssem 17% em um único dia . Para alguns, o dia atípico é um sinal de alerta sobre o que ainda está por vir, sugerindo até uma possível mudança na dinâmica do mercado de Inteligência Artificial (IA), com novos concorrentes ganhando espaço. Para Hsia Sheng, vice-presidente do Bank of China, há uma grande possibilidade de surgirem cada vez mais novas empresas de IA no mercado, devido ao modelo aberto e exclusivo do DeepSeek, que precisa de menor poder computacional do que outros modelos tradicionais — como o da Meta e o da OpenAI, por exemplo — , possibilitando que outras empresas adotem o mesmo modelo, além de estimular a criação de novas aplicações com essas tecnologias. Para ele, o ocorrido na segunda-feira (27) funcionou como uma “vacina” para os investidores, para o que ainda está por vir, além de servir como um aviso de que a liderança no setor não está limitada apenas às Big Techs americanas. Como consequência, Sheng diz que as Big Techs tendem a ser mais afetadas ao longo do ano, enfrentando grandes chances de alta volatilidade nos preços. Is"
Money Times,entrevistas_escritas_completas,manifestacao-246b9d278d4c0f,hsia-87d3e5f64666,hsia-87d3e5f64666,nao_se_aplica,origem,escrita,Por que a Bolsa da China subiu? Veja o que diz o vice-presidente do Bank of China,2024,2024-10-08,participacao_reportagem,desconhecido,entrevistado,https://www.moneytimes.com.br/por-que-a-bolsa-da-china-continua-subindo-veja-o-que-diz-o-vice-presidente-do-bank-of-china-mtm/,https://www.moneytimes.com.br/por-que-a-bolsa-da-china-continua-subindo-veja-o-que-diz-o-vice-presidente-do-bank-of-china-mtm/,"https://www.moneytimes.com.br/wp-json/wp/v2/posts?author=422&per_page=100&_fields=id,date,link,title,excerpt,content",sim,nao_se_aplica,confirmado,sim,origem,concluido,resumo_e_evidencia_recuperados,"y Picks” para este mês? O Money Times ouviu analistas de toda a Faria Lima para descobrir; veja aqui o resultado A expectativa do mercado era de um pacote de trilhões de yuan. Além disso, também preocupam as projeções de uma desaceleração dos indicadores econômicos na China em setembro. Apesar disso, o índice de Shangai permaneceu em alta. A SSEC fechou em alta de 4,59%. De acordo com Hsia Hua Sheng, vice-presidente do Bank of China (Brasil) e professor associado de finanças na Fundação Getulio Vargas , devido aos conflitos globais, os investidores buscam um lugar seguro para o investimento no médio prazo. E, como a Bolsa da China estar mais barata em relação a outras bolsas asiáticas, os investidores globais acabam se atraindo para este investimento. Além disso, Sheng destaca que os recentes incentivos da China para fortalecer demanda de mercado interno acaba fortalecendo a confiança, resultando na migração dos investidores para a Bolsa chinesa. O vice-presidente do banco também afirmou que há uma grande demanda reprimida dos poupadores chineses que veem estas medidas do governo de forma muito positiva, entrando em massa na Bolsa. “Só nos últimos dias, abriram 3 milhões de contas"
Money Times,entrevistas_escritas_completas,manifestacao-fb2b9570f65081,hsia-0b0906f80fcc,hsia-0b0906f80fcc,nao_se_aplica,origem,escrita,"Trump vê que negociação pode levar a um ganho maior do que tarifa unilateral, diz VP do Bank of China",2025,2025-01-23,participacao_reportagem,desconhecido,entrevistado,https://www.moneytimes.com.br/trump-esta-vendo-que-uma-negociacao-pode-levar-a-um-ganho-maior-do-que-uma-tarifa-unilateral-diz-vp-do-bank-of-china-grds/,https://www.moneytimes.com.br/trump-esta-vendo-que-uma-negociacao-pode-levar-a-um-ganho-maior-do-que-uma-tarifa-unilateral-diz-vp-do-bank-of-china-grds/,"https://www.youtube.com/watch?v=TwAYMNBePI0 | https://www.moneytimes.com.br/wp-json/wp/v2/posts?author=422&per_page=100&_fields=id,date,link,title,excerpt,content",sim,nao_se_aplica,confirmado,sim,manifestacao_derivada | origem,concluido,metadados_e_vinculo_recuperados | resumo_e_evidencia_recuperados,"O presidente dos Estados Unidos, Donald Trump surpreendeu o mundo com a revelação de que sua intenção é aplicar uma tarifa de 10% para produtos importados da China, já que durante a campanha, prometeu taxa de 60%. De acordo com Hsia Hua Sheng, vice-presidente do Bank of China, a surpresa positiva mostra que há espaço […] O presidente dos Estados Unidos, Donald Trump surpreendeu o mundo com a revelação de que sua intenção é aplicar uma tarifa de 10% para produtos importados da China , já que durante a campanha, prometeu taxa de 60%. De acordo com Hsia Hua Sheng , vice-presidente do Bank of China , a surpresa positiva mostra que há espaço para negociação antes de declarar uma guerra comercial . “O governo americano está vendo que talvez, com uma negociação, pode alcançar um ganho maior do que simplesmente implementar uma tarifa unilateral. A tarifa é simplesmente um método para trazer os seus parceiros para a mesa de negociação”, disse o executivo, em entrevista ao Giro do Mercado desta quinta-feira (23). VEJA MAIS: Memecoin do Trump vale a pena? Outra criptomoeda pode se beneficiar do bom momento cripto – e subir até 4.900%, segundo especialista Na visão de Sheng , o cenário depende"
Money Times,participacoes_em_reportagens,manifestacao-ce3cbd7a943413,hsia-93c94ad5cba6,hsia-93c94ad5cba6,nao_se_aplica,origem,escrita,"A China vai melhor do que os analistas esperam, e o vice-presidente do Bank of China Brasil diz por quê",2024,2024-05-29,participacao_reportagem,desconhecido,entrevistado,https://www.moneytimes.com.br/a-china-vai-melhor-do-que-os-analistas-esperam-e-o-vice-presidente-do-bank-of-china-brasil-diz-por-que-lmrs/,https://www.moneytimes.com.br/a-china-vai-melhor-do-que-os-analistas-esperam-e-o-vice-presidente-do-bank-of-china-brasil-diz-por-que-lmrs/,"https://www.youtube.com/watch?v=46QJjNmW1bE | https://www.moneytimes.com.br/wp-json/wp/v2/posts?author=422&per_page=100&_fields=id,date,link,title,excerpt,content",sim,nao_se_aplica,confirmado,sim,manifestacao_derivada | origem,concluido,metadados_e_vinculo_recuperados | resumo_e_evidencia_recuperados,"Para quem tem dúvidas sobre o futuro da China, a economia do país está indo muito bem, obrigado. A afirmação é de Hsia Hua Sheng, vice-presidente do Bank of China (Brasil). “Se você quer entender um pouco mais sobre a economia chinesa, talvez a ótica seja um pouco diferente, porque as premissas são diferentes”, afirmou […] Hsia Hua Sheng, vice-presidente do Bank of China (Brasil) falou sobre China no Asset Day da Empiricus Gestão (Imagem: Getty Images Signature/Canva Pro) Para quem tem dúvidas sobre o futuro da China , a economia do país está indo muito bem, obrigado. A afirmação é de Hsia Hua Sheng, vice-presidente do Bank of China (Brasil) . “Se você quer entender um pouco mais sobre a economia chinesa, talvez a ótica seja um pouco diferente, porque as premissas são diferentes”, afirmou o executivo, que participou nesta quarta-feira (29) do Asset Day da Empiricus Gestão . Um e-mail pode mudar sua vida financeira: todas as manhãs, mais de 850 mil brasileiros recebem a newsletter mais lida do mercado financeiro para poder investir melhor. Você pode ser um deles. Basta clicar aqui para receber de forma 100% gratuita . Sheng defendeu que o país está indo melhor do que muitos analista"
Money Times,participacoes_em_reportagens,manifestacao-25e34ad02ca899,hsia-3cb52fde11eb,hsia-3cb52fde11eb,nao_se_aplica,origem,escrita,Brasil quer fazer ‘negócio da China’ sem o dólar: o que isso significa na prática?,2023,2023-04-07,participacao_reportagem,desconhecido,entrevistado,https://www.moneytimes.com.br/brasil-quer-fazer-negocio-da-china-sem-o-dolar-o-que-isso-significa-na-pratica/,https://www.moneytimes.com.br/brasil-quer-fazer-negocio-da-china-sem-o-dolar-o-que-isso-significa-na-pratica/,"https://www.moneytimes.com.br/wp-json/wp/v2/posts?author=422&per_page=100&_fields=id,date,link,title,excerpt,content",sim,nao_se_aplica,confirmado,sim,origem,concluido,resumo_e_evidencia_recuperados,"iciência operacional e a maior competitividade de produtos exportados. Ou seja, o custo de transação pode ser menor, ao não precisar passar pelo dólar como intermediário na operação. Além disso, pode haver maior rapidez na remessa entre comprador e vendedor, elevando a competitividade entre as empresas brasileiras exportadoras. A pergunta que fica, então, é: quais seriam os próximos passos para a implementação prática? Para o vice-presidente do Banco da China no Brasil, Hsia Hua Sheng, são necessários mais bancos brasileiros participantes com reservas em renminbi. Além disso, também é preciso fazer ajustes de procedimentos regulatórios no Brasil. Em artigo publicado na revista da FUNCEX (Fundação Centro de Estudos do Comércio Exterior), Hsia, que também é professor associado da Fundação Getúlio Vargas ( FGV ), avalia que é preciso haver maior envolvimento dos agentes financeiros brasileiros na oferta de produto, inclusive em operações de derivativos para proteção ( hedge ). “Embora haja algumas desvantagens e empecilhos de implementação, o uso do renminbi nas transações internacionais entre Brasil e China traz vários benefícios, que já ficam muito evidentes em contratos comerciais"
Money Times,participacoes_em_reportagens,manifestacao-dd2e429b6a7ec7,hsia-2f9757a92eeb,hsia-2f9757a92eeb,nao_se_aplica,origem,escrita,China colocará o ‘pé no freio’ para compras de soja e carne do Brasil? Entenda o movimento e saiba o que dizem especialistas,2026,2026-06-10,participacao_reportagem,desconhecido,entrevistado,https://www.moneytimes.com.br/china-colocara-o-pe-no-freio-para-compras-de-soja-e-carne-do-brasil-entenda-o-movimento-e-saiba-o-que-dizem-especialistas-pads/,https://www.moneytimes.com.br/china-colocara-o-pe-no-freio-para-compras-de-soja-e-carne-do-brasil-entenda-o-movimento-e-saiba-o-que-dizem-especialistas-pads/,"https://www.moneytimes.com.br/wp-json/wp/v2/posts?author=422&per_page=100&_fields=id,date,link,title,excerpt,content",sim,nao_se_aplica,confirmado,sim,origem,concluido,resumo_e_evidencia_recuperados,"ões de pequenos produtores, o que pode dificultar a adoção em larga escala de novas tecnologias. “Essa redução de 25% é difícil de acontecer. Nem sei se a China precisa fazer isso, já que possui um abastecimento estável vindo do Brasil, da Argentina e dos Estados Unidos, ainda que em menor escala por causa da guerra comercial. Eu não apostaria em uma redução drástica nos próximos cinco anos”, disse. Redução de compras é cenário exagerado? Na avaliação de Hsia Hua Sheng, vice-presidente do Bank of China (Brasil) e professor associado de finanças na FGV-EAESP, a projeção de uma queda de 25% nas compras chinesas de soja brasileira até 2030 é precipitada e exagerada. Segundo o economista, a busca chinesa por maior segurança alimentar e autossuficiência está longe de ser uma novidade do 15º Plano Quinquenal. A diretriz aparece nos documentos estratégicos do país há pelo menos 15 anos e vem sendo reforçada sucessivamente pelos governos chineses. Hsia destaca que a preocupação com a produção de alimentos tem raízes históricas. Ao longo das últimas décadas, a China enfrentou episódios de quebra de safra, escassez e dificuldades de abastecimento, tornando a segurança alimentar uma questão e"
Money Times,participacoes_em_reportagens,manifestacao-05a950b3ad5849,hsia-f719d6f9027a,hsia-f719d6f9027a,nao_se_aplica,origem,escrita,China surpreende mercado com corte na taxa de juros,2024,2024-07-22,participacao_reportagem,desconhecido,entrevistado,https://www.moneytimes.com.br/china-surpreende-mercado-com-corte-na-taxa-de-juros-jals/,https://www.moneytimes.com.br/china-surpreende-mercado-com-corte-na-taxa-de-juros-jals/,"https://www.youtube.com/watch?v=7UesJj_B0wE | https://www.moneytimes.com.br/wp-json/wp/v2/posts?author=422&per_page=100&_fields=id,date,link,title,excerpt,content",sim,nao_se_aplica,confirmado,sim,manifestacao_derivada | origem,concluido,metadados_e_vinculo_recuperados | resumo_e_evidencia_recuperados,"O Banco Central da China surpreendeu o mercado nesta segunda-feira (22) ao decidir cortar a taxa de juros em 10 pontos-base. No Giro do Mercado de hoje, Paula Comassetto recebe Hsia Hua Sheng, vice-presidente do Bank of China, para explicar o que está acontecendo com a economia chinesa, e como isso interfere nos mercados globais. […] O Banco Central da China surpreendeu o mercado nesta segunda-feira (22) ao decidir cortar a taxa de juros em 10 pontos-base. No Giro do Mercado de hoje, Paula Comassetto recebe Hsia Hua Sheng , vice-presidente do Bank of China, para explicar o que está acontecendo com a economia chinesa, e como isso interfere nos mercados globais. Além disso, no último domingo (21), o presidente dos Estados Unidos , Joe Biden , desistiu da sua campanha de reeleição depois de uma crescente desconfiança sobre a sua acuidade mental. Enzo Pacheco , da Empiricus Research, comenta sua avaliação sobre a situação."
Money Times,participacoes_em_reportagens,manifestacao-7036bc85792158,hsia-312e973b7c88,hsia-312e973b7c88,nao_se_aplica,origem,escrita,Como estará o apetite da China no mercado em 2024 e quais serão os impactos para empresas?,2024,2024-01-12,participacao_reportagem,desconhecido,entrevistado,https://www.moneytimes.com.br/como-estara-o-apetite-da-china-no-mercado-em-2024-e-quais-serao-os-impactos-para-empresas/,https://www.moneytimes.com.br/como-estara-o-apetite-da-china-no-mercado-em-2024-e-quais-serao-os-impactos-para-empresas/,"https://www.youtube.com/watch?v=1AfptrFlvqs | https://www.moneytimes.com.br/wp-json/wp/v2/posts?author=422&per_page=100&_fields=id,date,link,title,excerpt,content",sim,nao_se_aplica,confirmado,sim,manifestacao_derivada | origem,concluido,metadados_e_vinculo_recuperados | resumo_e_evidencia_recuperados,"há expectativa de uma safra volumosa, que compensará as nossas perdas produtivas, acessando mais o mercado chinês”, discorre. Entretanto, Serigati destaca que a China exportará o farelo de soja, ou seja, o grão já esmagado, sendo que os chineses não querem comprar o grão dessa forma. “Eles já tem unidades produtivas para fazer esse esmagamento. Mas de forma geral, eles vão continuar sendo nosso principal mercado exportador”, pondera. Para Hsia Hua Sheng, vice-presidente do Bank of China (Brasil) S.A. e professor associado de finanças na Fundação Getulio Vargas (FGV- EAESP), a demanda para China não deverá crescer, mas o que deve acontecer é uma maior oferta para China em 2024. “No fim de 2023, houve uma reaproximação dos Estados Unidos, o que resulta em uma maior liberação de importação de agronegócio, principalmente de países como a Austrália. Com maior oferta, a compra será mais pulverizada. Com mais fornecedores, empresas que fazem apenas exportação podem ser prejudicadas”, pontua. Por fim, segundo Sheng, companhias como JBS ( JBSS3 ), Suzano ( SUZB3 ) e Vale ( VALE3 ) não sofrerão, já que estão bem inseridas no mercado asiático. “Para as empresas do agro, que tem investido na"
Money Times,participacoes_em_reportagens,manifestacao-23256a3fc267c4,hsia-68da5734e45f,hsia-68da5734e45f,nao_se_aplica,origem,escrita,O plano da China para ‘voltar aos trilhos’,2024,2024-10-05,participacao_reportagem,desconhecido,entrevistado,https://www.moneytimes.com.br/o-plano-da-china-para-voltar-aos-trilhos/,https://www.moneytimes.com.br/o-plano-da-china-para-voltar-aos-trilhos/,"https://www.youtube.com/watch?v=kO9Ho-DpAlc | https://www.moneytimes.com.br/wp-json/wp/v2/posts?author=422&per_page=100&_fields=id,date,link,title,excerpt,content",sim,nao_se_aplica,confirmado,sim,manifestacao_derivada | origem,concluido,metadados_e_vinculo_recuperados | resumo_e_evidencia_recuperados,"por novos estímulos econômicos já anunciados na semana passada. Entre as novas medidas estão previstas as reduções das taxas de hipoteca que devem acontecer até o final de outubro. Ainda assim, muitos analistas continuam com dúvidas sobre a consistência dessa recuperação. ‘’Tudo depende da reação do mercado interno da China’’ disse o vice-presidente do Bank of China , Hsia Hua Sheng durante o Giro do Mercado desta segunda-feira (30). Assista ao resumo abaixo: Tensão no Oriente Médio As tensões no Oriente Médio , especialmente envolvendo o setor do petróleo, impulsionaram o índice brasileiro, com as commodities se destacando como os principais motores dessas altas nos últimos pregões. A volatilidade internacional continua sendo um fator importante para o mercado brasileiro, especialmente em setores estratégicos como o de energia. ‘’Petróleo é extremamente sensível à questão geopolítica porque a produção está centrada em países que têm muito conflito’’ disse Larissa Quaresma, analista da casa. Cenário doméstico No cenário doméstico, com a alta da Selic , investidores continuam buscando refúgio na renda fixa, e especialmente em oportunidades em empresas que pagam bons dividendos. Segu"
Money Times,videos_podcasts,manifestacao-769559353c1167,hsia-93c94ad5cba6,hsia-93c94ad5cba6,hsia-93c94ad5cba6,manifestacao_derivada,audiovisual,"A China vai melhor do que os analistas esperam, e o vice-presidente do Bank of China Brasil diz por quê",2024,2024-05-29,participacao_reportagem,desconhecido,entrevistado,https://www.youtube.com/watch?v=46QJjNmW1bE,https://www.youtube.com/watch?v=46QJjNmW1bE,"https://www.moneytimes.com.br/a-china-vai-melhor-do-que-os-analistas-esperam-e-o-vice-presidente-do-bank-of-china-brasil-diz-por-que-lmrs/ | https://www.moneytimes.com.br/wp-json/wp/v2/posts?author=422&per_page=100&_fields=id,date,link,title,excerpt,content",sim,nao_se_aplica,confirmado,sim,manifestacao_derivada | origem,concluido,metadados_e_vinculo_recuperados | resumo_e_evidencia_recuperados,manifestacao audiovisual confirmada no HTML da pagina editorial vinculada; YouTube id=46QJjNmW1bE; titulo recuperado=ASSET DAY | EMPIRICUS GESTAO
Money Times,videos_podcasts,manifestacao-89ef6a706cef43,hsia-1b61b5acb28e,hsia-1b61b5acb28e,nao_se_aplica,origem,audiovisual,Bolsas da China tem maiores altas desde 2008: veja como isso mexe com o mercado brasileiro,2024,2024-09-30,participacao_audiovisual,desconhecido,entrevistado,https://www.youtube.com/watch?v=rZaKvyP5ANk,https://www.youtube.com/watch?v=rZaKvyP5ANk,nenhuma,sim,nao_se_aplica,provavel,sim,origem,concluido,resumo_e_evidencia_recuperados,🔴 Bolsas da China têm maiores altas desde 2008: Veja como isso mexe com o mercado brasileiro - YouTube Sobre Imprensa Direitos autorais Entre em contato Criadores de conteúdo Publicidade Desenvolvedores Termos Privacidade Política e segurança Como funciona o YouTube Testar os novos recursos © 2026 Google LLC
Money Times,videos_podcasts,manifestacao-4a1b720d6d0a38,hsia-f719d6f9027a,hsia-f719d6f9027a,hsia-f719d6f9027a,manifestacao_derivada,audiovisual,China surpreende mercado com corte na taxa de juros,2024,2024-07-22,participacao_reportagem,desconhecido,entrevistado,https://www.youtube.com/watch?v=7UesJj_B0wE,https://www.youtube.com/watch?v=7UesJj_B0wE,"https://www.moneytimes.com.br/china-surpreende-mercado-com-corte-na-taxa-de-juros-jals/ | https://www.moneytimes.com.br/wp-json/wp/v2/posts?author=422&per_page=100&_fields=id,date,link,title,excerpt,content",sim,nao_se_aplica,confirmado,sim,manifestacao_derivada | origem,concluido,metadados_e_vinculo_recuperados | resumo_e_evidencia_recuperados,manifestacao audiovisual confirmada no HTML da pagina editorial vinculada; YouTube id=7UesJj_B0wE; titulo recuperado=China surpreende mercado com corte na taxa de juros
Money Times,videos_podcasts,manifestacao-611163b3e33a49,hsia-595cc6cacca0,hsia-595cc6cacca0,hsia-595cc6cacca0,manifestacao_derivada,audiovisual,"China: Novos estímulos à economia não trarão um milagre, e sim estabilidade",2023,2023-06-26,artigo_jornalistico,Hsia Hua Sheng,autor_unico,https://www.youtube.com/watch?v=gduo2af35dm,https://www.youtube.com/watch?v=gduo2af35dm,"https://www.moneytimes.com.br/china-novos-estimulos-a-economia-nao-trarao-um-milagre-e-sim-estabilidade/ | https://www.moneytimes.com.br/author/hsia-sheng/page/4/ | https://www.moneytimes.com.br/wp-json/wp/v2/posts?author=422&per_page=100&_fields=id,date,link,title,excerpt,content",sim,nao_se_aplica,confirmado,sim,manifestacao_derivada | origem,concluido | removido_ou_indisponivel,metadados_e_vinculo_recuperados | resumo_e_evidencia_recuperados,manifestacao audiovisual confirmada no HTML da pagina editorial vinculada; YouTube id=gduo2af35dm; titulo recuperado=China: novos estimulos a economia - video incorporado
Money Times,videos_podcasts,manifestacao-3b245fa0b0c856,hsia-26d094536549,hsia-26d094536549,hsia-26d094536549,manifestacao_derivada,audiovisual,China: PIB do primeiro semestre de 2023 mostra que reminbi continua firme,2023,2023-07-19,artigo_jornalistico,Hsia Hua Sheng,autor_unico,https://www.youtube.com/watch?v=mXT7Q_4oss4,https://www.youtube.com/watch?v=mXT7Q_4oss4,"https://www.moneytimes.com.br/china-pib-do-primeiro-semestre-de-2023-mostra-que-reminbi-continua-firme/ | https://www.moneytimes.com.br/author/hsia-sheng/page/4/ | https://www.moneytimes.com.br/wp-json/wp/v2/posts?author=422&per_page=100&_fields=id,date,link,title,excerpt,content",sim,nao_se_aplica,confirmado,sim,manifestacao_derivada | origem,concluido,metadados_e_vinculo_recuperados | resumo_e_evidencia_recuperados,manifestacao audiovisual confirmada no HTML da pagina editorial vinculada; YouTube id=mXT7Q_4oss4; titulo recuperado=Pos-numeros da Vale e WEG; impactos do fim do acordo de graos
Money Times,videos_podcasts,manifestacao-4fe05583f5bb90,hsia-312e973b7c88,hsia-312e973b7c88,hsia-312e973b7c88,manifestacao_derivada,audiovisual,Como estará o apetite da China no mercado em 2024 e quais serão os impactos para empresas?,2024,2024-01-12,participacao_reportagem,desconhecido,entrevistado,https://www.youtube.com/watch?v=1AfptrFlvqs,https://www.youtube.com/watch?v=1AfptrFlvqs,"https://www.moneytimes.com.br/como-estara-o-apetite-da-china-no-mercado-em-2024-e-quais-serao-os-impactos-para-empresas/ | https://www.moneytimes.com.br/wp-json/wp/v2/posts?author=422&per_page=100&_fields=id,date,link,title,excerpt,content",sim,nao_se_aplica,confirmado,sim,manifestacao_derivada | origem,concluido,metadados_e_vinculo_recuperados | resumo_e_evidencia_recuperados,manifestacao audiovisual confirmada no HTML da pagina editorial vinculada; YouTube id=1AfptrFlvqs; titulo recuperado=Pouso suave ou recessao: o que bancos dos EUA indicam?
Money Times,videos_podcasts,manifestacao-9cd05e36c3e07f,hsia-2ce022423e09,hsia-2ce022423e09,hsia-2ce022423e09,manifestacao_derivada,audiovisual,Economia da China: O que se espera dos números do terceiro trimestre de 2023?,2023,2023-10-02,artigo_jornalistico,Hsia Hua Sheng,autor_unico,https://www.youtube.com/watch?v=grFXzyKm2AQ,https://www.youtube.com/watch?v=grFXzyKm2AQ,"https://www.moneytimes.com.br/economia-da-china-o-que-se-espera-dos-numeros-do-terceiro-trimestre-de-2023/ | https://www.moneytimes.com.br/wp-json/wp/v2/posts?author=422&per_page=100&_fields=id,date,link,title,excerpt,content | https://www.moneytimes.com.br/author/hsia-sheng/page/3/",sim,nao_se_aplica,confirmado,sim,manifestacao_derivada | origem,concluido,metadados_e_vinculo_recuperados | resumo_e_evidencia_recuperados,manifestacao audiovisual confirmada no HTML da pagina editorial vinculada; YouTube id=grFXzyKm2AQ; titulo recuperado=As melhores acoes para investir em outubro e a economia chinesa
Money Times,videos_podcasts,manifestacao-721122b7a11ccf,hsia-68da5734e45f,hsia-68da5734e45f,hsia-68da5734e45f,manifestacao_derivada,audiovisual,O plano da China para ‘voltar aos trilhos’,2024,2024-10-05,participacao_reportagem,desconhecido,entrevistado,https://www.youtube.com/watch?v=kO9Ho-DpAlc,https://www.youtube.com/watch?v=kO9Ho-DpAlc,"https://www.moneytimes.com.br/o-plano-da-china-para-voltar-aos-trilhos/ | https://www.moneytimes.com.br/wp-json/wp/v2/posts?author=422&per_page=100&_fields=id,date,link,title,excerpt,content",sim,nao_se_aplica,confirmado,sim,manifestacao_derivada | origem,concluido,metadados_e_vinculo_recuperados | resumo_e_evidencia_recuperados,manifestacao audiovisual confirmada no HTML da pagina editorial vinculada; YouTube id=kO9Ho-DpAlc; titulo recuperado=O plano da China para voltar aos trilhos
Money Times,videos_podcasts,manifestacao-3e04ed13afc879,hsia-0b0906f80fcc,hsia-0b0906f80fcc,hsia-0b0906f80fcc,manifestacao_derivada,audiovisual,"Trump vê que negociação pode levar a um ganho maior do que tarifa unilateral, diz VP do Bank of China",2025,2025-01-23,participacao_reportagem,desconhecido,entrevistado,https://www.youtube.com/watch?v=TwAYMNBePI0,https://www.youtube.com/watch?v=TwAYMNBePI0,"https://www.moneytimes.com.br/trump-esta-vendo-que-uma-negociacao-pode-levar-a-um-ganho-maior-do-que-uma-tarifa-unilateral-diz-vp-do-bank-of-china-grds/ | https://www.moneytimes.com.br/wp-json/wp/v2/posts?author=422&per_page=100&_fields=id,date,link,title,excerpt,content",sim,nao_se_aplica,confirmado,sim,manifestacao_derivada | origem,concluido,metadados_e_vinculo_recuperados | resumo_e_evidencia_recuperados,manifestacao audiovisual confirmada no HTML da pagina editorial vinculada; YouTube id=TwAYMNBePI0; titulo recuperado=Trump promete taxar China: impactos da guerra comercial
Nova Futura Investimentos / YouTube,videos_podcasts,manifestacao-4ec5ef17c816c8,hsia-3f1c13c129b2,hsia-3f1c13c129b2,nao_se_aplica,origem,audiovisual,Entrevista com Hsia Hua Sheng sobre Economia das Empresas,2017,2017-10-09,entrevista,Hsia Hua Sheng,entrevistado,https://www.youtube.com/watch?v=Q9ugzbwn4rs,https://www.youtube.com/watch?v=Q9ugzbwn4rs,https://www.youtube.com/results?search_query=%22Hsia%20Hua%20Sheng%22,sim,nao_se_aplica,confirmado,sim,origem,concluido,resumo_ou_metadados_recuperados,nome completo no titulo ou descricao publica do video
Outras editoras,livros_capitulos,manifestacao-5988687e8bcc44,hsia-99f38c32c9bc,hsia-99f38c32c9bc,nao_se_aplica,origem,escrita,Análise de Método de Replicação: O Caso Ibovespa,2004,2004,capitulo_livro,"SHENG, H. H | SAITO, R",primeiro_autor,https://eaesp.fgv.br/pessoa/hsia-hua-sheng,https://eaesp.fgv.br/pessoa/hsia-hua-sheng,nenhuma,sim,nao_se_aplica,confirmado,sim,origem,concluido,resumo_ou_metadados_recuperados,"item listado no perfil institucional; SHENG, H. H.; SAITO, R. Análise de Método de Replicação: O Caso Ibovespa. In: Thomas Wood Jr.. (Org.). Gestão Empresarial Finanças. Gestão Empresarial Finanças. 1ed .São Paulo: Vivali, 2004, v., p.-."
Outras editoras,livros_capitulos,manifestacao-7afa9a5e7fe083,hsia-c20d2f9dd29c,hsia-c20d2f9dd29c,nao_se_aplica,origem,escrita,"EMBEDDED GOVERNANCE IN CORPORATE BOND INDENTURES: EVIDENCE FROM BRAZIL, 1998–2001",2004,2005-01-18,capitulo_livro,"SAITO, R | SHENG, H. H | KOSHIO, S | DUTRA, M. G. L",coautor,https://eaesp.fgv.br/pessoa/hsia-hua-sheng,https://eaesp.fgv.br/pessoa/hsia-hua-sheng,"http://www.scopus.com/inward/record.url?eid=2-s2.0-33748514159&partnerID=MN8TOARS | https://doi.org/10.1016/s1569-3767(05)05019-3 | https://openalex.org/W2476724634 | https://www.semanticscholar.org/paper/edeb948f54e1d50b1207ba54adfec2c2e985dfc1 | https://api.openalex.org/works?filter=author.id:A5047360684,to_publication_date:2026-08-24&per-page=200 | https://pub.orcid.org/v3.0/0000-0001-5827-319X/works | https://api.openaire.eu/search/publications?author=Hsia%20Hua%20Sheng&format=json&size=100 | https://api.semanticscholar.org/graph/v1/author/4600832/papers?limit=100&fields=title,year,publicationDate,authors,venue,externalIds,url,abstract,publicationTypes,fieldsOfStudy | https://api.crossref.org/works?query.author=Hsia%20Hua%20Sheng&rows=100&mailto=hsia.sheng@fgv.br",sim,nao_se_aplica,confirmado,sim,metadado_secundario | origem,concluido,resumo_ou_metadados_recuperados,"item listado no perfil institucional; SAITO, R.; SHENG, H. H.; KOSHIO, S.; DUTRA, M. G. L. Embedded Governance in Corporte Bond Indentures: Evidence from Brazil, 1998-2001. In: Arbeláez, H; Reid, W.. (Org.). Latin America Financial Markets: Developments in Financial Innovations. Latin America Financial markets: Developments in Financial Innovations. 1ed .: Elsevier, 2004, v. 5, p. 419-441."
Outras editoras,livros_capitulos,manifestacao-dfe5af5bb7c739,hsia-4562381045eb,hsia-4562381045eb,nao_se_aplica,origem,escrita,"Governança Corporativas nas Dívidas Corporativas: Padronização, Rating e Custo de Captação",2012,2012,capitulo_livro,"SHENG, H. H",autor_unico,https://eaesp.fgv.br/pessoa/hsia-hua-sheng,https://eaesp.fgv.br/pessoa/hsia-hua-sheng,nenhuma,sim,nao_se_aplica,confirmado,sim,origem,concluido,resumo_ou_metadados_recuperados,"item listado no perfil institucional; SHENG, H. H. Governança Corporativas nas Dívidas Corporativas: Padronização, Rating e Custo de Captação. In: SHENG, H. H. (Org.). Direito, Gestão e Prática: Introdução às Finanças Empresariais. 1ed.São Paulo: Saraiva, 2012, v. 1, p. 235-262."
Outras editoras,livros_capitulos,manifestacao-98eb223a796aaa,hsia-a5afe870eff9,hsia-a5afe870eff9,nao_se_aplica,origem,escrita,"Série GVlaw Direito, Gestão e Prática: Introdução às Finanças Empresariais",2012,2012,livro,"SHENG, H. H | LORA, M. I | NAKAMURA, W. T | KAYO, E. K | MARTITS, L. A | GABRIELLI, M. F",primeiro_autor,https://eaesp.fgv.br/pessoa/hsia-hua-sheng,https://eaesp.fgv.br/pessoa/hsia-hua-sheng,nenhuma,sim,nao_se_aplica,confirmado,sim,origem,concluido,resumo_ou_metadados_recuperados,"item listado no perfil institucional; SHENG, H. H.; LORA, M. I.; NAKAMURA, W. T.; KAYO, E. K.; MARTITS, L. A.; GABRIELLI, M. F. Série GVlaw Direito, Gestão e Prática: Introdução às Finanças Empresariais. Sao Paulo: Saraiva, 2012. v. 1. 317p."
Outros periodicos academicos,artigos_academicos,manifestacao-86e7c989a8550b,hsia-dc47b1cb0df1,hsia-dc47b1cb0df1,nao_se_aplica,origem,escrita,A Padronizacao de Contrato Reduz Conflitos entre Debenturistas e Acionistas?,2004,2004,trabalho_congresso,Hsia Hua Sheng | Richard Saito,primeiro_autor,https://conecta.parque.ufrj.br/id/7756504057085313,https://conecta.parque.ufrj.br/id/7756504057085313,nenhuma,sim,nao_se_aplica,provavel,sim,origem,fonte_inacessivel,resumo_ou_metadados_recuperados,registro curricular publico confirma titulo e ano; coautoria corroborada pela versao academica subsequente
Outros periodicos academicos,artigos_academicos,manifestacao-bba0f220095d72,hsia-f35987a9ad1f,hsia-f35987a9ad1f,nao_se_aplica,origem_catalogo,escrita,Agricultura chinesa: organização da fazenda familiar,2013,2013,artigo_academico,Hsia Hua Sheng,autor_unico,https://www.semanticscholar.org/paper/f43a137724571b74f526e2ddc71106acb5ba4faa,https://www.semanticscholar.org/paper/f43a137724571b74f526e2ddc71106acb5ba4faa,"https://api.semanticscholar.org/graph/v1/author/48507977/papers?limit=100&fields=title,year,publicationDate,authors,venue,externalIds,url,abstract,publicationTypes,fieldsOfStudy",sim,nao_se_aplica,confirmado,sim,metadado_secundario,concluido,resumo_ou_metadados_recuperados,"cluster Semantic Scholar 48507977 validado por 24 obra(s) em fontes independentes; obra individual validada por nome completo, titulo, DOI ou coautor"
Outros periodicos academicos,artigos_academicos,manifestacao-586fac4ea1a9b2,hsia-28f6f30399db,hsia-28f6f30399db,nao_se_aplica,origem_catalogo,escrita,Anos de instabilidade,2016,2016-01-01,artigo_academico,Hsia Hua Sheng | José Marcos Carrera,primeiro_autor,https://openalex.org/W3000299791,https://openalex.org/W3000299791,"https://www.semanticscholar.org/paper/eff4dbeb8fdc2641693f2b3a75499b88ab74999c | https://api.openalex.org/works?filter=author.id:A5047360684,to_publication_date:2026-08-24&per-page=200 | https://api.semanticscholar.org/graph/v1/author/48507977/papers?limit=100&fields=title,year,publicationDate,authors,venue,externalIds,url,abstract,publicationTypes,fieldsOfStudy",sim,nao_se_aplica,confirmado,sim,metadado_secundario,concluido,resumo_ou_metadados_recuperados,"cluster A5047360684, ORCID 0000-0001-5827-319X || cluster Semantic Scholar 48507977 validado por 24 obra(s) em fontes independentes; obra individual validada por nome completo, titulo, DOI ou coautor"
Outros periodicos academicos,artigos_academicos,manifestacao-ca7bf33f0541d4,hsia-ed26141a0315,hsia-ed26141a0315,nao_se_aplica,origem,escrita,Análise de métodos de replicação: o caso IBOVESPA,2002,2002,artigo_academico,"SHENG, H. H | SAITO, R",primeiro_autor,https://eaesp.fgv.br/sites/default/files/files-eaesp/pesquisa-eaesp-files/arquivos/sheng_-_analise_do_metodo_de_replicacao_o_caso_ibovespa.pdf,https://eaesp.fgv.br/sites/default/files/files-eaesp/pesquisa-eaesp-files/arquivos/sheng_-_analise_do_metodo_de_replicacao_o_caso_ibovespa.pdf,"https://doi.org/10.1590/s0034-75902002000200006 | https://openalex.org/W2075359192 | https://www.semanticscholar.org/paper/4ac7db01d7a06dbc1da7b567d137065dace7a3a7 | https://api.semanticscholar.org/graph/v1/author/48507977/papers?limit=100&fields=title,year,publicationDate,authors,venue,externalIds,url,abstract,publicationTypes,fieldsOfStudy | https://eaesp.fgv.br/pessoa/hsia-hua-sheng | https://api.openalex.org/works?filter=author.id:A5047360684,to_publication_date:2026-08-24&per-page=200 | https://api.crossref.org/works?query.author=Hsia%20Hua%20Sheng&rows=100&mailto=hsia.sheng@fgv.br",sim,nao_se_aplica,confirmado,sim,metadado_secundario | origem,concluido,resumo_ou_metadados_recuperados,"item listado no perfil institucional; SHENG, H. H.; SAITO, R. Análise de Métodos de Replicação: O Caso Ibovespa . RAE. Revista de Administração de Empresas, São Paulo, v. 42, n.2, p. 66-76, 2002."
Outros periodicos academicos,artigos_academicos,manifestacao-b4476c1af11da6,hsia-5bc7125a4673,hsia-5bc7125a4673,nao_se_aplica,origem,escrita,Análise do Desenvolvimento das Debêntures de Infraestrutura,2016,2016,artigo_academico,"DELBEM, F. C | SHENG, H. H",coautor,http://www.rt.com.br/,http://www.rt.com.br/,https://eaesp.fgv.br/pessoa/hsia-hua-sheng,sim,nao_se_aplica,confirmado,sim,origem,concluido,resumo_ou_metadados_recuperados,"item listado no perfil institucional; DELBEM, F. C.; SHENG, H. H. Análise do Desenvolvimento das Debêntures de Infraestrutura . Revista dos Tribunais (São Paulo. Impresso), v. 973, p. 179-192, 2016."
Outros periodicos academicos,artigos_academicos,manifestacao-bd4c4613e6d497,hsia-922a2e4785a6,hsia-922a2e4785a6,nao_se_aplica,origem,escrita,Aplicando as Técnicass de Opções Reais,2008,2008,artigo_academico,"Vaz, Roberto | SHENG, H. H",coautor,http://www.mundopm.com.br/destaquesEd22.shtml,http://www.mundopm.com.br/destaquesEd22.shtml,https://eaesp.fgv.br/pessoa/hsia-hua-sheng,sim,nao_se_aplica,confirmado,sim,origem,concluido,resumo_ou_metadados_recuperados,"item listado no perfil institucional; Vaz, Roberto; SHENG, H. H. Aplicando as Técnicass de Opções Reais . MundoPM (Curitiba), v. 4, p. 58-61, 2008."
Outros periodicos academicos,artigos_academicos,manifestacao-a225b46b168788,hsia-c58dc72c99a1,hsia-c58dc72c99a1,nao_se_aplica,origem,escrita,Are Country and Size Risks Priced in the Brazilian Stock Market?,2017,2017-04-20,artigo_academico,"SANVICENTE, A. Z | SHENG, H. H | GUANAIS, L. F. P",coautor,https://eaesp.fgv.br/sites/default/files/files-eaesp/pesquisa-eaesp-files/arquivos/are_country_and_size_risks_priced_in_the_brazilian_st.pdf,https://eaesp.fgv.br/sites/default/files/files-eaesp/pesquisa-eaesp-files/arquivos/are_country_and_size_risks_priced_in_the_brazilian_st.pdf,"http://www.scopus.com/inward/record.url?eid=2-s2.0-85016078448&partnerID=MN8TOARS | https://doi.org/10.1590/1807-7692bar2017160076 | https://openalex.org/W2606505259 | https://www.semanticscholar.org/paper/6bf6925942aa83ff6544cb39f5ab4c4a09aecf71 | https://api.openalex.org/works?filter=author.id:A5047360684,to_publication_date:2026-08-24&per-page=200 | https://eaesp.fgv.br/pessoa/hsia-hua-sheng | https://api.semanticscholar.org/graph/v1/author/4600832/papers?limit=100&fields=title,year,publicationDate,authors,venue,externalIds,url,abstract,publicationTypes,fieldsOfStudy | https://pub.orcid.org/v3.0/0000-0001-5827-319X/works | https://api.crossref.org/works?query.author=Hsia%20Hua%20Sheng&rows=100&mailto=hsia.sheng@fgv.br | https://openalex.org/W4394251923",sim,nao_se_aplica,confirmado,sim,metadado_secundario | origem,concluido,resumo_ou_metadados_recuperados,"item listado no perfil institucional; SANVICENTE, A. Z.; SHENG, H. H.; GUANAIS, L. F. P. Are Country and Size Risks Priced in the Brazilian Stock Market? BAR. Brazilian Administration Review, v. 14, p. 1-21, 2017."
Outros periodicos academicos,artigos_academicos,manifestacao-7eac3c14a6865c,hsia-6147581f093c,hsia-6147581f093c,nao_se_aplica,origem_catalogo,escrita,Aspecto cultural do pragmatismo chinês no empreendimento,2010,2010-01-01,relatorio,Hsia Hua Sheng,autor_unico|autor_correspondente,https://openalex.org/W2267791618,https://openalex.org/W2267791618,"https://www.semanticscholar.org/paper/cf31ebe8e8b8a5651d8b86aa13593716282ca756 | https://api.openalex.org/works?filter=author.id:A5047360684,to_publication_date:2026-08-24&per-page=200 | https://api.semanticscholar.org/graph/v1/author/48507977/papers?limit=100&fields=title,year,publicationDate,authors,venue,externalIds,url,abstract,publicationTypes,fieldsOfStudy",sim,nao_se_aplica,confirmado,sim,metadado_secundario,concluido,resumo_ou_metadados_recuperados,"cluster A5047360684, ORCID 0000-0001-5827-319X || cluster Semantic Scholar 48507977 validado por 24 obra(s) em fontes independentes; obra individual validada por nome completo, titulo, DOI ou coautor"
Outros periodicos academicos,artigos_academicos,manifestacao-072889642983d0,hsia-d3628762f5aa,hsia-d3628762f5aa,nao_se_aplica,origem,escrita,Assets of foreignness in a regulated industry,2024,2024-04-11,artigo_academico,Leonardo Nery Dos Santos | Hsia Hua Sheng | Adriana Bruscato Bortoluzzo,coautor|autor_correspondente,https://doi.org/10.1108/RAUSP-04-2022-0123,https://doi.org/10.1108/RAUSP-04-2022-0123,"http://www.scopus.com/inward/record.url?eid=2-s2.0-85184866153&partnerID=MN8TOARS | https://doi.org/10.1108/rausp-04-2022-0123 | https://openalex.org/W4391731346 | https://www.semanticscholar.org/paper/5da7b41ec37b1ca6a5e710d8c4c81eab5b98cda2 | https://pub.orcid.org/v3.0/0000-0001-5827-319X/works | https://api.crossref.org/works?query.author=Hsia%20Hua%20Sheng&rows=100&mailto=hsia.sheng@fgv.br | https://api.openalex.org/works?filter=author.id:A5047360684,to_publication_date:2026-08-24&per-page=200 | https://api.semanticscholar.org/graph/v1/author/2283810156/papers?limit=100&fields=title,year,publicationDate,authors,venue,externalIds,url,abstract,publicationTypes,fieldsOfStudy | https://eaesp.fgv.br/pessoa/hsia-hua-sheng",sim,nao_se_aplica,confirmado,sim,metadado_secundario | origem,concluido,resumo_ou_metadados_recuperados,"item listado no perfil institucional; Santos, L.N.D., Sheng, H.H., Bortoluzzo, A.B. Assets of Foreignness in a Regulated Industry . RAUSP Management Journal, v. 59, n.1, p. 2-25, 2024."
Outros periodicos academicos,artigos_academicos,manifestacao-1c942b03b19b72,hsia-70e33790e7ad,hsia-70e33790e7ad,nao_se_aplica,origem,escrita,COMPLIANCE WITH IFRS REQUIRED DISCLOSURE AND ANALYSTS’ FORECAST ERRORS: EVIDENCE FROM BRAZIL,2018,2018-04-26,artigo_academico,"Santos, E. S | Silva, F. A. M | SHENG, HSIA HUA | LORA, MAYRA IVANOFF",coautor,https://eaesp.fgv.br/sites/default/files/files-eaesp/pesquisa-eaesp-files/arquivos/compliance_with_ifrs_required_disclosure_and_analysts_forecast_errors.pdf,https://eaesp.fgv.br/sites/default/files/files-eaesp/pesquisa-eaesp-files/arquivos/compliance_with_ifrs_required_disclosure_and_analysts_forecast_errors.pdf,"https://doi.org/10.22561/cvr.v29i1.3906 | https://openalex.org/W2803406523 | https://www.semanticscholar.org/paper/33b0935cde8f1540d62ee68c57ee578da2995202 | https://api.crossref.org/works?query.author=Hsia%20Hua%20Sheng&rows=100&mailto=hsia.sheng@fgv.br | https://api.openaire.eu/search/publications?author=Hsia%20Hua%20Sheng&format=json&size=100 | https://eaesp.fgv.br/pessoa/hsia-hua-sheng | https://api.semanticscholar.org/graph/v1/author/4600832/papers?limit=100&fields=title,year,publicationDate,authors,venue,externalIds,url,abstract,publicationTypes,fieldsOfStudy | https://api.openalex.org/works?filter=author.id:A5047360684,to_publication_date:2026-08-24&per-page=200",sim,nao_se_aplica,confirmado,sim,metadado_secundario | origem,concluido,resumo_ou_metadados_recuperados,"item listado no perfil institucional; Santos, E. S.; Silva, F. A. M.; SHENG, HSIA HUA; LORA, MAYRA IVANOFF. Compliance with IFRS Required Disclosure and Analysts Forecast Errors: Evidence from Brazil . Contabilidade Vista & Revista, v. 29, p. 77-100, 2018."
Outros periodicos academicos,artigos_academicos,manifestacao-c4c3a03d27544a,hsia-2a5b9730d2cd,hsia-2a5b9730d2cd,nao_se_aplica,origem_catalogo,escrita,China: desafio para a produção agrícola,2013,2013-02-01,artigo_academico,Hsia Hua Sheng,autor_unico,https://www.semanticscholar.org/paper/60dbb0db518bdd8d89ac0d8aef0cf1e4ffe5fee7,https://www.semanticscholar.org/paper/60dbb0db518bdd8d89ac0d8aef0cf1e4ffe5fee7,"https://api.semanticscholar.org/graph/v1/author/48507977/papers?limit=100&fields=title,year,publicationDate,authors,venue,externalIds,url,abstract,publicationTypes,fieldsOfStudy",sim,nao_se_aplica,confirmado,sim,metadado_secundario,concluido,resumo_ou_metadados_recuperados,"cluster Semantic Scholar 48507977 validado por 24 obra(s) em fontes independentes; obra individual validada por nome completo, titulo, DOI ou coautor"
Outros periodicos academicos,artigos_academicos,manifestacao-2e0b00d6731487,hsia-3490b80bc759,hsia-3490b80bc759,nao_se_aplica,origem_catalogo,escrita,Como se proteger,2013,2013-05-01,artigo_academico,Hsia Hua Sheng,autor_unico,https://www.semanticscholar.org/paper/da33bca4bbd92ad49b66e2b1a99d9c8b4ae135ec,https://www.semanticscholar.org/paper/da33bca4bbd92ad49b66e2b1a99d9c8b4ae135ec,"https://api.semanticscholar.org/graph/v1/author/2057235379/papers?limit=100&fields=title,year,publicationDate,authors,venue,externalIds,url,abstract,publicationTypes,fieldsOfStudy",sim,nao_se_aplica,confirmado,sim,metadado_secundario,concluido,resumo_ou_metadados_recuperados,"cluster Semantic Scholar 2057235379 validado por 2 obra(s) em fontes independentes; obra individual validada por nome completo, titulo, DOI ou coautor"
Outros periodicos academicos,artigos_academicos,manifestacao-8537e3cec2e0ab,hsia-e5e70fc75d32,hsia-e5e70fc75d32,nao_se_aplica,origem,escrita,Contingent Convertibles and their Impacts on the Optimization of the Capital Structure of Brazilian Banks Under Basel III,2016,2016-03-01,artigo_academico,"Goes, K. C | SHENG, HSIA HUA | SCHIOZER, R. F",coautor,https://eaesp.fgv.br/sites/default/files/files-eaesp/pesquisa-eaesp-files/arquivos/sheng_-_contingent_convertibles_and_their_impacts_on_the_optimization_of_the_capital_structure_of_brazilian_banks_under_basel.pdf,https://eaesp.fgv.br/sites/default/files/files-eaesp/pesquisa-eaesp-files/arquivos/sheng_-_contingent_convertibles_and_their_impacts_on_the_optimization_of_the_capital_structure_of_brazilian_banks_under_basel.pdf,"https://doi.org/10.1590/1808-057x201501350 | https://openalex.org/W2292471735 | https://openalex.org/W2941093372 | https://www.semanticscholar.org/paper/40fdb7ab537ccaa78c0aa905f9c81b5d8866ec2e | https://www.semanticscholar.org/paper/471271243062717a4c52b7feb3faf2a9570410ad | https://api.semanticscholar.org/graph/v1/author/4600832/papers?limit=100&fields=title,year,publicationDate,authors,venue,externalIds,url,abstract,publicationTypes,fieldsOfStudy | https://api.crossref.org/works?query.author=Hsia%20Hua%20Sheng&rows=100&mailto=hsia.sheng@fgv.br | https://eaesp.fgv.br/pessoa/hsia-hua-sheng | https://api.semanticscholar.org/graph/v1/author/48507977/papers?limit=100&fields=title,year,publicationDate,authors,venue,externalIds,url,abstract,publicationTypes,fieldsOfStudy | https://api.openalex.org/works?filter=author.id:A5047360684,to_publication_date:2026-08-24&per-page=200 | https://pub.orcid.org/v3.0/0000-0001-5827-319X/works | http://www.scopus.com/inward/record.url?eid=2-s2.0-84963724734&partnerID=MN8TOARS",sim,nao_se_aplica,confirmado,sim,metadado_secundario | origem,concluido,resumo_ou_metadados_recuperados,"item listado no perfil institucional; Goes, K. C.; SHENG, HSIA HUA; SCHIOZER, R. F. Contingent Convertibles and their Impacts on the Optimization of the Capital Structure of Brazilian Banks Under Basel III . Revista Contabilidade & Finanças (Online), v. 27, p. 80-97, 2016."
Outros periodicos academicos,artigos_academicos,manifestacao-17a2f3d2ccc2ad,hsia-bb796526ee9c,hsia-bb796526ee9c,nao_se_aplica,origem,escrita,Correction: Cross-listing and price efficiency: An institutional explanation,2024,2024,artigo_academico,Natalia Diniz-Maganini | Abdul Rasheed | Mahmut Yaşar | Hsia Hua Sheng,coautor,https://doi.org/10.1057/s41267-023-00617-y,https://doi.org/10.1057/s41267-023-00617-y,"http://www.scopus.com/inward/record.url?eid=2-s2.0-85149890819&partnerID=MN8TOARS | https://www.semanticscholar.org/paper/23ba6a6c8e6dd6f869805027ad3ffffaa8c730d4 | https://pub.orcid.org/v3.0/0000-0001-5827-319X/works | https://api.openalex.org/works?filter=author.id:A5047360684,to_publication_date:2026-08-24&per-page=200 | https://api.openaire.eu/search/publications?author=Hsia%20Hua%20Sheng&format=json&size=100 | https://api.semanticscholar.org/graph/v1/author/2165138611/papers?limit=100&fields=title,year,publicationDate,authors,venue,externalIds,url,abstract,publicationTypes,fieldsOfStudy | https://eaesp.fgv.br/pessoa/hsia-hua-sheng | https://api.crossref.org/works?query.author=Hsia%20Hua%20Sheng&rows=100&mailto=hsia.sheng@fgv.br | https://openalex.org/W4324141180",sim,nao_se_aplica,confirmado,sim,metadado_secundario | origem,concluido,resumo_ou_metadados_recuperados,"item listado no perfil institucional; Diniz-Maganini, N., Rasheed, A.A., Yaşar, M. et al. Correction: Cross-listing and price efficiency: An institutional explanation . Journal of International Business Studies, v. 55, n. 124, 2024."
Outros periodicos academicos,artigos_academicos,manifestacao-afa14c10abca07,hsia-1f0b22bcb3c5,hsia-1f0b22bcb3c5,nao_se_aplica,origem_catalogo,escrita,Cost of equity estimation for the Brazilian market: a test of the Goldman Sachs model,2017,2017-03-07,artigo_academico,Luiz Felipe Poli Guanais | Antônio Zoratto Sanvicente | Hsia Hua Sheng,coautor,https://openalex.org/W2613319083,https://openalex.org/W2613319083,"https://www.semanticscholar.org/paper/ee284146503e901c333f2b93365224ba5fdc0a92 | https://api.semanticscholar.org/graph/v1/author/4600832/papers?limit=100&fields=title,year,publicationDate,authors,venue,externalIds,url,abstract,publicationTypes,fieldsOfStudy | https://api.openalex.org/works?filter=author.id:A5047360684,to_publication_date:2026-08-24&per-page=200",sim,nao_se_aplica,confirmado,sim,metadado_secundario,concluido,resumo_ou_metadados_recuperados,"cluster A5047360684, ORCID 0000-0001-5827-319X || cluster Semantic Scholar 4600832 validado por 33 obra(s) em fontes independentes; obra individual validada por nome completo, titulo, DOI ou coautor"
Outros periodicos academicos,artigos_academicos,manifestacao-7d4058c8297d74,hsia-c018a33765d0,hsia-c018a33765d0,nao_se_aplica,origem,escrita,Cross-listing and price efficiency: An institutional explanation,2023,2023,artigo_academico,"DINIZ-MAGANINI, NATALIA | RASHEED, ABDUL A | YA'AR, MAHMUT | HUA SHENG, HSIA",coautor,https://eaesp.fgv.br/sites/default/files/files-eaesp/u949/hsia_-_cross_listing_-_s41267-023-00617-y.pdf,https://eaesp.fgv.br/sites/default/files/files-eaesp/u949/hsia_-_cross_listing_-_s41267-023-00617-y.pdf,"http://www.scopus.com/inward/record.url?eid=2-s2.0-85129871225&partnerID=MN8TOARS | https://doi.org/10.1057/s41267-022-00524-8 | https://openalex.org/W4280644723 | https://www.semanticscholar.org/paper/488c26ed7ab93b00bbf0c4e321824e66aefadc19 | https://api.openalex.org/works?filter=author.id:A5047360684,to_publication_date:2026-08-24&per-page=200 | https://api.semanticscholar.org/graph/v1/author/2165138611/papers?limit=100&fields=title,year,publicationDate,authors,venue,externalIds,url,abstract,publicationTypes,fieldsOfStudy | https://eaesp.fgv.br/pessoa/hsia-hua-sheng | https://pub.orcid.org/v3.0/0000-0001-5827-319X/works | https://api.crossref.org/works?query.author=Hsia%20Hua%20Sheng&rows=100&mailto=hsia.sheng@fgv.br",sim,nao_se_aplica,confirmado,sim,metadado_secundario | origem,concluido,resumo_ou_metadados_recuperados,"item listado no perfil institucional; DINIZ-MAGANINI, NATALIA; RASHEED, ABDUL A.; YA'AR, MAHMUT; HUA SHENG, HSIA. Cross-listing and Price Efficiency: an institutional explanation . Journal of International Business Studies, v. 54 , p. 233 -257, 2023."
Outros periodicos academicos,artigos_academicos,manifestacao-4e2c1f4370aaec,hsia-142c2f866c99,hsia-142c2f866c99,nao_se_aplica,origem,escrita,Desempenho de fusões e aquisições cross border: análise empírica do caso brasileiro,2014,2014,artigo_academico,"Bortoluzzo, A. B | GARCIA, M. P. S | BOEHE, D. M | SHENG, HSIA HUA",coautor,https://eaesp.fgv.br/sites/default/files/files-eaesp/pesquisa-eaesp-files/arquivos/hsia_sheng_-_desempenho_de_fusoes_e_aquisicoes_cross_border_analise_empirica_do_caso_brasileiro.pdf,https://eaesp.fgv.br/sites/default/files/files-eaesp/pesquisa-eaesp-files/arquivos/hsia_sheng_-_desempenho_de_fusoes_e_aquisicoes_cross_border_analise_empirica_do_caso_brasileiro.pdf,"http://www.scopus.com/inward/record.url?eid=2-s2.0-84907879788&partnerID=MN8TOARS | https://doi.org/10.1590/s0034-759020140606 | https://openalex.org/W1989767866 | https://publons.com/wos-op/publon/11686856/ | https://www.semanticscholar.org/paper/43129762c51f9d629b5a3815c0339ca6da5fda4e | https://www.semanticscholar.org/paper/b2c076968932662875986b79a802e34cbe47d7b2 | https://api.semanticscholar.org/graph/v1/author/48507977/papers?limit=100&fields=title,year,publicationDate,authors,venue,externalIds,url,abstract,publicationTypes,fieldsOfStudy | https://api.openalex.org/works?filter=author.id:A5047360684,to_publication_date:2026-08-24&per-page=200 | https://pub.orcid.org/v3.0/0000-0001-5827-319X/works | https://api.crossref.org/works?query.author=Hsia%20Hua%20Sheng&rows=100&mailto=hsia.sheng@fgv.br | https://eaesp.fgv.br/pessoa/hsia-hua-sheng | https://api.semanticscholar.org/graph/v1/author/4600832/papers?limit=100&fields=title,year,publicationDate,authors,venue,externalIds,url,abstract,publicationTypes,fieldsOfStudy",sim,nao_se_aplica,confirmado,sim,metadado_secundario | origem,concluido,resumo_ou_metadados_recuperados,"item listado no perfil institucional; Bortoluzzo, A. B.; GARCIA, M. P. S.; BOEHE, D. M.; SHENG, HSIA HUA. Desempenho de Fusões e Aquisições Cross Border: Uma Análise Empírica do Caso Brasileiro . RAE (Impresso), v. 54, p. 659-671, 2014."
Outros periodicos academicos,artigos_academicos,manifestacao-5eadd56a4002d7,hsia-b7ebef622e19,hsia-b7ebef622e19,nao_se_aplica,origem,escrita,Determinantes de Spread das Debentures no Mercado Brasileiro,2003,2003,trabalho_congresso,Hsia Hua Sheng | Richard Saito,primeiro_autor,https://arquivo.anpad.org.br/diversos/down_zips/7/enanpad2003-fin-0629.pdf,https://arquivo.anpad.org.br/diversos/down_zips/7/enanpad2003-fin-0629.pdf,nenhuma,sim,nao_se_aplica,confirmado,sim,origem,concluido,resumo_ou_metadados_recuperados,"cabecalho do trabalho oficial da ANPAD confirma titulo, autoria e manifestacao de 2003"
Outros periodicos academicos,artigos_academicos,manifestacao-00bb541307cb7d,hsia-d343bcca6e48,hsia-d343bcca6e48,nao_se_aplica,origem,escrita,Determinantes de Spread das Debêntures no Mercado Brasileiro,2005,2005,artigo_academico,"SHENG, H. H | SAITO, R",primeiro_autor,https://eaesp.fgv.br/sites/default/files/files-eaesp/pesquisa-eaesp-files/arquivos/sheng_-_determinantes_da_spread_da_debentures.pdf,https://eaesp.fgv.br/sites/default/files/files-eaesp/pesquisa-eaesp-files/arquivos/sheng_-_determinantes_da_spread_da_debentures.pdf,https://eaesp.fgv.br/pessoa/hsia-hua-sheng,sim,nao_se_aplica,confirmado,sim,origem,concluido,resumo_ou_metadados_recuperados,"item listado no perfil institucional; SHENG, H. H.; SAITO, R. Determinantes de Spread das Debêntures no Mercado Brasileiro . Revista de Administração (FEA-USP), São Paulo, v. 40, n.2, p. 193-205, 2005."
Outros periodicos academicos,artigos_academicos,manifestacao-377ac8c500b0c8,hsia-74d8d0fc6f98,hsia-74d8d0fc6f98,nao_se_aplica,origem,escrita,Does Corporate Governance in Cash Management Add Value to Multinational Firms?,2013,2013,trabalho_congresso,D. G. Moraes | Hsia Hua Sheng | Mayra Ivanoff Lora,coautor,https://ceqef.fgv.br/publicacao/2013-artigos-em-congressos,https://ceqef.fgv.br/publicacao/2013-artigos-em-congressos,nenhuma,sim,nao_se_aplica,confirmado,sim,origem,fonte_inacessivel,resumo_ou_metadados_recuperados,citacao integral na pagina institucional de artigos em congressos do CEQEF/FGV
Outros periodicos academicos,artigos_academicos,manifestacao-823d187662eca7,hsia-160158c64800,hsia-160158c64800,nao_se_aplica,origem,escrita,Earning management in Brazilian financial institutions,2016,2016,artigo_academico,"BRUSCATO, A | SHENG, HSIA HUA | Gomes, A. L. P",coautor,https://eaesp.fgv.br/sites/default/files/files-eaesp/pesquisa-eaesp-files/arquivos/sheng_-_earning_management_in_brazilian_financial_institutions.pdf,https://eaesp.fgv.br/sites/default/files/files-eaesp/pesquisa-eaesp-files/arquivos/sheng_-_earning_management_in_brazilian_financial_institutions.pdf,"https://doi.org/10.5700/rausp1233 | https://openalex.org/W2410739701 | https://www.semanticscholar.org/paper/cb35a7965adb3f723b3403aab7fbe541e57dd56a | https://www.semanticscholar.org/paper/ee1df5914e9d815c8a5ad0d0086e59a267f52779 | https://api.semanticscholar.org/graph/v1/author/2057235379/papers?limit=100&fields=title,year,publicationDate,authors,venue,externalIds,url,abstract,publicationTypes,fieldsOfStudy | https://api.openalex.org/works?filter=author.id:A5047360684,to_publication_date:2026-08-24&per-page=200 | https://eaesp.fgv.br/pessoa/hsia-hua-sheng | https://api.crossref.org/works?query.author=Hsia%20Hua%20Sheng&rows=100&mailto=hsia.sheng@fgv.br | https://api.semanticscholar.org/graph/v1/author/4600832/papers?limit=100&fields=title,year,publicationDate,authors,venue,externalIds,url,abstract,publicationTypes,fieldsOfStudy",sim,nao_se_aplica,confirmado,sim,metadado_secundario | origem,concluido,resumo_ou_metadados_recuperados,"item listado no perfil institucional; BRUSCATO, A.; SHENG, HSIA HUA; Gomes, A. L. P. Earning Management in Brazilian Financial Institutions . Revista de Administração (FEA-USP), v. 51, p. 182-197, 2016."
Outros periodicos academicos,artigos_academicos,manifestacao-a3dcc32beed602,hsia-c792336588e0,hsia-c792336588e0,nao_se_aplica,origem_catalogo,escrita,Efeitos da especulação no caixa da empresa,2009,2009-01-01,relatorio,Hsia Hua Sheng,autor_unico|autor_correspondente,https://openalex.org/W957802292,https://openalex.org/W957802292,"https://www.semanticscholar.org/paper/1569f869158cb8b514778c8ea8bec643d77b11a1 | https://api.semanticscholar.org/graph/v1/author/48507977/papers?limit=100&fields=title,year,publicationDate,authors,venue,externalIds,url,abstract,publicationTypes,fieldsOfStudy | https://api.openalex.org/works?filter=author.id:A5047360684,to_publication_date:2026-08-24&per-page=200",sim,nao_se_aplica,confirmado,sim,metadado_secundario,concluido,resumo_ou_metadados_recuperados,"cluster A5047360684, ORCID 0000-0001-5827-319X || cluster Semantic Scholar 48507977 validado por 24 obra(s) em fontes independentes; obra individual validada por nome completo, titulo, DOI ou coautor"
Outros periodicos academicos,artigos_academicos,manifestacao-069dbf48c15868,hsia-ffc1c3c9853a,hsia-ffc1c3c9853a,nao_se_aplica,origem,escrita,Effects of Internationalization on Ownership Structure: Evidence from Latin American Firms,2014,2014,artigo_academico,"SHENG, HSIA HUA | PEREIRA, V. S",primeiro_autor,https://eaesp.fgv.br/sites/default/files/files-eaesp/pesquisa-eaesp-files/arquivos/hsia_-_effects.pdf,https://eaesp.fgv.br/sites/default/files/files-eaesp/pesquisa-eaesp-files/arquivos/hsia_-_effects.pdf,"http://www.scopus.com/inward/record.url?eid=2-s2.0-84904599180&partnerID=MN8TOARS | https://doi.org/10.1590/1807-7692bar2014353 | https://openalex.org/W2101286277 | https://www.semanticscholar.org/paper/f1371e918d766cb3ae167d4323fb0ecf0679d148 | https://api.openalex.org/works?filter=author.id:A5047360684,to_publication_date:2026-08-24&per-page=200 | https://pub.orcid.org/v3.0/0000-0001-5827-319X/works | https://eaesp.fgv.br/pessoa/hsia-hua-sheng | https://api.crossref.org/works?query.author=Hsia%20Hua%20Sheng&rows=100&mailto=hsia.sheng@fgv.br | https://api.semanticscholar.org/graph/v1/author/4600832/papers?limit=100&fields=title,year,publicationDate,authors,venue,externalIds,url,abstract,publicationTypes,fieldsOfStudy",sim,nao_se_aplica,confirmado,sim,metadado_secundario | origem,concluido,resumo_ou_metadados_recuperados,"item listado no perfil institucional; SHENG, HSIA HUA; PEREIRA, V. S. Effects of Internationalization on Ownership Structure: Evidence from Latin American Firms . BAR. Brazilian Administration Review, v. 11, p. 323-339, 2014."
Outros periodicos academicos,artigos_academicos,manifestacao-4f6dc6a6dcb6dc,hsia-e294efea4502,hsia-e294efea4502,nao_se_aplica,origem,escrita,"Embedded Governance in Corporate Bond Indentures: Evidence from Brazil, 1998-2001",2002,2002,trabalho_congresso,Richard Saito | Hsia Hua Sheng | Senichiro Koshio | Marcos Galileu Lorena Dutra,coautor,https://eaesp.fgv.br/sites/default/files/legacy/pesquisa-eaesp-files/arquivos/saito_-_financas_corporativas_no_brasil.pdf,https://eaesp.fgv.br/sites/default/files/legacy/pesquisa-eaesp-files/arquivos/saito_-_financas_corporativas_no_brasil.pdf,nenhuma,sim,nao_se_aplica,confirmado,sim,origem,concluido,resumo_ou_metadados_recuperados,registro curricular e bibliografia institucional FGV confirmam quatro autores e apresentacao no XXVI EnANPAD
Outros periodicos academicos,artigos_academicos,manifestacao-e72ff9417b057b,hsia-8a81796f77ad,hsia-8a81796f77ad,nao_se_aplica,origem_catalogo,escrita,"Emerging Market Global Players: The Case of Brazil, China and South Africa",2021,2021-11-05,artigo_academico,Henri Bezuidenhout | Gabriel Mhonyera | Jacob Van Rensburg | Hsia Hua Sheng | José Marcos Carrera | Xinjian Cui,coautor,https://doi.org/10.3390/su132112234,https://doi.org/10.3390/su132112234,"http://www.scopus.com/inward/record.url?eid=2-s2.0-85118556672&partnerID=MN8TOARS | https://openalex.org/W3213384601 | https://www.semanticscholar.org/paper/575be09cadf1b69e578ad8f95f598e935b506907 | https://api.semanticscholar.org/graph/v1/author/4600832/papers?limit=100&fields=title,year,publicationDate,authors,venue,externalIds,url,abstract,publicationTypes,fieldsOfStudy | https://api.openaire.eu/search/publications?author=Hsia%20Hua%20Sheng&format=json&size=100 | https://api.openalex.org/works?filter=author.id:A5047360684,to_publication_date:2026-08-24&per-page=200 | https://pub.orcid.org/v3.0/0000-0001-5827-319X/works | https://api.crossref.org/works?query.author=Hsia%20Hua%20Sheng&rows=100&mailto=hsia.sheng@fgv.br",sim,nao_se_aplica,confirmado,sim,metadado_secundario,concluido,resumo_ou_metadados_recuperados,"cluster A5047360684, ORCID 0000-0001-5827-319X || nome estruturado Hsia Hua Sheng; afiliacao=Department of Finance, Fundação Getulio Vargas, São Paulo 01000-000, Brazil; ORCID=nao informado || obra autoassociada ao ORCID verificado 0000-0001-5827-319X; lista completa depende de outra fonte || autor estruturado OpenAIRE com nome completo || cluster Semantic Scholar 4600832 validado por 33 obra(s) em fontes independentes; obra individual validada por nome completo, titulo, DOI ou coautor"
Outros periodicos academicos,artigos_academicos,manifestacao-51ad99be4dc99b,hsia-ce443407f25c,hsia-ce443407f25c,nao_se_aplica,origem_catalogo,escrita,Ensaios sobre emissões de corporate bonds (Debêntures) no mercado brasileiro,2005,2005-07-15,tese_dissertacao,Hsia Hua Sheng,autor_unico|autor_correspondente,https://openalex.org/W191705485,https://openalex.org/W191705485,"https://www.semanticscholar.org/paper/16c9fdff77cf661098a10ed9a5f0112914c546a6 | https://api.semanticscholar.org/graph/v1/author/48507977/papers?limit=100&fields=title,year,publicationDate,authors,venue,externalIds,url,abstract,publicationTypes,fieldsOfStudy | https://api.openalex.org/works?filter=author.id:A5047360684,to_publication_date:2026-08-24&per-page=200",sim,nao_se_aplica,confirmado,sim,metadado_secundario,concluido,resumo_ou_metadados_recuperados,"cluster A5047360684, ORCID 0000-0001-5827-319X || cluster Semantic Scholar 48507977 validado por 24 obra(s) em fontes independentes; obra individual validada por nome completo, titulo, DOI ou coautor"
Outros periodicos academicos,artigos_academicos,manifestacao-2c908d0205c36b,hsia-4bf26be64ea7,hsia-4bf26be64ea7,nao_se_aplica,origem,escrita,Estimando a Exposicao Cambial de Empresas da Bovespa,2007,2007,trabalho_congresso,Hsia Hua Sheng | Guilherme Aleixo Tavares,primeiro_autor,https://eesp.fgv.br/sites/eesp.fgv.br/files/file/mestrado_prof_v7_ing%20FINAL.pdf,https://eesp.fgv.br/sites/eesp.fgv.br/files/file/mestrado_prof_v7_ing%20FINAL.pdf,nenhuma,sim,nao_se_aplica,provavel,sim,origem,fonte_inacessivel,resumo_ou_metadados_recuperados,"registro Conecta e curriculo institucional FGV confirmam titulo, ano, evento e coautoria"
Outros periodicos academicos,artigos_academicos,manifestacao-eb0d1ae3ff7dd7,hsia-e41f61a24ec4,hsia-e41f61a24ec4,nao_se_aplica,origem_catalogo,escrita,Estratégia empresarial - Os caminhos das multilatinas,2019,2019-03-19,artigo_academico,Jean-François Hennart | Hsia Hua Sheng | J. M. Carrera,coautor,https://www.semanticscholar.org/paper/5ce03533b36711ff7932683fc3597a2103383cae,https://www.semanticscholar.org/paper/5ce03533b36711ff7932683fc3597a2103383cae,"https://api.semanticscholar.org/graph/v1/author/48507977/papers?limit=100&fields=title,year,publicationDate,authors,venue,externalIds,url,abstract,publicationTypes,fieldsOfStudy",sim,nao_se_aplica,confirmado,sim,metadado_secundario,concluido,resumo_ou_metadados_recuperados,"cluster Semantic Scholar 48507977 validado por 24 obra(s) em fontes independentes; obra individual validada por nome completo, titulo, DOI ou coautor"
Outros periodicos academicos,artigos_academicos,manifestacao-1c85d7f849ae74,hsia-765a4fb089c1,hsia-765a4fb089c1,nao_se_aplica,origem_catalogo,escrita,Estratégias de hedge para o frete,2013,2013-11-01,artigo_academico,Hsia Hua Sheng,autor_unico,https://www.semanticscholar.org/paper/d836e89eeaa9a6479f9096691e23dfb87c2fc680,https://www.semanticscholar.org/paper/d836e89eeaa9a6479f9096691e23dfb87c2fc680,"https://api.semanticscholar.org/graph/v1/author/48507977/papers?limit=100&fields=title,year,publicationDate,authors,venue,externalIds,url,abstract,publicationTypes,fieldsOfStudy",sim,nao_se_aplica,confirmado,sim,metadado_secundario,concluido,resumo_ou_metadados_recuperados,"cluster Semantic Scholar 48507977 validado por 24 obra(s) em fontes independentes; obra individual validada por nome completo, titulo, DOI ou coautor"
Outros periodicos academicos,artigos_academicos,manifestacao-65f87190439bbf,hsia-f4c75e78a162,hsia-f4c75e78a162,nao_se_aplica,origem_catalogo,escrita,Estrutura De Capital E Contingentes Conversíveis Sob A Ótica De Basileia Iii - Um Estudo Empírico Sobre O Brasil,2016,2016-01-01,artigo_academico,Karina Cyganczuk Goes | Hsia Hua Sheng | Rafael Felipe Schiozer,coautor,https://openalex.org/W3122624672,https://openalex.org/W3122624672,"https://www.semanticscholar.org/paper/c5107eb6cae76bc284775e2d3590b99741dbc916 | https://api.openalex.org/works?filter=author.id:A5047360684,to_publication_date:2026-08-24&per-page=200 | https://api.semanticscholar.org/graph/v1/author/48507977/papers?limit=100&fields=title,year,publicationDate,authors,venue,externalIds,url,abstract,publicationTypes,fieldsOfStudy",sim,nao_se_aplica,confirmado,sim,metadado_secundario,concluido,resumo_ou_metadados_recuperados,"cluster A5047360684, ORCID 0000-0001-5827-319X || cluster Semantic Scholar 48507977 validado por 24 obra(s) em fontes independentes; obra individual validada por nome completo, titulo, DOI ou coautor"
Outros periodicos academicos,artigos_academicos,manifestacao-cc42cc252e49e8,hsia-dcd1966fdd6b,hsia-dcd1966fdd6b,nao_se_aplica,origem,escrita,Exchange rate regimes and price efficiency: Empirical examination of the impact of financial crisis,2021,2021,artigo_academico,"DINIZ MAGANINI, NATALIA | RASHEED, ABDUL A | HUA SHENG, HSIA",coautor,https://www.sciencedirect.com/science/article/abs/pii/S1042443121000809,https://www.sciencedirect.com/science/article/abs/pii/S1042443121000809,"http://www.scopus.com/inward/record.url?eid=2-s2.0-85107975946&partnerID=MN8TOARS | https://doi.org/10.1016/j.intfin.2021.101361 | https://openalex.org/W3163260754 | https://www.semanticscholar.org/paper/0a5d5204e744edb94a99ad358f067ecd7a6eb07c | https://api.openalex.org/works?filter=author.id:A5047360684,to_publication_date:2026-08-24&per-page=200 | https://api.crossref.org/works?query.author=Hsia%20Hua%20Sheng&rows=100&mailto=hsia.sheng@fgv.br | https://api.openaire.eu/search/publications?author=Hsia%20Hua%20Sheng&format=json&size=100 | https://api.semanticscholar.org/graph/v1/author/4600832/papers?limit=100&fields=title,year,publicationDate,authors,venue,externalIds,url,abstract,publicationTypes,fieldsOfStudy | https://eaesp.fgv.br/pessoa/hsia-hua-sheng | https://pub.orcid.org/v3.0/0000-0001-5827-319X/works",sim,nao_se_aplica,confirmado,sim,metadado_secundario | origem,concluido,resumo_ou_metadados_recuperados,"item listado no perfil institucional; DINIZ MAGANINI, NATALIA ; RASHEED, ABDUL A.; HUA SHENG, HSIA . Exchange Rate Regimes and Price Efficiency: Empirical Examination of the Impact of Financial Crisis . Journal of International Financial Markets Institutions & Money, v. 2, p. 101361, 2021."
Outros periodicos academicos,artigos_academicos,manifestacao-66151831dc7ff1,hsia-964755353f4e,hsia-964755353f4e,nao_se_aplica,origem,escrita,Expansion Mode Choices: The Case of US Multinationals in Brazil,2017,2017-08-01,artigo_academico,"TOURINHO, JULIANA CARVALHO SAMPAIO TOURINHO | SHENG, HSIA HUA",coautor,https://eaesp.fgv.br/sites/default/files/files-eaesp/pesquisa-eaesp-files/arquivos/expansion_mode_choices.pdf,https://eaesp.fgv.br/sites/default/files/files-eaesp/pesquisa-eaesp-files/arquivos/expansion_mode_choices.pdf,"https://doi.org/10.18568/1980-4865.12231-44 | https://openalex.org/W2778002202 | https://www.semanticscholar.org/paper/991ff4cefa94b47247c1ca9b32f9baf9723df718 | https://eaesp.fgv.br/pessoa/hsia-hua-sheng | https://api.crossref.org/works?query.author=Hsia%20Hua%20Sheng&rows=100&mailto=hsia.sheng@fgv.br | https://api.semanticscholar.org/graph/v1/author/4600832/papers?limit=100&fields=title,year,publicationDate,authors,venue,externalIds,url,abstract,publicationTypes,fieldsOfStudy | https://api.openalex.org/works?filter=author.id:A5047360684,to_publication_date:2026-08-24&per-page=200",sim,nao_se_aplica,confirmado,sim,metadado_secundario | origem,concluido,resumo_ou_metadados_recuperados,"item listado no perfil institucional; TOURINHO, JULIANA CARVALHO SAMPAIO TOURINHO; SHENG, HSIA HUA. Expansion Mode Choices: The Case of US Multinationals in Brazil . Internext (São Paulo), v. 12, p. 31, 2017."
Outros periodicos academicos,artigos_academicos,manifestacao-de4182d2bcd6e1,hsia-59f915099fd0,hsia-59f915099fd0,nao_se_aplica,origem,escrita,Fator País e Estrutura Dinâmica de Capital nas Empresas da América Latina,2012,2012-06-26,artigo_academico,"BOGEA SOBRINHO, L. R | SHENG, H. H | LORA, M. I",coautor,https://eaesp.fgv.br/sites/default/files/files-eaesp/pesquisa-eaesp-files/arquivos/sheng_-_country_factors_and_dynamic_capital_structure_in_latin_america_firms_0.pdf,https://eaesp.fgv.br/sites/default/files/files-eaesp/pesquisa-eaesp-files/arquivos/sheng_-_country_factors_and_dynamic_capital_structure_in_latin_america_firms_0.pdf,"https://doi.org/10.12660/rbfin.v10n2.2012.3623 | https://openalex.org/W1893002580 | https://openalex.org/W4394992437 | https://www.semanticscholar.org/paper/b33b2e673bbfd0df1d98a38857e2728b6ff80698 | https://eaesp.fgv.br/pessoa/hsia-hua-sheng | https://api.openalex.org/works?filter=author.id:A5047360684,to_publication_date:2026-08-24&per-page=200 | https://api.openaire.eu/search/publications?author=Hsia%20Hua%20Sheng&format=json&size=100 | https://api.crossref.org/works?query.author=Hsia%20Hua%20Sheng&rows=100&mailto=hsia.sheng@fgv.br | https://api.semanticscholar.org/graph/v1/author/4600832/papers?limit=100&fields=title,year,publicationDate,authors,venue,externalIds,url,abstract,publicationTypes,fieldsOfStudy",sim,nao_se_aplica,confirmado,sim,metadado_secundario | origem,concluido,resumo_ou_metadados_recuperados,"item listado no perfil institucional; BOGEA SOBRINHO, L. R.; SHENG, H. H.; LORA, M. I. Country Factors and Dynamic Capital Structure in Latin American Firms . Revista Brasileira de Finanças, v. 10, p. 267-284, 2012."
Outros periodicos academicos,artigos_academicos,manifestacao-940709ef7b75d5,hsia-5d15cc929ead,hsia-5d15cc929ead,nao_se_aplica,origem_catalogo,escrita,Finanças e contabilidade - A lógica de entrada das multinacionais no Brasil,2015,2015,artigo_academico,Jean-François Hennart | Hsia Hua Sheng | G. Pimenta,coautor,https://www.semanticscholar.org/paper/f4e6e94444b9db0607326f88a758a5e449a4562c,https://www.semanticscholar.org/paper/f4e6e94444b9db0607326f88a758a5e449a4562c,"https://api.semanticscholar.org/graph/v1/author/48507977/papers?limit=100&fields=title,year,publicationDate,authors,venue,externalIds,url,abstract,publicationTypes,fieldsOfStudy",sim,nao_se_aplica,confirmado,sim,metadado_secundario,concluido,resumo_ou_metadados_recuperados,"cluster Semantic Scholar 48507977 validado por 24 obra(s) em fontes independentes; obra individual validada por nome completo, titulo, DOI ou coautor"
Outros periodicos academicos,artigos_academicos,manifestacao-be6ff59529d712,hsia-1c686e9e45e5,hsia-1c686e9e45e5,nao_se_aplica,origem_catalogo,escrita,Finanças e contabilidade - Como empresas latino-americanas gerenciam recursos financeiros durante crises econômicas,2013,2013,artigo_academico,Hsia Hua Sheng | A. Bortoluzzo | Gisler André Pereira dos Santos,primeiro_autor,https://www.semanticscholar.org/paper/882b250dd4c19e44c1793161ec5959fdb3061df9,https://www.semanticscholar.org/paper/882b250dd4c19e44c1793161ec5959fdb3061df9,"https://api.semanticscholar.org/graph/v1/author/48507977/papers?limit=100&fields=title,year,publicationDate,authors,venue,externalIds,url,abstract,publicationTypes,fieldsOfStudy",sim,nao_se_aplica,confirmado,sim,metadado_secundario,concluido,resumo_ou_metadados_recuperados,"cluster Semantic Scholar 48507977 validado por 24 obra(s) em fontes independentes; obra individual validada por nome completo, titulo, DOI ou coautor"
Outros periodicos academicos,artigos_academicos,manifestacao-59e5bae74667e4,hsia-45c2e5ba9721,hsia-45c2e5ba9721,nao_se_aplica,origem_catalogo,escrita,Finanças e contabilidade - Empresas transparentes,2012,2012,artigo_academico,João Luiz Correia Júnior | Hsia Hua Sheng | M. Lora,coautor,https://www.semanticscholar.org/paper/36998b5b4ede9a4b73cf67b933fe095358cc8b6b,https://www.semanticscholar.org/paper/36998b5b4ede9a4b73cf67b933fe095358cc8b6b,"https://api.semanticscholar.org/graph/v1/author/48507977/papers?limit=100&fields=title,year,publicationDate,authors,venue,externalIds,url,abstract,publicationTypes,fieldsOfStudy",sim,nao_se_aplica,confirmado,sim,metadado_secundario,concluido,resumo_ou_metadados_recuperados,"cluster Semantic Scholar 48507977 validado por 24 obra(s) em fontes independentes; obra individual validada por nome completo, titulo, DOI ou coautor"
Outros periodicos academicos,artigos_academicos,manifestacao-53287d177265ea,hsia-826a22a98279,hsia-826a22a98279,nao_se_aplica,origem_catalogo,escrita,Finanças e contabilidade - Manipulação de resultados nos bancos brasileiros,2017,2017-11-16,artigo_academico,A. Bortoluzzo | Hsia Hua Sheng | Ana Luiza Porto Gomes,coautor,https://www.semanticscholar.org/paper/5944aff638a1c44a3abbf35d6f3628c13f6cd7a0,https://www.semanticscholar.org/paper/5944aff638a1c44a3abbf35d6f3628c13f6cd7a0,"https://api.semanticscholar.org/graph/v1/author/48507977/papers?limit=100&fields=title,year,publicationDate,authors,venue,externalIds,url,abstract,publicationTypes,fieldsOfStudy",sim,nao_se_aplica,confirmado,sim,metadado_secundario,concluido,resumo_ou_metadados_recuperados,"cluster Semantic Scholar 48507977 validado por 24 obra(s) em fontes independentes; obra individual validada por nome completo, titulo, DOI ou coautor"
Outros periodicos academicos,artigos_academicos,manifestacao-64fde18900471e,hsia-8b57ae83000e,hsia-8b57ae83000e,nao_se_aplica,origem_catalogo,escrita,Finanças e contabilidade - O comportamento especulativo dos gestores financeiros,2013,2013,artigo_academico,João Luiz Guillaumon Lopes | R. Schiozer | Hsia Hua Sheng,coautor,https://www.semanticscholar.org/paper/f3e62ae4fe88b12a8c3540b4309bf77b196f6907,https://www.semanticscholar.org/paper/f3e62ae4fe88b12a8c3540b4309bf77b196f6907,"https://api.semanticscholar.org/graph/v1/author/48507977/papers?limit=100&fields=title,year,publicationDate,authors,venue,externalIds,url,abstract,publicationTypes,fieldsOfStudy",sim,nao_se_aplica,confirmado,sim,metadado_secundario,concluido,resumo_ou_metadados_recuperados,"cluster Semantic Scholar 48507977 validado por 24 obra(s) em fontes independentes; obra individual validada por nome completo, titulo, DOI ou coautor"
Outros periodicos academicos,artigos_academicos,manifestacao-aa52b39d3f639d,hsia-b0eb4a2d5e05,hsia-b0eb4a2d5e05,nao_se_aplica,origem_catalogo,escrita,Finanças e contabilidade - O efeito dos custos de transação sobre os investimentos locais e estrangeiros,2011,2011,artigo_academico,Marcos Vinicio Wink Junior | Hsia Hua Sheng | William Eid Júnior,coautor,https://www.semanticscholar.org/paper/6bb17778af5655057e0228246396218e96792fff,https://www.semanticscholar.org/paper/6bb17778af5655057e0228246396218e96792fff,"https://api.semanticscholar.org/graph/v1/author/48507977/papers?limit=100&fields=title,year,publicationDate,authors,venue,externalIds,url,abstract,publicationTypes,fieldsOfStudy",sim,nao_se_aplica,confirmado,sim,metadado_secundario,concluido,resumo_ou_metadados_recuperados,"cluster Semantic Scholar 48507977 validado por 24 obra(s) em fontes independentes; obra individual validada por nome completo, titulo, DOI ou coautor"
Outros periodicos academicos,artigos_academicos,manifestacao-1d8fffdd689cab,hsia-ad69b709f4e3,hsia-ad69b709f4e3,nao_se_aplica,origem_catalogo,escrita,Finanças e contabilidade - Precificação tropical,2019,2019-03-19,artigo_academico,A. Sanvicente | Hsia Hua Sheng | Luiz Felipe Poli Guanais,coautor,https://www.semanticscholar.org/paper/4270b1bb0b339758fafebc52a020a40a02c7cdc8,https://www.semanticscholar.org/paper/4270b1bb0b339758fafebc52a020a40a02c7cdc8,"https://api.semanticscholar.org/graph/v1/author/48507977/papers?limit=100&fields=title,year,publicationDate,authors,venue,externalIds,url,abstract,publicationTypes,fieldsOfStudy",sim,nao_se_aplica,confirmado,sim,metadado_secundario,concluido,resumo_ou_metadados_recuperados,"cluster Semantic Scholar 48507977 validado por 24 obra(s) em fontes independentes; obra individual validada por nome completo, titulo, DOI ou coautor"
Outros periodicos academicos,artigos_academicos,manifestacao-a70a68dde6c765,hsia-8f251cd7b5fe,hsia-8f251cd7b5fe,nao_se_aplica,origem,escrita,Foreign Institutional Ownership and Firm Value: Evidence of “Locust Foreign Capital” in Brazil,2024,2024-01-26,artigo_academico,"CAIXE, DANIEL FERREIRA | PAVAN, PEDRO CESAR PESTANA | MAGANINI, NATÁLIA DINIZ | SHENG, HSIA HUA",coautor,https://doi.org/10.1080/1540496X.2023.2218967,https://doi.org/10.1080/1540496X.2023.2218967,"http://www.scopus.com/inward/record.url?eid=2-s2.0-85161596286&partnerID=MN8TOARS | https://doi.org/10.1080/1540496x.2023.2218967 | https://openalex.org/W4379792015 | https://www.semanticscholar.org/paper/706fbf8f2bdb67e87c85f9bada12a46cfce0e44f | https://eaesp.fgv.br/pessoa/hsia-hua-sheng | https://api.semanticscholar.org/graph/v1/author/4600832/papers?limit=100&fields=title,year,publicationDate,authors,venue,externalIds,url,abstract,publicationTypes,fieldsOfStudy | https://api.openalex.org/works?filter=author.id:A5047360684,to_publication_date:2026-08-24&per-page=200 | https://pub.orcid.org/v3.0/0000-0001-5827-319X/works | https://api.crossref.org/works?query.author=Hsia%20Hua%20Sheng&rows=100&mailto=hsia.sheng@fgv.br | https://api.openaire.eu/search/publications?author=Hsia%20Hua%20Sheng&format=json&size=100",sim,nao_se_aplica,confirmado,sim,metadado_secundario | origem,concluido,resumo_ou_metadados_recuperados,"item listado no perfil institucional; CAIXE, DANIEL FERREIRA; PAVAN, PEDRO CESAR PESTANA; MAGANINI, NATÁLIA DINIZ; SHENG, HSIA HUA. Foreign Institutional Ownership and Firm Value: evidence of locust foreign capital in Brazil . Emerging Markets Finance and Trade, v. 60, n. 2, p. 310-327, 2024."
Outros periodicos academicos,artigos_academicos,manifestacao-1505024869536a,hsia-ea9ded201f25,hsia-ea9ded201f25,nao_se_aplica,origem,escrita,Gobierno corporativo incorporado en las escrituras de debentures emitidos en Brasil,2007,2007-09-01,artigo_academico,"SAITO, R | SHENG, H. H | Bandeira, M",coautor,https://eaesp.fgv.br/sites/default/files/files-eaesp/pesquisa-eaesp-files/arquivos/sheng_-_governanca_corporativa_embutida_nasescrituras_de_debentures_emitidas_no_brasil.pdf,https://eaesp.fgv.br/sites/default/files/files-eaesp/pesquisa-eaesp-files/arquivos/sheng_-_governanca_corporativa_embutida_nasescrituras_de_debentures_emitidas_no_brasil.pdf,"https://openalex.org/W2122477383 | https://www.semanticscholar.org/paper/619d45c47b2006aaa997afc4cef064edde8bb102 | https://api.openalex.org/works?filter=author.id:A5047360684,to_publication_date:2026-08-24&per-page=200 | https://eaesp.fgv.br/pessoa/hsia-hua-sheng | https://api.semanticscholar.org/graph/v1/author/48507977/papers?limit=100&fields=title,year,publicationDate,authors,venue,externalIds,url,abstract,publicationTypes,fieldsOfStudy | https://doi.org/10.1590/s0080-21072007000300002",sim,nao_se_aplica,confirmado,sim,metadado_secundario | origem,concluido,resumo_ou_metadados_recuperados,"item listado no perfil institucional; SAITO, R.; SHENG, H. H.; Bandeira, M. Governança Corporativa Embutida nas Escrituras de Debêntures Emitidas no Brasil . RAUSP. Revista de Administração, v. 42, p. 3, 2007."
Outros periodicos academicos,artigos_academicos,manifestacao-802492db9f3dfb,hsia-76d891e1791f,hsia-76d891e1791f,nao_se_aplica,origem,escrita,Governanca corporativa e a participacao dos investidores estrangeiros nas companhias abertas latino americanas,2012,2012,trabalho_congresso,Tiago Sampaio Cunha | Hsia Hua Sheng | M. Lora,coautor,https://en.anpec.org.br/previous-editions.php?r=encontro-2012,https://en.anpec.org.br/previous-editions.php?r=encontro-2012,"https://www.semanticscholar.org/paper/c99f314756b10669acb5059e1a44bfcd562b7cd6 | https://api.semanticscholar.org/graph/v1/author/48507977/papers?limit=100&fields=title,year,publicationDate,authors,venue,externalIds,url,abstract,publicationTypes,fieldsOfStudy",sim,nao_se_aplica,confirmado,sim,metadado_secundario | origem,concluido,resumo_e_evidencia_recuperados | resumo_ou_metadados_recuperados,"HILLBRECHT EVIDÊNCIAS EMPÍRICAS DE INDICADORES DE COMPETITIVIDADE SOBRE OS FLUXOS COMERCIAIS INTERNACIONAIS JOSIANE SOUZA DE PAULA ORLANDO MONTEIRO DA SILVA FERNANDA MARIA DE ALMEIDA Área 7 - Microeconomia, Métodos Quantitativos e Finanças ANÁLISE DA ESTRUTURA DE DEPENDÊNCIA DA VOLATILIDADE ENTRE SETORES DURANTE A CRISE DO SUBPRIME PEDRO LUIZ VALLS PEREIRA BRUNO PONTES DE ARRUDA GOVERNANÇA CORPORATIVA E A PARTICIPAÇÃO DOS INVESTIDORES ESTRANGEIROS NAS COMPANHIAS ABERTAS LATINO AMERICANAS TIAGO SAMPAIO CUNHA HSIA HUA SHENG MAYRA IVANOFF LORA SELEÇÃO DE CARTEIRAS UTILIZANDO O MODELO FAMA-FRENCH-CARHART GUILHERME VALLE MOURA JOÃO FROIS CALDEIRA ANDRÉ SANTOS ON THE INTEGRAL REPRESENTATION OF THE VALUE FUNCTION JORGE PAULO DE ARAÚJO MARCELO DE CARVALHO GRIEBELER COMPETIÇÃO ENTRE POSTOS DE GASOLINA EM PEQUENOS MUNICÍPIOS BRASILEIROS: UMA ANÁLISE A PARTIR DE UM MODELO DE ENTRADA EMPÍRICO LUCIANO MENEZES BEZERRA SAMPAIO RAQUEL MENEZES BEZERRA SAMPAIO YIELD CURVE AS A PREDICTOR OF RECESSIONS: EVIDENCE FROM PANEL DATA LUIS FELIPE VITAL NUNES PEREIRA HUSEYIN OZTURK UM TESTE EMPÍRICO PARA O CAPM INTERTEMPORAL UTILIZANDO DADOS BRASILEIROS OCTAVIO PORTOLANO MACHADO ADRIANA BRUSCATO BORTOLUZZO A"
Outros periodicos academicos,artigos_academicos,manifestacao-b314b7290adc1d,hsia-9c7b8eb025d0,hsia-9c7b8eb025d0,nao_se_aplica,origem,escrita,Hedge e especulação com derivativos cambiais: evidências de operações cotidianas,2013,2013,artigo_academico,"LOPES, JOÃO LUIZ GUILLAUMON | SCHIOZER, RAFAEL FELIPE | SHENG, HSIA HUA",coautor,https://eaesp.fgv.br/sites/default/files/files-eaesp/pesquisa-eaesp-files/arquivos/sheng_-_hedge_e_especulacao_com_derivativos_cambiais_evidencias_de_operacoes_cotidianas.pdf,https://eaesp.fgv.br/sites/default/files/files-eaesp/pesquisa-eaesp-files/arquivos/sheng_-_hedge_e_especulacao_com_derivativos_cambiais_evidencias_de_operacoes_cotidianas.pdf,"https://doi.org/10.1590/s1415-65552013000400004 | https://openalex.org/W2001420387 | https://www.semanticscholar.org/paper/03d5fdd584bda2311e50711cf47db12e8a7d7fbd | https://api.crossref.org/works?query.author=Hsia%20Hua%20Sheng&rows=100&mailto=hsia.sheng@fgv.br | https://eaesp.fgv.br/pessoa/hsia-hua-sheng | https://api.semanticscholar.org/graph/v1/author/48507977/papers?limit=100&fields=title,year,publicationDate,authors,venue,externalIds,url,abstract,publicationTypes,fieldsOfStudy | https://api.openalex.org/works?filter=author.id:A5047360684,to_publication_date:2026-08-24&per-page=200",sim,nao_se_aplica,confirmado,sim,metadado_secundario | origem,concluido,resumo_ou_metadados_recuperados,"item listado no perfil institucional; LOPES, JOÃO LUIZ GUILLAUMON; SCHIOZER, RAFAEL FELIPE; SHENG, HSIA HUA. Hedge e Especulação com Derivativos Cambiais: Evidências de Operações Cotidianas . RAC. Revista de Administração Contemporânea (Online), v. 17, p. 438-458, 2013."
Outros periodicos academicos,artigos_academicos,manifestacao-3b2e39bfd62852,hsia-1e5612f8f7f0,hsia-1e5612f8f7f0,nao_se_aplica,origem_catalogo,escrita,IS FOREIGNNESS A SOURCE OF COMPETITIVE ADVANTAGE IN THE BRAZILIAN PHARMACEUTICAL INDUSTRY?,2021,2021-08-20,artigo_academico,Ricardo Itapema de Castro Monteiro | Hsia Hua Sheng,coautor,https://doi.org/10.51320/rmc.v22i2.1246,https://doi.org/10.51320/rmc.v22i2.1246,"https://openalex.org/W3195713914 | https://api.openaire.eu/search/publications?author=Hsia%20Hua%20Sheng&format=json&size=100 | https://api.openalex.org/works?filter=author.id:A5047360684,to_publication_date:2026-08-24&per-page=200 | https://api.crossref.org/works?query.author=Hsia%20Hua%20Sheng&rows=100&mailto=hsia.sheng@fgv.br",sim,nao_se_aplica,confirmado,sim,metadado_secundario,concluido,resumo_ou_metadados_recuperados,"cluster A5047360684, ORCID 0000-0001-5827-319X || nome estruturado Hsia Hua Sheng; afiliacao=nao informada; ORCID=nao informado || autor estruturado OpenAIRE com nome completo"
Outros periodicos academicos,artigos_academicos,manifestacao-5a35df541e908a,hsia-a32678562217,hsia-a32678562217,nao_se_aplica,origem,escrita,Impact of Liquidity in Corporate Bond Issues - Evidence from Brazil,2005,2005,trabalho_congresso,Hsia Hua Sheng | Richard Saito,primeiro_autor,https://arquivo.anpad.org.br/diversos/down_zips/9/enanpad2005-ficd-0601.pdf,https://arquivo.anpad.org.br/diversos/down_zips/9/enanpad2005-ficd-0601.pdf,nenhuma,sim,nao_se_aplica,confirmado,sim,origem,concluido,resumo_ou_metadados_recuperados,cabecalho do trabalho oficial da ANPAD identifica autoria de Hsia Hua Sheng e Richard Saito
Outros periodicos academicos,artigos_academicos,manifestacao-886a7337feb418,hsia-106ab00e14fc,hsia-106ab00e14fc,nao_se_aplica,origem,escrita,Impact of Trade Credit on Firm Inventory Investment During Financial Crises: Evidence from Latin America,2013,2013,artigo_academico,"SHENG, HSIA HUA | Bortoluzzo, A. B | SANTOS, G. A. P",primeiro_autor,https://www.tandfonline.com/doi/abs/10.2753/REE1540-496X4905S403,https://www.tandfonline.com/doi/abs/10.2753/REE1540-496X4905S403,"http://www.scopus.com/inward/record.url?eid=2-s2.0-84892575293&partnerID=MN8TOARS | https://doi.org/10.2753/ree1540-496x4905s403 | https://openalex.org/W2048097785 | https://www.semanticscholar.org/paper/684801b56342d462bfc09bdc57f7344dc978e3b0 | https://api.crossref.org/works?query.author=Hsia%20Hua%20Sheng&rows=100&mailto=hsia.sheng@fgv.br | https://api.semanticscholar.org/graph/v1/author/4600832/papers?limit=100&fields=title,year,publicationDate,authors,venue,externalIds,url,abstract,publicationTypes,fieldsOfStudy | https://api.openalex.org/works?filter=author.id:A5047360684,to_publication_date:2026-08-24&per-page=200 | https://eaesp.fgv.br/pessoa/hsia-hua-sheng | https://pub.orcid.org/v3.0/0000-0001-5827-319X/works",sim,nao_se_aplica,confirmado,sim,metadado_secundario | origem,concluido,resumo_ou_metadados_recuperados,"item listado no perfil institucional; SHENG, HSIA HUA; Bortoluzzo, A. B.; SANTOS, G. A. P. Impact of Trade Credit on Firm Inventory Investment During Financial Crises: Evidence from Latin America . Emerging Markets Finance & Trade, v. 49, p. 32-52, 2013."
Outros periodicos academicos,artigos_academicos,manifestacao-27e0528bbaa749,hsia-509091daa95f,hsia-509091daa95f,nao_se_aplica,origem,escrita,Importância do Rating na Padronização de Debêntures,2006,2006,artigo_academico,"SHENG, H. H | SAITO, R",primeiro_autor,https://eaesp.fgv.br/sites/default/files/files-eaesp/pesquisa-eaesp-files/arquivos/sheng_-_importancia_do_rating_na_padronizacao_de_debentures.pdf,https://eaesp.fgv.br/sites/default/files/files-eaesp/pesquisa-eaesp-files/arquivos/sheng_-_importancia_do_rating_na_padronizacao_de_debentures.pdf,"https://doi.org/10.1590/s0034-75902006000200005 | https://openalex.org/W2159328113 | https://www.semanticscholar.org/paper/240662b2d57f4a6f6e4848351295b6758a315c01 | https://api.openalex.org/works?filter=author.id:A5047360684,to_publication_date:2026-08-24&per-page=200 | https://eaesp.fgv.br/pessoa/hsia-hua-sheng | https://api.crossref.org/works?query.author=Hsia%20Hua%20Sheng&rows=100&mailto=hsia.sheng@fgv.br | https://api.semanticscholar.org/graph/v1/author/48507977/papers?limit=100&fields=title,year,publicationDate,authors,venue,externalIds,url,abstract,publicationTypes,fieldsOfStudy",sim,nao_se_aplica,confirmado,sim,metadado_secundario | origem,concluido,resumo_ou_metadados_recuperados,"item listado no perfil institucional; SHENG, H. H.; SAITO, R. Importância do Rating na Padronização de Debêntures . RAE. Revista de Administração de Empresas, São Paulo, v. 46, n.2, p. 80-95, 2006."
Outros periodicos academicos,artigos_academicos,manifestacao-280bd737865433,hsia-25c8c78ab187,hsia-25c8c78ab187,nao_se_aplica,origem,escrita,Influence of Macroeconomic Factors in the Capital Structure of Foreign Subsidiarie,2017,2017-11-28,artigo_academico,"LINHARES, JOÃO PAULO MARTINS | HUA SHENG, HSIA | VAZ, DANIELA VERZOLA | CARDOSO JUNIOR, NILTON DEODORO MOREIRA",coautor,https://www.ogt-journal.com/jour/article/view/43,https://www.ogt-journal.com/jour/article/view/43,"https://doi.org/10.23932/2542-0240-2017-10-4-101-113 | https://openalex.org/W2775584120 | https://www.semanticscholar.org/paper/21fa9585dc7f85c7487019398487f8294cfc02d0 | https://api.openalex.org/works?filter=author.id:A5047360684,to_publication_date:2026-08-24&per-page=200 | https://api.semanticscholar.org/graph/v1/author/4600832/papers?limit=100&fields=title,year,publicationDate,authors,venue,externalIds,url,abstract,publicationTypes,fieldsOfStudy | https://api.crossref.org/works?query.author=Hsia%20Hua%20Sheng&rows=100&mailto=hsia.sheng@fgv.br | https://api.openaire.eu/search/publications?author=Hsia%20Hua%20Sheng&format=json&size=100 | https://eaesp.fgv.br/pessoa/hsia-hua-sheng",sim,nao_se_aplica,confirmado,sim,metadado_secundario | origem,concluido,resumo_ou_metadados_recuperados,"item listado no perfil institucional; LINHARES, JOÃO PAULO MARTINS; HUA SHENG, HSIA; VAZ, DANIELA VERZOLA; CARDOSO JUNIOR, NILTON DEODORO MOREIRA. Influence of Macroeconomic Factors in the Capital Structure of Foreign Subsidiarie . Outlines of Global Transformations: Politics, Economics, law, v. 10, p. 101-113, 2017."
Outros periodicos academicos,artigos_academicos,manifestacao-c48db061bf5756,hsia-f1add70c578f,hsia-f1add70c578f,nao_se_aplica,origem,escrita,Influence of Macroeconomic and Political Risk Factors in the Capital Structures of Foreign Subsidiaries,2014,2014,trabalho_congresso,J. P. Linhares | Hsia Hua Sheng | N. D. M. Cardoso Junior,coautor,https://ceqef.fgv.br/publicacao/2014-artigos-em-congressos,https://ceqef.fgv.br/publicacao/2014-artigos-em-congressos,nenhuma,sim,nao_se_aplica,confirmado,sim,origem,fonte_inacessivel,resumo_ou_metadados_recuperados,citacao integral na pagina institucional de artigos em congressos do CEQEF/FGV
Outros periodicos academicos,artigos_academicos,manifestacao-a0effb95bfe136,hsia-8ec065dd922a,hsia-8ec065dd922a,nao_se_aplica,origem_catalogo,escrita,Influences of Foreign and Domestic Venture Capitalists on Internationalisation of Small Firms,2022,2022,artigo_academico,Jorge Carneiro | Antonio Amaral Moreira | Hsia Hua Sheng,coautor,https://doi.org/10.1590/1807-7692bar2022200105,https://doi.org/10.1590/1807-7692bar2022200105,"http://www.scopus.com/inward/record.url?eid=2-s2.0-85126747069&partnerID=MN8TOARS | https://openalex.org/W4226182392 | https://www.semanticscholar.org/paper/acc9ed918137db638606f5fda9022ead548e4cda | https://api.openaire.eu/search/publications?author=Hsia%20Hua%20Sheng&format=json&size=100 | https://pub.orcid.org/v3.0/0000-0001-5827-319X/works | https://api.semanticscholar.org/graph/v1/author/4600832/papers?limit=100&fields=title,year,publicationDate,authors,venue,externalIds,url,abstract,publicationTypes,fieldsOfStudy | https://api.crossref.org/works?query.author=Hsia%20Hua%20Sheng&rows=100&mailto=hsia.sheng@fgv.br | https://api.openalex.org/works?filter=author.id:A5047360684,to_publication_date:2026-08-24&per-page=200 | https://openalex.org/W4394079326",sim,nao_se_aplica,confirmado,sim,metadado_secundario,concluido,resumo_ou_metadados_recuperados,"cluster A5047360684, ORCID 0000-0001-5827-319X || nome estruturado Hsia Hua Sheng; afiliacao=Fundação Getulio Vargas, Brazil; ORCID=https://orcid.org/0000-0001-5827-319X || obra autoassociada ao ORCID verificado 0000-0001-5827-319X; lista completa depende de outra fonte || autor estruturado OpenAIRE com nome completo || cluster Semantic Scholar 4600832 validado por 33 obra(s) em fontes independentes; obra individual validada por nome completo, titulo, DOI ou coautor"
Outros periodicos academicos,artigos_academicos,manifestacao-a8c306298429e9,hsia-958e9708c8a6,hsia-958e9708c8a6,nao_se_aplica,origem_catalogo,escrita,Informal Financing Model Based on Personal Relationship: Chinese Entrepreneurs in Brazil,2007,2007-11-12,working_paper,Hsia Hua Sheng,autor_unico|autor_correspondente,https://openalex.org/W2297402386,https://openalex.org/W2297402386,"https://www.semanticscholar.org/paper/5629f4e97b516d9fea23888b951ff05ad8e14077 | https://api.semanticscholar.org/graph/v1/author/2412900751/papers?limit=100&fields=title,year,publicationDate,authors,venue,externalIds,url,abstract,publicationTypes,fieldsOfStudy | https://api.openalex.org/works?filter=author.id:A5047360684,to_publication_date:2026-08-24&per-page=200",sim,nao_se_aplica,confirmado,sim,metadado_secundario,concluido,resumo_ou_metadados_recuperados,"cluster A5047360684, ORCID 0000-0001-5827-319X || cluster Semantic Scholar 2412900751 validado por 2 obra(s) em fontes independentes; obra individual validada por nome completo, titulo, DOI ou coautor"
Outros periodicos academicos,artigos_academicos,manifestacao-d64c3400b087f2,hsia-fa333c0c15af,hsia-fa333c0c15af,nao_se_aplica,origem,escrita,Internationalization and Corporate Cash Holdings: Evidence from Brazil and Mexico,2015,2015,artigo_academico,"ARATA, NEWTON | SHENG, HSIA HUA | LORA, MAYRA IVANOFF",coautor,https://eaesp.fgv.br/sites/default/files/files-eaesp/pesquisa-eaesp-files/arquivos/sheng_-_internationalization_and_corporate_cash_holdings_evidence_from_brazil_and_mexico.pdf,https://eaesp.fgv.br/sites/default/files/files-eaesp/pesquisa-eaesp-files/arquivos/sheng_-_internationalization_and_corporate_cash_holdings_evidence_from_brazil_and_mexico.pdf,"https://doi.org/10.1590/1982-7849rac20151452 | https://openalex.org/W2185439298 | https://www.semanticscholar.org/paper/b6a8ff0130b90062c18d253f97a5a33178ede50f | https://api.openalex.org/works?filter=author.id:A5047360684,to_publication_date:2026-08-24&per-page=200 | https://eaesp.fgv.br/pessoa/hsia-hua-sheng | https://api.crossref.org/works?query.author=Hsia%20Hua%20Sheng&rows=100&mailto=hsia.sheng@fgv.br | https://api.semanticscholar.org/graph/v1/author/4600832/papers?limit=100&fields=title,year,publicationDate,authors,venue,externalIds,url,abstract,publicationTypes,fieldsOfStudy",sim,nao_se_aplica,confirmado,sim,metadado_secundario | origem,concluido,resumo_ou_metadados_recuperados,"item listado no perfil institucional; ARATA, NEWTON; SHENG, HSIA HUA; LORA, MAYRA IVANOFF. Internationalization and Corporate Cash Holdings: Evidence from Brazil and Mexico. RAC. Revista de Administração Contemporânea (Online), v. 19, p. 01-19, 2015."
Outros periodicos academicos,artigos_academicos,manifestacao-d9b4ba2ac6ea57,hsia-f6aaee87c045,hsia-f6aaee87c045,nao_se_aplica,origem_catalogo,escrita,Internationalization of Spanish or Portuguese Speaking Banks,2014,2014,artigo_academico,João Fábio Meggiolaro Alvarez | Hsia Hua Sheng | Daniela Verzola Vaz,coautor,https://doi.org/10.5465/ambpp.2014.12975abstract,https://doi.org/10.5465/ambpp.2014.12975abstract,"https://www.semanticscholar.org/paper/8c1b0ed753907a658f49150821cc84151a8719d9 | https://api.openalex.org/works?filter=author.id:A5047360684,to_publication_date:2026-08-24&per-page=200 | https://api.semanticscholar.org/graph/v1/author/4600832/papers?limit=100&fields=title,year,publicationDate,authors,venue,externalIds,url,abstract,publicationTypes,fieldsOfStudy | https://api.openaire.eu/search/publications?author=Hsia%20Hua%20Sheng&format=json&size=100 | https://api.crossref.org/works?query.author=Hsia%20Hua%20Sheng&rows=100&mailto=hsia.sheng@fgv.br | https://openalex.org/W1979424715",sim,nao_se_aplica,confirmado,sim,metadado_secundario,concluido,resumo_ou_metadados_recuperados,"cluster A5047360684, ORCID 0000-0001-5827-319X || nome estruturado Hsia Hua Sheng; afiliacao=Fundacao Getulio Vargas; ORCID=nao informado || autor estruturado OpenAIRE com nome completo || cluster Semantic Scholar 4600832 validado por 33 obra(s) em fontes independentes; obra individual validada por nome completo, titulo, DOI ou coautor"
Outros periodicos academicos,artigos_academicos,manifestacao-0ee2ae1b913136,hsia-1f33fa9fce67,hsia-1f33fa9fce67,nao_se_aplica,origem_catalogo,escrita,Liability of Foreignness in Metals and Mining Companies in Brazil,2024,2024,artigo_academico,Igor Matos Bueno | Hsia Hua Sheng | Adriana Bruscato Bortoluzzo,coautor,https://doi.org/10.1080/10978526.2024.2387358,https://doi.org/10.1080/10978526.2024.2387358,"http://www.scopus.com/inward/record.url?eid=2-s2.0-85201008389&partnerID=MN8TOARS | https://openalex.org/W4401460612 | https://www.semanticscholar.org/paper/45858bb02dddba7d9d3a846c2eea99ba9f7624af | https://api.semanticscholar.org/graph/v1/author/2283810156/papers?limit=100&fields=title,year,publicationDate,authors,venue,externalIds,url,abstract,publicationTypes,fieldsOfStudy | https://api.crossref.org/works?query.author=Hsia%20Hua%20Sheng&rows=100&mailto=hsia.sheng@fgv.br | https://api.openalex.org/works?filter=author.id:A5047360684,to_publication_date:2026-08-24&per-page=200 | https://pub.orcid.org/v3.0/0000-0001-5827-319X/works | https://api.openaire.eu/search/publications?author=Hsia%20Hua%20Sheng&format=json&size=100",sim,nao_se_aplica,confirmado,sim,metadado_secundario,concluido,resumo_ou_metadados_recuperados,"cluster A5047360684, ORCID 0000-0001-5827-319X || nome estruturado Hsia Hua Sheng; afiliacao=Management, FGV - EAESP, Sao Paulo, Brazil; ORCID=nao informado || obra autoassociada ao ORCID verificado 0000-0001-5827-319X; lista completa depende de outra fonte || autor estruturado OpenAIRE com nome completo || cluster Semantic Scholar 2283810156 validado por 3 obra(s) em fontes independentes; obra individual validada por nome completo, titulo, DOI ou coautor"
Outros periodicos academicos,artigos_academicos,manifestacao-ad1217ac97eea7,hsia-59aa8104f18d,hsia-59aa8104f18d,nao_se_aplica,origem,escrita,Liquidez de las obligaciones negociables en el mercado brasileño,2008,2008-06-01,artigo_academico,"SHENG, H. H | SAITO, R",primeiro_autor,https://eaesp.fgv.br/sites/default/files/files-eaesp/pesquisa-eaesp-files/arquivos/sheng_-_liquidez_dasdebentures_no_mercado_brasileiro.pdf,https://eaesp.fgv.br/sites/default/files/files-eaesp/pesquisa-eaesp-files/arquivos/sheng_-_liquidez_dasdebentures_no_mercado_brasileiro.pdf,"https://openalex.org/W2125024433 | https://www.semanticscholar.org/paper/1c7a5e80a5317b5a3fa6bc4cc18d2605668a9906 | https://api.openalex.org/works?filter=author.id:A5047360684,to_publication_date:2026-08-24&per-page=200 | https://eaesp.fgv.br/pessoa/hsia-hua-sheng | https://api.semanticscholar.org/graph/v1/author/48507977/papers?limit=100&fields=title,year,publicationDate,authors,venue,externalIds,url,abstract,publicationTypes,fieldsOfStudy | https://doi.org/10.1590/s0080-21072008000200005",sim,nao_se_aplica,confirmado,sim,metadado_secundario | origem,concluido,resumo_ou_metadados_recuperados,"item listado no perfil institucional; SHENG, H. H.; SAITO, R. Liquidez das Debêntures no Mercado Brasileiro . Revista de Administração (FEA-USP), v. 43, p. 11-13, 2008."
Outros periodicos academicos,artigos_academicos,manifestacao-bc4c6b79009bae,hsia-aa2030a4a5e5,hsia-aa2030a4a5e5,nao_se_aplica,origem,escrita,Liquidity and Yield in the Brazilian Corporate Bond Market,2005,2005,trabalho_congresso,Hsia Hua Sheng | Richard Saito,primeiro_autor,https://conecta.parque.ufrj.br/id/7756504057085313,https://conecta.parque.ufrj.br/id/7756504057085313,nenhuma,sim,nao_se_aplica,provavel,sim,origem,fonte_inacessivel,resumo_ou_metadados_recuperados,registro curricular publico de Hsia e registro espelho de Richard Saito confirmam o trabalho
Outros periodicos academicos,artigos_academicos,manifestacao-37a437492a6107,hsia-a4044d2ce6cc,hsia-a4044d2ce6cc,nao_se_aplica,origem,escrita,Local complementary inputs as drivers of entry mode choices: The case of US investments in Brazil,2015,2015,artigo_academico,"HENNART, JEAN-FRANÇOIS | SHENG, HSIA HUA | PIMENTA, GUSTAVO",coautor|autor_correspondente,https://eaesp.fgv.br/sites/default/files/files-eaesp/pesquisa-eaesp-files/arquivos/sheng_-_local_complementary_inputs_as_drivers_of_entry_modechoices_the_case_of_us_investments_in_brazil.pdf,https://eaesp.fgv.br/sites/default/files/files-eaesp/pesquisa-eaesp-files/arquivos/sheng_-_local_complementary_inputs_as_drivers_of_entry_modechoices_the_case_of_us_investments_in_brazil.pdf,"http://www.scopus.com/inward/record.url?eid=2-s2.0-84926389667&partnerID=MN8TOARS | https://doi.org/10.1016/j.ibusrev.2014.10.005 | https://openalex.org/W1966859659 | https://www.semanticscholar.org/paper/0d29226d1cf0070bc5354080ffee1cc5ddd7d0a6 | https://api.openalex.org/works?filter=author.id:A5047360684,to_publication_date:2026-08-24&per-page=200 | https://api.semanticscholar.org/graph/v1/author/4600832/papers?limit=100&fields=title,year,publicationDate,authors,venue,externalIds,url,abstract,publicationTypes,fieldsOfStudy | https://pub.orcid.org/v3.0/0000-0001-5827-319X/works | https://eaesp.fgv.br/pessoa/hsia-hua-sheng | https://api.crossref.org/works?query.author=Hsia%20Hua%20Sheng&rows=100&mailto=hsia.sheng@fgv.br",sim,nao_se_aplica,confirmado,sim,metadado_secundario | origem,concluido,resumo_ou_metadados_recuperados,"item listado no perfil institucional; HENNART, JEAN-FRANÇOIS; SHENG, HSIA HUA; PIMENTA, GUSTAVO. Local Complementary Inputs as Drivers of Entry Mode Choices: The Case of US Investments in Brazil . International Business Review, v. 24, p. 466-475, 2015."
Outros periodicos academicos,artigos_academicos,manifestacao-47fc7f8b01a21e,hsia-402562a7db07,hsia-402562a7db07,nao_se_aplica,origem_catalogo,escrita,Logística: estratégias de hedge para o frete,2013,2013,artigo_academico,Hsia Hua Sheng,autor_unico,https://www.semanticscholar.org/paper/b6640fb8114c75a732db364ab79b25df4e56cb53,https://www.semanticscholar.org/paper/b6640fb8114c75a732db364ab79b25df4e56cb53,"https://api.semanticscholar.org/graph/v1/author/48507977/papers?limit=100&fields=title,year,publicationDate,authors,venue,externalIds,url,abstract,publicationTypes,fieldsOfStudy",sim,nao_se_aplica,confirmado,sim,metadado_secundario,concluido,resumo_ou_metadados_recuperados,"cluster Semantic Scholar 48507977 validado por 24 obra(s) em fontes independentes; obra individual validada por nome completo, titulo, DOI ou coautor"
Outros periodicos academicos,artigos_academicos,manifestacao-0cc77be52d3f66,hsia-5fa80b41353a,hsia-5fa80b41353a,nao_se_aplica,origem_catalogo,escrita,Modelos de Financiamento Baseados em Relaçőes Pessoais: Experięncia de Empreendedores Chineses no Brasil Relationship-based Financing Models: Experiences of Chinese Entrepreneurs in Brazil,2008,2008,artigo_academico,Hsia Hua Sheng,autor_unico,https://www.semanticscholar.org/paper/5478410966fd7049c8b0728f83f5eb2188c2ab70,https://www.semanticscholar.org/paper/5478410966fd7049c8b0728f83f5eb2188c2ab70,"https://api.semanticscholar.org/graph/v1/author/48507977/papers?limit=100&fields=title,year,publicationDate,authors,venue,externalIds,url,abstract,publicationTypes,fieldsOfStudy",sim,nao_se_aplica,confirmado,sim,metadado_secundario,concluido,resumo_ou_metadados_recuperados,"cluster Semantic Scholar 48507977 validado por 24 obra(s) em fontes independentes; obra individual validada por nome completo, titulo, DOI ou coautor"
Outros periodicos academicos,artigos_academicos,manifestacao-995fa853f0ec0e,hsia-fa428a866d96,hsia-fa428a866d96,nao_se_aplica,origem,escrita,Modelos de financiamento baseados em relações pessoais: experiência de empreendedores chineses no Brasil,2008,2008,artigo_academico,"SHENG, H. H",autor_unico|autor_correspondente,https://eaesp.fgv.br/sites/default/files/files-eaesp/pesquisa-eaesp-files/arquivos/sheng_-_modelos_de_financiamento_baseados_em_relacoes_pessoais_experiencias_de_empreendedores_chineses_no_brasil.pdf,https://eaesp.fgv.br/sites/default/files/files-eaesp/pesquisa-eaesp-files/arquivos/sheng_-_modelos_de_financiamento_baseados_em_relacoes_pessoais_experiencias_de_empreendedores_chineses_no_brasil.pdf,"https://doi.org/10.1590/s1415-65552008000300007 | https://openalex.org/W1021734169 | https://openalex.org/W1630693117 | https://www.semanticscholar.org/paper/0435339daa5c674ac1e1164270d92402d1087e68 | https://api.openalex.org/works?filter=author.id:A5047360684,to_publication_date:2026-08-24&per-page=200 | https://api.crossref.org/works?query.author=Hsia%20Hua%20Sheng&rows=100&mailto=hsia.sheng@fgv.br | https://eaesp.fgv.br/pessoa/hsia-hua-sheng | https://api.semanticscholar.org/graph/v1/author/48507977/papers?limit=100&fields=title,year,publicationDate,authors,venue,externalIds,url,abstract,publicationTypes,fieldsOfStudy",sim,nao_se_aplica,confirmado,sim,metadado_secundario | origem,concluido,resumo_ou_metadados_recuperados,"item listado no perfil institucional; SHENG, H. H. Modelo de Financiamento Baseados em Relações Pessoais: Experiência de Empreendedores Chineses no Brasil . Revista de Administração Contemporânea (Impresso), v. 12, p. 741-761, 2008."
Outros periodicos academicos,artigos_academicos,manifestacao-88147e6a8335dc,hsia-8b1290c65771,hsia-8b1290c65771,nao_se_aplica,origem,escrita,Mutual fund managers stock preferences in Latin America,2012,2012,artigo_academico,"Piccioni Junior, J. L | SHENG, H. H | LORA, M. I",coautor,https://eaesp.fgv.br/sites/default/files/files-eaesp/pesquisa-eaesp-files/arquivos/sheng_-_mutual_fund_managers_stock_preferences_in_latin_america.pdf,https://eaesp.fgv.br/sites/default/files/files-eaesp/pesquisa-eaesp-files/arquivos/sheng_-_mutual_fund_managers_stock_preferences_in_latin_america.pdf,"http://www.scopus.com/inward/record.url?eid=2-s2.0-85027945327&partnerID=MN8TOARS | https://doi.org/10.1016/j.irfa.2012.07.003 | https://openalex.org/W2014379882 | https://www.semanticscholar.org/paper/e5cb9c58d783b8b434dca2b39c33718723002d2a | https://api.semanticscholar.org/graph/v1/author/4600832/papers?limit=100&fields=title,year,publicationDate,authors,venue,externalIds,url,abstract,publicationTypes,fieldsOfStudy | https://eaesp.fgv.br/pessoa/hsia-hua-sheng | https://api.openalex.org/works?filter=author.id:A5047360684,to_publication_date:2026-08-24&per-page=200 | https://api.crossref.org/works?query.author=Hsia%20Hua%20Sheng&rows=100&mailto=hsia.sheng@fgv.br | https://pub.orcid.org/v3.0/0000-0001-5827-319X/works",sim,nao_se_aplica,confirmado,sim,metadado_secundario | origem,concluido,resumo_ou_metadados_recuperados,"item listado no perfil institucional; Piccioni Junior, J. L.; SHENG, H. H.; LORA, M. I. Mutual Fund Managers Stock Preferences in Latin America . International Review of Financial Analysis, v. 24, p. 38-47, 2012."
Outros periodicos academicos,artigos_academicos,manifestacao-c8a2d279b8083a,hsia-24d8ffe956e0,hsia-24d8ffe956e0,nao_se_aplica,origem,escrita,O apreçamento do spread de liquidez no mercado secundário de debêntures,2010,2010,artigo_academico,"Gonçalves, Paulo | SHENG, H. H",coautor|autor_correspondente,https://eaesp.fgv.br/sites/default/files/files-eaesp/pesquisa-eaesp-files/arquivos/sheng_-_o_aprecamento_do_spread_de_liquidez_no_mercado_secundario_de.pdf,https://eaesp.fgv.br/sites/default/files/files-eaesp/pesquisa-eaesp-files/arquivos/sheng_-_o_aprecamento_do_spread_de_liquidez_no_mercado_secundario_de.pdf,"https://doi.org/10.1016/s0080-2107(16)30507-6 | https://openalex.org/W2101085588 | https://www.semanticscholar.org/paper/e3399580686b07db69d187d43a143c6cad5be5f1 | https://api.openalex.org/works?filter=author.id:A5047360684,to_publication_date:2026-08-24&per-page=200 | https://eaesp.fgv.br/pessoa/hsia-hua-sheng | https://api.semanticscholar.org/graph/v1/author/48507977/papers?limit=100&fields=title,year,publicationDate,authors,venue,externalIds,url,abstract,publicationTypes,fieldsOfStudy | https://api.crossref.org/works?query.author=Hsia%20Hua%20Sheng&rows=100&mailto=hsia.sheng@fgv.br",sim,nao_se_aplica,confirmado,sim,metadado_secundario | origem,concluido,resumo_ou_metadados_recuperados,"item listado no perfil institucional; Gonçalves, Paulo; SHENG, H. H. O Apreçamento do Spread de Liquidez no Mercado Secundário de Debêntures . Revista de Administração (FEA-USP), v. 1, p. 30-42, 2010."
Outros periodicos academicos,artigos_academicos,manifestacao-fa7edc5f595c62,hsia-c4c70041a331,hsia-c4c70041a331,nao_se_aplica,origem,escrita,O impacto da liquidez nos retornos esperados das debêntures brasileiras,2013,2013,artigo_academico,"GIACOMONI, B | SHENG, H. H",coautor,https://eaesp.fgv.br/sites/default/files/files-eaesp/pesquisa-eaesp-files/arquivos/sheng_-_o_impacto_da_liquidez.pdf,https://eaesp.fgv.br/sites/default/files/files-eaesp/pesquisa-eaesp-files/arquivos/sheng_-_o_impacto_da_liquidez.pdf,"https://doi.org/10.5700/rausp1075 | https://openalex.org/W2154535445 | https://www.semanticscholar.org/paper/2e1a819452cd358d4f4319c80c45df94d98fe8ed | https://www.semanticscholar.org/paper/c1bb8ad1589c11e5b1d1412d517939b8ccd429d3 | https://api.semanticscholar.org/graph/v1/author/48507977/papers?limit=100&fields=title,year,publicationDate,authors,venue,externalIds,url,abstract,publicationTypes,fieldsOfStudy | https://eaesp.fgv.br/pessoa/hsia-hua-sheng | https://api.crossref.org/works?query.author=Hsia%20Hua%20Sheng&rows=100&mailto=hsia.sheng@fgv.br | https://api.openalex.org/works?filter=author.id:A5047360684,to_publication_date:2026-08-24&per-page=200 | https://api.semanticscholar.org/graph/v1/author/2057235379/papers?limit=100&fields=title,year,publicationDate,authors,venue,externalIds,url,abstract,publicationTypes,fieldsOfStudy",sim,nao_se_aplica,confirmado,sim,metadado_secundario | origem,concluido,resumo_ou_metadados_recuperados,"item listado no perfil institucional; GIACOMONI, B.; SHENG, H. H. O Impacto da Liquidez nos Retornos Esperados das Debêntures Brasileiras . Revista de Administração (FEA-USP), v. 48, p. 1-20, 2013."
Outros periodicos academicos,artigos_academicos,manifestacao-f5433bb6fcacde,hsia-a541785e562a,hsia-a541785e562a,nao_se_aplica,origem_catalogo,escrita,O impacto da liquidez nos retornos esperados das debêntures brasileiras El impacto de la liquidez en los rendimientos esperados de las obligaciones brasileñas The impact of liquidity on expected returns from Brazilian corporate bonds,2013,2013-03-01,artigo_academico,Bruno Hofheinz Giacomoni | Hsia Hua Sheng,coautor,https://openalex.org/W4404872190,https://openalex.org/W4404872190,"https://api.openaire.eu/search/publications?author=Hsia%20Hua%20Sheng&format=json&size=100 | https://api.openalex.org/works?filter=author.id:A5047360684,to_publication_date:2026-08-24&per-page=200",sim,nao_se_aplica,confirmado,sim,metadado_secundario,concluido,resumo_ou_metadados_recuperados,"cluster A5047360684, ORCID 0000-0001-5827-319X || autor estruturado OpenAIRE com nome completo"
Outros periodicos academicos,artigos_academicos,manifestacao-eefab65e3d0b97,hsia-1d2e924224a7,hsia-1d2e924224a7,nao_se_aplica,origem,escrita,O uso de derivativos da taxa de câmbio e o valor de mercado das empresas brasileiras listadas na Bovespa,2011,2011,artigo_academico,"Serafini, Danilo | SHENG, H. H",coautor,https://eaesp.fgv.br/sites/default/files/files-eaesp/pesquisa-eaesp-files/arquivos/sheng_-_o_uso_dos_derivativos_da_taxa_de_cambio_e_o_valor_de_mercado_das_empresas_brasileiras_listadas_na_bovespa.pdf,https://eaesp.fgv.br/sites/default/files/files-eaesp/pesquisa-eaesp-files/arquivos/sheng_-_o_uso_dos_derivativos_da_taxa_de_cambio_e_o_valor_de_mercado_das_empresas_brasileiras_listadas_na_bovespa.pdf,"https://doi.org/10.1590/s1415-65552011000200008 | https://openalex.org/W2076822414 | https://www.semanticscholar.org/paper/43cbeae2ca79f02d1a9e53f5d35e80843d09156b | https://api.crossref.org/works?query.author=Hsia%20Hua%20Sheng&rows=100&mailto=hsia.sheng@fgv.br | https://api.openalex.org/works?filter=author.id:A5047360684,to_publication_date:2026-08-24&per-page=200 | https://api.semanticscholar.org/graph/v1/author/48507977/papers?limit=100&fields=title,year,publicationDate,authors,venue,externalIds,url,abstract,publicationTypes,fieldsOfStudy | https://eaesp.fgv.br/pessoa/hsia-hua-sheng",sim,nao_se_aplica,confirmado,sim,metadado_secundario | origem,concluido,resumo_ou_metadados_recuperados,"item listado no perfil institucional; Serafini, Danilo; SHENG, H. H. O Uso de Derivativos da Taxa de Câmbio e o Valor de Mercado das Empresas Brasileiras Listadas na Bovespa . RAC. Revista de Administração Contemporânea (Impresso), v. 15.2, p. 283-303, 2011."
Outros periodicos academicos,artigos_academicos,manifestacao-add1c554350871,hsia-1944fd8ac073,hsia-1944fd8ac073,nao_se_aplica,origem,escrita,Oferta Inicial de Acoes e o Desempenho das Empresas,2009,2009,trabalho_congresso,Tharso Bossolani | Hsia Hua Sheng,coautor,https://arquivo.anpad.org.br/diversos/down_zips/45/FIN269.pdf,https://arquivo.anpad.org.br/diversos/down_zips/45/FIN269.pdf,nenhuma,sim,nao_se_aplica,confirmado,sim,origem,concluido,resumo_ou_metadados_recuperados,cabecalho do trabalho oficial da ANPAD identifica Tharso Bossolani e Hsia Hua Sheng
Outros periodicos academicos,artigos_academicos,manifestacao-f51e93feada9cb,hsia-2b70b4f0e2f9,hsia-2b70b4f0e2f9,nao_se_aplica,origem,escrita,"Openness, international champions, and the internationalization of Multilatinas",2017,2017,artigo_academico,"HENNART, JEAN-FRANÇOIS | SHENG, HSIA HUA | CARRERA, JOSÉ MARCOS",coautor|autor_correspondente,https://www.sciencedirect.com/science/article/pii/S109095161630092X?via%3Dihub,https://www.sciencedirect.com/science/article/pii/S109095161630092X?via%3Dihub,"http://www.scopus.com/inward/record.url?eid=2-s2.0-84995495330&partnerID=MN8TOARS | https://doi.org/10.1016/j.jwb.2016.08.005 | https://openalex.org/W2511205053 | https://www.semanticscholar.org/paper/93ad4a4f9bfef2a1646902ecf22e260297592efe | https://api.semanticscholar.org/graph/v1/author/4600832/papers?limit=100&fields=title,year,publicationDate,authors,venue,externalIds,url,abstract,publicationTypes,fieldsOfStudy | https://api.openalex.org/works?filter=author.id:A5047360684,to_publication_date:2026-08-24&per-page=200 | https://api.crossref.org/works?query.author=Hsia%20Hua%20Sheng&rows=100&mailto=hsia.sheng@fgv.br | https://eaesp.fgv.br/pessoa/hsia-hua-sheng | https://pub.orcid.org/v3.0/0000-0001-5827-319X/works",sim,nao_se_aplica,confirmado,sim,metadado_secundario | origem,concluido,resumo_ou_metadados_recuperados,"item listado no perfil institucional; HENNART, JEAN-FRANÇOIS; SHENG, HSIA HUA; CARRERA, JOSÉ MARCOS. Openness, International Champions, and the Internationalization of Multilatinas . Journal of World Business, v. 52, p. 518-532, 2017."
Outros periodicos academicos,artigos_academicos,manifestacao-f3a6347ade1808,hsia-be34c44b0bee,hsia-be34c44b0bee,nao_se_aplica,origem,escrita,Os Efeitos de Internacionalizacao na Estrutura de Propriedade,2013,2013,trabalho_congresso,V. S. Pereira | Hsia Hua Sheng,coautor,https://ceqef.fgv.br/publicacao/2013-artigos-em-congressos,https://ceqef.fgv.br/publicacao/2013-artigos-em-congressos,nenhuma,sim,nao_se_aplica,confirmado,sim,origem,fonte_inacessivel,resumo_ou_metadados_recuperados,citacao integral na pagina institucional de artigos em congressos do CEQEF/FGV
Outros periodicos academicos,artigos_academicos,manifestacao-370f25ac80de6f,hsia-827757efcd1d,hsia-827757efcd1d,nao_se_aplica,origem,escrita,Ownership Structure and Firm Value in Brazil,2010,2010-03-24,artigo_academico,"Rapaport, Michel | SHENG, H. H",coautor,https://eaesp.fgv.br/sites/default/files/files-eaesp/pesquisa-eaesp-files/arquivos/sheng_-_ownership_structureandfirm_value_in_brazil.pdf,https://eaesp.fgv.br/sites/default/files/files-eaesp/pesquisa-eaesp-files/arquivos/sheng_-_ownership_structureandfirm_value_in_brazil.pdf,"https://openalex.org/W1582203868 | https://publons.com/wos-op/publon/78037710/ | https://www.semanticscholar.org/paper/5bcc36c956e405de13a38b5b1286af3ab21fc354 | https://eaesp.fgv.br/pessoa/hsia-hua-sheng | https://pub.orcid.org/v3.0/0000-0001-5827-319X/works | https://api.semanticscholar.org/graph/v1/author/4600832/papers?limit=100&fields=title,year,publicationDate,authors,venue,externalIds,url,abstract,publicationTypes,fieldsOfStudy | https://api.openalex.org/works?filter=author.id:A5047360684,to_publication_date:2026-08-24&per-page=200",sim,nao_se_aplica,confirmado,sim,metadado_secundario | origem,concluido,resumo_ou_metadados_recuperados,"item listado no perfil institucional; Rapaport, Michel; SHENG, H. H. Ownership Structure and Firm Value in Brazil . Academia (Caracas), v. 45, p. 76-95, 2010."
Outros periodicos academicos,artigos_academicos,manifestacao-d7140cc3642341,hsia-7567b754a511,hsia-7567b754a511,nao_se_aplica,origem_catalogo,escrita,Ownership structure and firm value in Brazil Estructura de propiedad y valor de las empresas en Brasil,2010,2010,artigo_academico,Hsia Hua Sheng,autor_unico,https://www.semanticscholar.org/paper/a3c3c76e5210bef3fa6f967588fac63ad357b414,https://www.semanticscholar.org/paper/a3c3c76e5210bef3fa6f967588fac63ad357b414,"http://www.scopus.com/inward/record.url?eid=2-s2.0-79551499850&partnerID=MN8TOARS | https://api.semanticscholar.org/graph/v1/author/4600832/papers?limit=100&fields=title,year,publicationDate,authors,venue,externalIds,url,abstract,publicationTypes,fieldsOfStudy | https://pub.orcid.org/v3.0/0000-0001-5827-319X/works",sim,nao_se_aplica,confirmado,sim,metadado_secundario,concluido,resumo_ou_metadados_recuperados,"obra autoassociada ao ORCID verificado 0000-0001-5827-319X; lista completa depende de outra fonte || cluster Semantic Scholar 4600832 validado por 33 obra(s) em fontes independentes; obra individual validada por nome completo, titulo, DOI ou coautor"
Outros periodicos academicos,artigos_academicos,manifestacao-21ef95e933c5a9,hsia-f20c5c8e9458,hsia-f20c5c8e9458,nao_se_aplica,origem_catalogo,escrita,Performance in cross-border mergers and acquisitions: an empirical analysis of the brazilian case,2022,2022-01-01,artigo_academico,Adriana Bruscato Bortoluzzo | Maria Pia de Siqueira Garcia | Dirk Michael Boehe | Hsia Hua Sheng,coautor,https://doi.org/10.6084/m9.figshare.19929372,https://doi.org/10.6084/m9.figshare.19929372,"https://openalex.org/W1596532618 | https://api.openalex.org/works?filter=author.id:A5047360684,to_publication_date:2026-08-24&per-page=200",sim,nao_se_aplica,confirmado,sim,metadado_secundario,concluido,resumo_ou_metadados_recuperados,"cluster A5047360684, ORCID 0000-0001-5827-319X"
Outros periodicos academicos,artigos_academicos,manifestacao-078504f87c1d62,hsia-4ce19a9791d0,hsia-4ce19a9791d0,nao_se_aplica,origem_catalogo,escrita,Price efficiency of the foreign exchange rates of BRICS countries: A comparative analysis,2023,2023,artigo_academico,Natália Diniz Maganini | Abdul Rasheed | Hsia Hua Sheng,coautor,https://doi.org/10.1016/j.latcb.2022.100081,https://doi.org/10.1016/j.latcb.2022.100081,"http://www.scopus.com/inward/record.url?eid=2-s2.0-85164554737&partnerID=MN8TOARS | https://openalex.org/W4313705914 | https://www.semanticscholar.org/paper/936eeac41921bc9555828df748cfc8023e48293f | https://api.crossref.org/works?query.author=Hsia%20Hua%20Sheng&rows=100&mailto=hsia.sheng@fgv.br | https://api.openaire.eu/search/publications?author=Hsia%20Hua%20Sheng&format=json&size=100 | https://pub.orcid.org/v3.0/0000-0001-5827-319X/works | https://api.semanticscholar.org/graph/v1/author/4600832/papers?limit=100&fields=title,year,publicationDate,authors,venue,externalIds,url,abstract,publicationTypes,fieldsOfStudy | https://api.openalex.org/works?filter=author.id:A5047360684,to_publication_date:2026-08-24&per-page=200",sim,nao_se_aplica,confirmado,sim,metadado_secundario,concluido,resumo_ou_metadados_recuperados,"cluster A5047360684, ORCID 0000-0001-5827-319X || nome estruturado Hsia Hua Sheng; afiliacao=nao informada; ORCID=https://orcid.org/0000-0001-5827-319X || obra autoassociada ao ORCID verificado 0000-0001-5827-319X; lista completa depende de outra fonte || autor estruturado OpenAIRE com nome completo || cluster Semantic Scholar 4600832 validado por 33 obra(s) em fontes independentes; obra individual validada por nome completo, titulo, DOI ou coautor"
Outros periodicos academicos,artigos_academicos,manifestacao-f9d4e0e57ec41b,hsia-4ae4ec021d02,hsia-4ae4ec021d02,nao_se_aplica,origem_catalogo,escrita,Pricing the liquidity spread in the secondary bond market,2010,2010-03-01,artigo_academico,Paulo Eduardo Gonçalves | Hsia Hua Sheng,coautor,https://doi.org/10.1590/s0080-21072010000100003,https://doi.org/10.1590/s0080-21072010000100003,"https://openalex.org/W2519477941 | https://www.semanticscholar.org/paper/86ffbd23af2875b51ab8ac6981ea73de83dc744a | https://api.openalex.org/works?filter=author.id:A5047360684,to_publication_date:2026-08-24&per-page=200 | https://api.semanticscholar.org/graph/v1/author/4600832/papers?limit=100&fields=title,year,publicationDate,authors,venue,externalIds,url,abstract,publicationTypes,fieldsOfStudy",sim,nao_se_aplica,confirmado,sim,metadado_secundario,concluido,resumo_ou_metadados_recuperados,"cluster A5047360684, ORCID 0000-0001-5827-319X || cluster Semantic Scholar 4600832 validado por 33 obra(s) em fontes independentes; obra individual validada por nome completo, titulo, DOI ou coautor"
Outros periodicos academicos,artigos_academicos,manifestacao-ac5332ed072208,hsia-b17aca442f57,hsia-b17aca442f57,nao_se_aplica,origem,escrita,"Securitization, Credit Rating and Issuers’ Characteristics",2014,2014-11-27,artigo_academico,Mauricio Palmada Fernandes | Hsia Hua Sheng | Mayra Ivanoff Lora,coautor,https://eaesp.fgv.br/sites/default/files/files-eaesp/pesquisa-eaesp-files/arquivos/hsia_-_security.pdf,https://eaesp.fgv.br/sites/default/files/files-eaesp/pesquisa-eaesp-files/arquivos/hsia_-_security.pdf,"https://doi.org/10.15728/bbr.2014.11.6.1 | https://openalex.org/W1982300214 | https://openalex.org/W4385468660 | https://www.semanticscholar.org/paper/ad1662cd0362cae04c6e153e24d7223ee85594f2 | https://api.openalex.org/works?filter=author.id:A5047360684,to_publication_date:2026-08-24&per-page=200 | https://eaesp.fgv.br/pessoa/hsia-hua-sheng | https://api.crossref.org/works?query.author=Hsia%20Hua%20Sheng&rows=100&mailto=hsia.sheng@fgv.br | https://api.openaire.eu/search/publications?author=Hsia%20Hua%20Sheng&format=json&size=100 | https://api.semanticscholar.org/graph/v1/author/4600832/papers?limit=100&fields=title,year,publicationDate,authors,venue,externalIds,url,abstract,publicationTypes,fieldsOfStudy",sim,nao_se_aplica,confirmado,sim,metadado_secundario | origem,concluido,resumo_ou_metadados_recuperados,"item listado no perfil institucional; FERNANDES, MAURICIO; SHENG, HSIA; Lora, Mayra. Securitization, Credit Rating and Issuers’ Characteristics . BBR. Brazilian Business Review (English Edition. Online), v. 11, p. 1-21, 2014."
Outros periodicos academicos,artigos_academicos,manifestacao-1cb855a65e5f54,hsia-506dfd884c4a,hsia-506dfd884c4a,nao_se_aplica,origem,escrita,The Big Family: Informal Financing of Small‐ and Medium‐Sized Businesses by Guanxi,2014,2014,artigo_academico,"Sheng, Hsia Hua | MENDES-DA-SILVA, W",primeiro_autor|autor_correspondente,https://eaesp.fgv.br/sites/default/files/files-eaesp/pesquisa-eaesp-files/arquivos/wesley_e_sheng.pdf,https://eaesp.fgv.br/sites/default/files/files-eaesp/pesquisa-eaesp-files/arquivos/wesley_e_sheng.pdf,"http://www.scopus.com/inward/record.url?eid=2-s2.0-84894485572&partnerID=MN8TOARS | https://doi.org/10.1002/tie.21609 | https://openalex.org/W2118335485 | https://www.semanticscholar.org/paper/adc3e3adeb1551ceeda4c1cf18549b944d903ee0 | https://api.openalex.org/works?filter=author.id:A5047360684,to_publication_date:2026-08-24&per-page=200 | https://api.semanticscholar.org/graph/v1/author/4600832/papers?limit=100&fields=title,year,publicationDate,authors,venue,externalIds,url,abstract,publicationTypes,fieldsOfStudy | https://pub.orcid.org/v3.0/0000-0001-5827-319X/works | https://eaesp.fgv.br/pessoa/hsia-hua-sheng | https://api.crossref.org/works?query.author=Hsia%20Hua%20Sheng&rows=100&mailto=hsia.sheng@fgv.br",sim,nao_se_aplica,confirmado,sim,metadado_secundario | origem,concluido,resumo_ou_metadados_recuperados,"item listado no perfil institucional; Sheng, Hsia Hua; MENDES-DA-SILVA, W. The Big Family: Informal Financing of Small- and Medium-sized Businesses by Guanxi . Thunderbird International Business Review (Print), v. 56, p. 157-171, 2014."
Outros periodicos academicos,artigos_academicos,manifestacao-77a0001a236560,hsia-9dc30638da6f,hsia-9dc30638da6f,nao_se_aplica,origem,escrita,The Effect of Internalization on Composition of Debt,2013,2013,trabalho_congresso,V. S. Pereira | Hsia Hua Sheng,coautor,https://ceqef.fgv.br/publicacao/2013-artigos-em-congressos,https://ceqef.fgv.br/publicacao/2013-artigos-em-congressos,nenhuma,sim,nao_se_aplica,confirmado,sim,origem,fonte_inacessivel,resumo_ou_metadados_recuperados,citacao integral na pagina institucional de artigos em congressos do CEQEF/FGV
Outros periodicos academicos,artigos_academicos,manifestacao-0c5664d884e237,hsia-d975d14491dc,hsia-d975d14491dc,nao_se_aplica,origem,escrita,The Influence of Development Bank on Ownership Strategy of Multinational Firms in Brazil,2013,2013,trabalho_congresso,S. Molina | Hsia Hua Sheng | Mayra Ivanoff Lora,coautor,https://ceqef.fgv.br/publicacao/2013-artigos-em-congressos,https://ceqef.fgv.br/publicacao/2013-artigos-em-congressos,nenhuma,sim,nao_se_aplica,confirmado,sim,origem,fonte_inacessivel,resumo_ou_metadados_recuperados,citacao integral na pagina institucional de artigos em congressos do CEQEF/FGV
Outros periodicos academicos,artigos_academicos,manifestacao-a9adf530d2fe6f,hsia-5835d4962420,hsia-5835d4962420,nao_se_aplica,origem,escrita,The Internationalization of Spanish- and Portuguese-Speaking Banks,2015,2015-07-03,artigo_academico,"ALVAREZ, JOÃO FÁBIO MEGGIOLARO | SHENG, HSIA HUA | VAZ, DANIELA VERZOLA",coautor,http://www.tandfonline.com/doi/abs/10.1080/10978526.2015.1075199?journalCode=wlab20,http://www.tandfonline.com/doi/abs/10.1080/10978526.2015.1075199?journalCode=wlab20,"http://www.scopus.com/inward/record.url?eid=2-s2.0-84942087615&partnerID=MN8TOARS | https://doi.org/10.1080/10978526.2015.1075199 | https://openalex.org/W1628122847 | https://www.semanticscholar.org/paper/117602e2aeb99a45e78b96e620d8032ec77c59da | https://pub.orcid.org/v3.0/0000-0001-5827-319X/works | https://eaesp.fgv.br/pessoa/hsia-hua-sheng | https://api.semanticscholar.org/graph/v1/author/4600832/papers?limit=100&fields=title,year,publicationDate,authors,venue,externalIds,url,abstract,publicationTypes,fieldsOfStudy | https://api.crossref.org/works?query.author=Hsia%20Hua%20Sheng&rows=100&mailto=hsia.sheng@fgv.br | https://api.openalex.org/works?filter=author.id:A5047360684,to_publication_date:2026-08-24&per-page=200",sim,nao_se_aplica,confirmado,sim,metadado_secundario | origem,concluido,resumo_ou_metadados_recuperados,"item listado no perfil institucional; ALVAREZ, JOÃO FÁBIO MEGGIOLARO; SHENG, HSIA HUA; VAZ, DANIELA VERZOLA. The Internationalization of Spanish- and Portuguese-Speaking Banks . Latin American Business Review (Binghamton, N.Y.), v. 16, p. 183-204, 2015."
Outros periodicos academicos,artigos_academicos,manifestacao-968beb8fb9955a,hsia-59156349f776,hsia-59156349f776,nao_se_aplica,origem,escrita,The Use of FX Derivatives and the Cost of Capital: Evidence of Brazilian Companies,2011,2011,artigo_academico,"Schvartzburd, J. R. R. C | SHENG, H. H | LORA, M. I",coautor|autor_correspondente,https://eaesp.fgv.br/sites/default/files/files-eaesp/pesquisa-eaesp-files/arquivos/sheng_-_the_use_of_fx_derivatives_and_the_cost_of_capital_evidence_of_brazilian_companies.pdf,https://eaesp.fgv.br/sites/default/files/files-eaesp/pesquisa-eaesp-files/arquivos/sheng_-_the_use_of_fx_derivatives_and_the_cost_of_capital_evidence_of_brazilian_companies.pdf,"http://www.scopus.com/inward/record.url?eid=2-s2.0-84864509586&partnerID=MN8TOARS | https://doi.org/10.1016/j.ememar.2012.07.001 | https://doi.org/10.2139/ssrn.1930154 | https://openalex.org/W2045080495 | https://openalex.org/W3122500226 | https://www.semanticscholar.org/paper/61471aa26c781588ae2c4b856b3d0287facc2393 | https://pub.orcid.org/v3.0/0000-0001-5827-319X/works | https://api.crossref.org/works?query.author=Hsia%20Hua%20Sheng&rows=100&mailto=hsia.sheng@fgv.br | https://eaesp.fgv.br/pessoa/hsia-hua-sheng | https://api.openalex.org/works?filter=author.id:A5047360684,to_publication_date:2026-08-24&per-page=200 | https://api.semanticscholar.org/graph/v1/author/2283810156/papers?limit=100&fields=title,year,publicationDate,authors,venue,externalIds,url,abstract,publicationTypes,fieldsOfStudy",sim,nao_se_aplica,confirmado,sim,metadado_secundario | origem,concluido,resumo_ou_metadados_recuperados,"item listado no perfil institucional; Schvartzburd, J. R. R. C.; SHENG, H. H.; LORA, M. I. The Use Of FX Derivatives And The Cost Of Capital: Evidence of Brazilian Companies . Emerging Markets Review, v. 13, p. 411-423, 2012."
Outros periodicos academicos,artigos_academicos,manifestacao-65ffcf55d7b8f2,hsia-8b7998ecbc66,hsia-8b7998ecbc66,nao_se_aplica,origem,escrita,The Use of Trade Credit by Firms: Evidence for Latin America,2012,2012-10-01,working_paper,Gisler André Pereira dos Santos | Hsia Hua Sheng | Adriana Bruscato Bortoluzzo,coautor,https://ideas.repec.org/p/ibm/ibmecp/wpe_277.html,https://ideas.repec.org/p/ibm/ibmecp/wpe_277.html,"https://openalex.org/W570328828 | https://www.semanticscholar.org/paper/777e832692960fffe807e2e54f742302942681dd | https://api.openalex.org/works?filter=author.id:A5047360684,to_publication_date:2026-08-24&per-page=200 | https://api.semanticscholar.org/graph/v1/author/4600832/papers?limit=100&fields=title,year,publicationDate,authors,venue,externalIds,url,abstract,publicationTypes,fieldsOfStudy",sim,nao_se_aplica,confirmado,sim,metadado_secundario | origem,concluido,resumo_ou_metadados_recuperados,nome completo e papel aparecem na pagina
Outros periodicos academicos,artigos_academicos,manifestacao-4294763a300fcb,hsia-84b97620be18,hsia-84b97620be18,nao_se_aplica,origem_catalogo,escrita,The impact of government equity investment on internationalization: the case of Brazil,2016,2016-01-01,artigo_academico,Hsia Hua Sheng,autor_unico|autor_correspondente,https://openalex.org/W2581331865,https://openalex.org/W2581331865,"https://www.semanticscholar.org/paper/74ec5ba18258db8cf4d727950ae59fad97bf04c8 | https://api.semanticscholar.org/graph/v1/author/4600832/papers?limit=100&fields=title,year,publicationDate,authors,venue,externalIds,url,abstract,publicationTypes,fieldsOfStudy | https://api.openalex.org/works?filter=author.id:A5047360684,to_publication_date:2026-08-24&per-page=200",sim,nao_se_aplica,confirmado,sim,metadado_secundario,concluido,resumo_ou_metadados_recuperados,"cluster A5047360684, ORCID 0000-0001-5827-319X || cluster Semantic Scholar 4600832 validado por 33 obra(s) em fontes independentes; obra individual validada por nome completo, titulo, DOI ou coautor"
Outros periodicos academicos,artigos_academicos,manifestacao-8233c11e225763,hsia-6b5f394260aa,hsia-6b5f394260aa,nao_se_aplica,origem,escrita,The two-component Beta-t-QVAR-M-lev: a new forecasting model,2023,2023,artigo_academico,"HADDAD, MICHEL FERREIRA CARDIA | BLAZSEK, SZABOLCS | ARESTIS, PHILIP | FUERST, FRANZ | SHENG, HSIA HUA",coautor,https://eaesp.fgv.br/sites/default/files/files-eaesp/u949/hsiahuasheng_the_two-component_beta-t-qvar-m-lev_a_new_forecasting_model.pdf,https://eaesp.fgv.br/sites/default/files/files-eaesp/u949/hsiahuasheng_the_two-component_beta-t-qvar-m-lev_a_new_forecasting_model.pdf,"http://www.scopus.com/inward/record.url?eid=2-s2.0-85169589118&partnerID=MN8TOARS | https://doi.org/10.1007/s11408-023-00431-4 | https://openalex.org/W4386392578 | https://api.crossref.org/works?query.author=Hsia%20Hua%20Sheng&rows=100&mailto=hsia.sheng@fgv.br | https://pub.orcid.org/v3.0/0000-0001-5827-319X/works | https://eaesp.fgv.br/pessoa/hsia-hua-sheng | https://api.openalex.org/works?filter=author.id:A5047360684,to_publication_date:2026-08-24&per-page=200",sim,nao_se_aplica,confirmado,sim,metadado_secundario | origem,concluido,resumo_ou_metadados_recuperados,"item listado no perfil institucional; HADDAD, MICHEL FERREIRA CARDIA; BLAZSEK, SZABOLCS; ARESTIS, PHILIP; FUERST, FRANZ; SHENG, HSIA HUA. The Two-component Beta-t-QVAR-M-lev: a new forecasting model . Financial Markets and Portfolio Management, v. 37, p. 1-23, 2023."
Outros periodicos academicos,artigos_academicos,manifestacao-b50f6ba228c58b,hsia-b591d0033f3d,hsia-b591d0033f3d,nao_se_aplica,origem_catalogo,escrita,The use of foreign currency derivatives and the market value of brazilian companies listed at the Bovespa stock exchange,2011,2011-04-01,artigo_academico,Danilo Guedine Serafini | Hsia Hua Sheng,coautor,https://openalex.org/W2940483457,https://openalex.org/W2940483457,"https://api.openalex.org/works?filter=author.id:A5047360684,to_publication_date:2026-08-24&per-page=200",sim,nao_se_aplica,confirmado,sim,metadado_secundario,concluido,resumo_ou_metadados_recuperados,"cluster A5047360684, ORCID 0000-0001-5827-319X"
Outros periodicos academicos,artigos_academicos,manifestacao-96d3cc82826957,hsia-6552b43907b7,hsia-6552b43907b7,nao_se_aplica,origem_catalogo,escrita,Trade Credit During Financial Crisis: Do Market Power and Financial Constraints Matter?,2016,2016,artigo_academico,Adalto Barbaceia Gonçalves | Rafael Felipe Schiozer | Hsia Hua Sheng,coautor,https://doi.org/10.2139/ssrn.2723504,https://doi.org/10.2139/ssrn.2723504,"https://openalex.org/W2413318047 | https://www.semanticscholar.org/paper/913c202b8cb62c2736eb96ebd60d171d727e517c | https://api.crossref.org/works?query.author=Hsia%20Hua%20Sheng&rows=100&mailto=hsia.sheng@fgv.br | https://api.semanticscholar.org/graph/v1/author/2412900751/papers?limit=100&fields=title,year,publicationDate,authors,venue,externalIds,url,abstract,publicationTypes,fieldsOfStudy | https://api.openaire.eu/search/publications?author=Hsia%20Hua%20Sheng&format=json&size=100 | https://api.openalex.org/works?filter=author.id:A5047360684,to_publication_date:2026-08-24&per-page=200",sim,nao_se_aplica,confirmado,sim,metadado_secundario,concluido,resumo_ou_metadados_recuperados,"cluster A5047360684, ORCID 0000-0001-5827-319X || nome estruturado Hsia Hua Sheng; afiliacao=nao informada; ORCID=nao informado || autor estruturado OpenAIRE com nome completo || cluster Semantic Scholar 2412900751 validado por 2 obra(s) em fontes independentes; obra individual validada por nome completo, titulo, DOI ou coautor"
Outros periodicos academicos,artigos_academicos,manifestacao-180d0e60eb775b,hsia-68780f948924,hsia-68780f948924,nao_se_aplica,origem,escrita,Trade credit and product market power during a financial crisis,2018,2018,artigo_academico,"GONÇALVES, ADALTO BARBACEIA | SCHIOZER, RAFAEL F | SHENG, HSIA HUA",coautor,https://www.sciencedirect.com/science/article/pii/S0929119917303140?via%3Dihub,https://www.sciencedirect.com/science/article/pii/S0929119917303140?via%3Dihub,"http://www.scopus.com/inward/record.url?eid=2-s2.0-85041696669&partnerID=MN8TOARS | https://doi.org/10.1016/j.jcorpfin.2018.01.009 | https://openalex.org/W2783932900 | https://openalex.org/W3124192013 | https://www.semanticscholar.org/paper/516542bea6e6560c0cec1f1fa9a4e8e772065297 | https://api.openaire.eu/search/publications?author=Hsia%20Hua%20Sheng&format=json&size=100 | https://api.openalex.org/works?filter=author.id:A5047360684,to_publication_date:2026-08-24&per-page=200 | https://eaesp.fgv.br/pessoa/hsia-hua-sheng | https://api.semanticscholar.org/graph/v1/author/4600832/papers?limit=100&fields=title,year,publicationDate,authors,venue,externalIds,url,abstract,publicationTypes,fieldsOfStudy | https://pub.orcid.org/v3.0/0000-0001-5827-319X/works | https://api.crossref.org/works?query.author=Hsia%20Hua%20Sheng&rows=100&mailto=hsia.sheng@fgv.br",sim,nao_se_aplica,confirmado,sim,metadado_secundario | origem,concluido,resumo_ou_metadados_recuperados,"item listado no perfil institucional; GONÇALVES, ADALTO BARBACEIA; SCHIOZER, RAFAEL F.; SHENG, HSIA HUA. Trade Credit and Product Market Power During a Financial Crisis . Journal of Corporate Finance, v. 49, p. 308-323, 2018."
Outros periodicos academicos,artigos_academicos,manifestacao-7c7c45cb34ce45,hsia-0efe95f5ccef,hsia-0efe95f5ccef,nao_se_aplica,origem,escrita,Trade credit profitability measurement: application in a wholesaler-distributor case,2011,2011-06-30,artigo_academico,"SILVA, D. R | RIBEIRO, K. C. S | SHENG, H. H",coautor,https://eaesp.fgv.br/sites/default/files/files-eaesp/pesquisa-eaesp-files/arquivos/sheng_-_trade_credit_profitability_measurement_application_in_a_wholesaler_distributor_case.pdf,https://eaesp.fgv.br/sites/default/files/files-eaesp/pesquisa-eaesp-files/arquivos/sheng_-_trade_credit_profitability_measurement_application_in_a_wholesaler_distributor_case.pdf,"https://doi.org/10.15728/bbr.2011.8.2.2 | https://openalex.org/W1535442865 | https://openalex.org/W4404889458 | https://www.semanticscholar.org/paper/d4f783d0d95009d875a2fffa37e62c125ce6f676 | https://eaesp.fgv.br/pessoa/hsia-hua-sheng | https://api.openalex.org/works?filter=author.id:A5047360684,to_publication_date:2026-08-24&per-page=200 | https://api.crossref.org/works?query.author=Hsia%20Hua%20Sheng&rows=100&mailto=hsia.sheng@fgv.br | https://api.openaire.eu/search/publications?author=Hsia%20Hua%20Sheng&format=json&size=100 | https://api.semanticscholar.org/graph/v1/author/48507977/papers?limit=100&fields=title,year,publicationDate,authors,venue,externalIds,url,abstract,publicationTypes,fieldsOfStudy",sim,nao_se_aplica,confirmado,sim,metadado_secundario | origem,concluido,resumo_ou_metadados_recuperados,"item listado no perfil institucional; SILVA, D. R.; RIBEIRO, K. C. S.; SHENG, H. H. Mensuração da Rentabilidade do Crédito Comercial: Aplicação em um Caso Atacadista-distribuidor . BBR. Brazilian Business Review (Edição em português. Online), v. 8, p. 22-42, 2011."
Outros periodicos academicos,artigos_academicos,manifestacao-738ef29dd7b05d,hsia-d726f5adabcb,hsia-d726f5adabcb,nao_se_aplica,origem,escrita,Transaction costs: an empirical analysis of their relationship with investment and foreign direct investment,2011,2011,artigo_academico,"WINK JUNIOR, M. V | SHENG, H. H | EID JUNIOR, W",coautor,https://eaesp.fgv.br/sites/default/files/files-eaesp/pesquisa-eaesp-files/arquivos/sheng_-_transaction_costs_an_empirical_analysis_of_their_relationship_with_investment_and_foreign_direct_investment.pdf,https://eaesp.fgv.br/sites/default/files/files-eaesp/pesquisa-eaesp-files/arquivos/sheng_-_transaction_costs_an_empirical_analysis_of_their_relationship_with_investment_and_foreign_direct_investment.pdf,"http://www.scopus.com/inward/record.url?eid=2-s2.0-84865029457&partnerID=MN8TOARS | https://doi.org/10.1590/s0034-75902011000200005 | https://openalex.org/W2002057658 | https://openalex.org/W4324297236 | https://www.semanticscholar.org/paper/af17405c6547a94cacb8d75e72aee8afecd4412b | https://api.openalex.org/works?filter=author.id:A5047360684,to_publication_date:2026-08-24&per-page=200 | https://api.semanticscholar.org/graph/v1/author/4600832/papers?limit=100&fields=title,year,publicationDate,authors,venue,externalIds,url,abstract,publicationTypes,fieldsOfStudy | https://eaesp.fgv.br/pessoa/hsia-hua-sheng | https://pub.orcid.org/v3.0/0000-0001-5827-319X/works | https://api.crossref.org/works?query.author=Hsia%20Hua%20Sheng&rows=100&mailto=hsia.sheng@fgv.br | https://api.openaire.eu/search/publications?author=Hsia%20Hua%20Sheng&format=json&size=100",sim,nao_se_aplica,confirmado,sim,metadado_secundario | origem,concluido,resumo_ou_metadados_recuperados,"item listado no perfil institucional; WINK JUNIOR, M. V.; SHENG, H. H.; EID JUNIOR, W. Transaction Costs: An Empirical Analysis of their Relationship with Investment and Foreign Direct Investment . RAE (Impresso), v. 51, p. 175-187, 2011."
Outros periodicos academicos,artigos_academicos,manifestacao-2cd3172cb082d5,hsia-40899be2939b,hsia-40899be2939b,nao_se_aplica,origem_catalogo,escrita,Um Modelo Alternativo de Identificação de Riscos de Empresas Não Financeiras,2008,2008,artigo_academico,Hsia Hua Sheng | C. Karcher | Paulo Junior,primeiro_autor,https://www.semanticscholar.org/paper/b8399601029904c9874e83466aa83df01cc30784,https://www.semanticscholar.org/paper/b8399601029904c9874e83466aa83df01cc30784,"https://api.semanticscholar.org/graph/v1/author/48507977/papers?limit=100&fields=title,year,publicationDate,authors,venue,externalIds,url,abstract,publicationTypes,fieldsOfStudy",sim,nao_se_aplica,confirmado,sim,metadado_secundario,concluido,resumo_ou_metadados_recuperados,"cluster Semantic Scholar 48507977 validado por 24 obra(s) em fontes independentes; obra individual validada por nome completo, titulo, DOI ou coautor"
Outros periodicos academicos,artigos_academicos,manifestacao-9b5200e97e851d,hsia-3f57e33c1cfb,hsia-3f57e33c1cfb,nao_se_aplica,origem,escrita,Um modelo alternativo de risco para companhias não-financeiras aplicado ao setor brasileiro de papel e celulose,2009,2009-10-07,artigo_academico,"SHENG, H. H | Karcher, Cristiane | Hubert, Paulo",primeiro_autor,https://eaesp.fgv.br/sites/default/files/files-eaesp/pesquisa-eaesp-files/arquivos/sheng_-_an_alternative_model_of_risk_in_non_financial_companies_applied_to_the_brazilian_pulp_and_paper_industry.pdf,https://eaesp.fgv.br/sites/default/files/files-eaesp/pesquisa-eaesp-files/arquivos/sheng_-_an_alternative_model_of_risk_in_non_financial_companies_applied_to_the_brazilian_pulp_and_paper_industry.pdf,"https://doi.org/10.12660/rbfin.v7n3.2009.1336 | https://openalex.org/W1674355250 | https://www.semanticscholar.org/paper/10bae626c818cd1b7cfdafc31aa8da6da5de1606 | https://api.crossref.org/works?query.author=Hsia%20Hua%20Sheng&rows=100&mailto=hsia.sheng@fgv.br | https://api.semanticscholar.org/graph/v1/author/4600832/papers?limit=100&fields=title,year,publicationDate,authors,venue,externalIds,url,abstract,publicationTypes,fieldsOfStudy | https://api.openaire.eu/search/publications?author=Hsia%20Hua%20Sheng&format=json&size=100 | https://eaesp.fgv.br/pessoa/hsia-hua-sheng | https://api.openalex.org/works?filter=author.id:A5047360684,to_publication_date:2026-08-24&per-page=200",sim,nao_se_aplica,confirmado,sim,metadado_secundario | origem,concluido,resumo_ou_metadados_recuperados,"item listado no perfil institucional; SHENG, H. H.; Karcher, Cristiane; Hubert, Paulo. Um Modelo Alternativo de Risco para Companhias Não-financeiras Aplicado ao Setor Brasileiro de Papel e Celulose . Revista Brasileira de Finanças, v. 7, p. 347-360, 2009."
Outros periodicos academicos,artigos_academicos,manifestacao-126139102c1634,hsia-4b91007ca24d,hsia-4b91007ca24d,nao_se_aplica,origem_catalogo,escrita,Uma empresa brasileira com sotaque chinês,2019,2019-05-02,relatorio,Hsia Hua Sheng | Weihua Chen,primeiro_autor,https://openalex.org/W3005270452,https://openalex.org/W3005270452,"https://www.semanticscholar.org/paper/05788700422e943fd2dacdaf96c8e61bb341c2b9 | https://api.openalex.org/works?filter=author.id:A5047360684,to_publication_date:2026-08-24&per-page=200 | https://api.semanticscholar.org/graph/v1/author/48507977/papers?limit=100&fields=title,year,publicationDate,authors,venue,externalIds,url,abstract,publicationTypes,fieldsOfStudy",sim,nao_se_aplica,confirmado,sim,metadado_secundario,concluido,resumo_ou_metadados_recuperados,"cluster A5047360684, ORCID 0000-0001-5827-319X || cluster Semantic Scholar 48507977 validado por 24 obra(s) em fontes independentes; obra individual validada por nome completo, titulo, DOI ou coautor"
People's Daily,entrevistas_escritas_completas,manifestacao-dc32b44d46dc0f,hsia-512c59adc2ad,hsia-512c59adc2ad,nao_se_aplica,origem,escrita,Entrevista ao People's Daily sobre Economia Chinesa e Consumo Inclusivo,2026,2026-01-21,entrevista,desconhecido,entrevistado,https://br.linkedin.com/in/tianze-hou,https://br.linkedin.com/in/tianze-hou,nenhuma,sim,nao_se_aplica,provavel,sim,origem,fonte_inacessivel,resumo_ou_metadados_recuperados,"resumo publico do entrevistador identifica Hsia Hua Sheng, veiculo, data e temas"
Semana de Economia da FMU,transcricoes_palestras_aulas,manifestacao-9a7e360d6e7fbd,hsia-e205aec26f65,hsia-e205aec26f65,nao_se_aplica,origem,escrita,Mercado Financeiro e Economia: Brasil e China,2023,2023-08-09,palestra,Hsia Hua Sheng,palestrante,https://pt.linkedin.com/posts/hsia-hua-sheng-9312539_agrade%C3%A7o-o-convite-da-coordenadora-professora-activity-7095138606167543808-ACvc,https://pt.linkedin.com/posts/hsia-hua-sheng-9312539_agrade%C3%A7o-o-convite-da-coordenadora-professora-activity-7095138606167543808-ACvc,nenhuma,sim,nao_se_aplica,confirmado,sim,origem,concluido,resumo_ou_metadados_recuperados,nome completo e papel aparecem na pagina
Sputnik,entrevistas_escritas_completas,manifestacao-1230e205df2f80,hsia-559b96715b41,hsia-559b96715b41,nao_se_aplica,origem,escrita,Brasil aposta no yuan para emitir títulos: medida pode gerar atritos com os EUA?,2026,2026,entrevista,desconhecido,entrevistado,https://noticiabrasil.net.br/20260622/brasil-aposta-no-yuan-para-emitir-titulos-medida-pode-gerar-atritos-com-os-eua-51549498.html,https://noticiabrasil.net.br/20260622/brasil-aposta-no-yuan-para-emitir-titulos-medida-pode-gerar-atritos-com-os-eua-51549498.html,https://noticiabrasil.net.br/20260622/panda-bonds-a-nova-fronteira-do-financiamento-brasileiro-51545029.html | https://noticiabrasil.net.br/services/search/getmore/?query=Hsia%20Hua%20Sheng&tags_limit=20 | https://www.tribunadosertao.com.br/geral/2026/06/22/926558-brasil-aposta-no-yuan-para-emitir-titulos-medida-pode-gerar-atritos-com-os-eua,sim,nao_se_aplica,confirmado,sim,manifestacao_derivada | origem,concluido,resumo_e_evidencia_recuperados,"comércio mundial, atingindo 6% das transações. Ainda assim, a moeda chinesa está bem distante do dólar norte-americano, que possui uma fatia de 82%.A expectativa é de que a oferta dos títulos públicos na moeda da China seja anunciada durante uma viagem de autoridades do Brasil ao país, entre os dias 24 e 26 de junho.Para o professor associado de finanças na Fundação Getulio Vargas (FGV) Hsia Hua Sheng, com a iniciativa, o Brasil aproveita as vantagens da abertura do mercado de capital de Pequim. Por outro lado, pelas altas taxas de juros no país, os títulos brasileiros possuem uma ""clara vantagem"" sobre as demais moedas, explica ao podcast Mundioka, da Sputnik Brasil.Aliado a isso, o especialista lembra que a China tem o segundo maior mercado de capitais do mundo, com capitalização superior a US$ 11 trilhões (R$ 56,7 trilhões), ficando atrás apenas dos Estados Unidos.Contudo, Hua Sheng lembra que os Pand Bonds possuem uma restrição importante: enquanto títulos em moedas como dólar e euro podem ser emitidos para pagamento em longo prazo, chegando a 40 anos, os chineses possuem um período bem menor: no máximo, cinco anos.Outro ponto citado pelo professor da FGV é que a medida do gove"
Sputnik,videos_podcasts,manifestacao-856be2664f5125,hsia-559b96715b41,hsia-559b96715b41,hsia-559b96715b41,manifestacao_derivada,audiovisual,Brasil aposta no yuan para emitir títulos: medida pode gerar atritos com os EUA?,2026,2026,entrevista,desconhecido,entrevistado,https://noticiabrasil.net.br/20260622/panda-bonds-a-nova-fronteira-do-financiamento-brasileiro-51545029.html,https://noticiabrasil.net.br/20260622/panda-bonds-a-nova-fronteira-do-financiamento-brasileiro-51545029.html,https://noticiabrasil.net.br/20260622/brasil-aposta-no-yuan-para-emitir-titulos-medida-pode-gerar-atritos-com-os-eua-51549498.html | https://noticiabrasil.net.br/services/search/getmore/?query=Hsia%20Hua%20Sheng&tags_limit=20 | https://www.tribunadosertao.com.br/geral/2026/06/22/926558-brasil-aposta-no-yuan-para-emitir-titulos-medida-pode-gerar-atritos-com-os-eua,sim,nao_se_aplica,confirmado,sim,manifestacao_derivada | origem,concluido,resumo_e_evidencia_recuperados,"alização do sistema financeiro e o uso de moedas locais em transações internacionais. Diante disso, que impactos essa medida pode ter na relação sino-brasileira e no posicionamento do Brasil nos mercados globais? Como essa emissão dialoga com as demais propostas de cooperação financeira debatidas no âmbito do BRICS? Para entender o cenário, Melina Saad e Marcelo Castilho recebem Hsia Hua Sheng, professor associado de finanças na Escola de Administração de Empresas de São Paulo, da Fundação Getulio Vargas (FGV EAESP); e Marcos Cordeiro, professor de relações internacionais da Universidade Estadual Paulista (Unesp) e do Instituto Nacional de Ciência e Tecnologia para Estudos sobre os Estados Unidos (INCT-INEU). Agora disponível na Rádio Metropolitana do Rio de Janeiro, 80.5 FM. brasil china Sputnik Brasil contato.br@sputniknews.com +74956456601 MIA „Rossiya Segodnya“ 252 60 2026 Sputnik Brasil contato.br@sputniknews.com +74956456601 MIA „Rossiya Segodnya“ 252 60 notícias br_BR Sputnik Brasil contato.br@sputniknews.com +74956456601 MIA „Rossiya Segodnya“ 252 60 1920 1080 true 1920 1440 true https://cdn.noticiabrasil.net.br/img/07ea/06/16/51544873_240:0:1680:1080_1920x0_80_0_0_ab7c1e37"
TV 247 / YouTube,videos_podcasts,manifestacao-f82018a7f3cd09,hsia-63cdec25d7b8,hsia-63cdec25d7b8,nao_se_aplica,origem,audiovisual,"""Brasil e China podem fazer comércio em moedas locais"", diz Hsia Hua Sheng",2024,2024-08-03,entrevista,Hsia Hua Sheng,entrevistado,https://www.youtube.com/watch?v=69_yDnlA7T4,https://www.youtube.com/watch?v=69_yDnlA7T4,https://www.youtube.com/results?search_query=%22Hsia%20Hua%20Sheng%22,sim,nao_se_aplica,confirmado,sim,origem,concluido,resumo_ou_metadados_recuperados,nome completo no titulo ou descricao publica do video
The Economist,participacoes_em_reportagens,manifestacao-06b1914941b28e,hsia-ae79f3d99e80,hsia-ae79f3d99e80,nao_se_aplica,origem_catalogo,escrita,Brazil courts China as its Musk feud erupts again,2024,2024-11-18,participacao_reportagem,desconhecido,entrevistado,https://www1.folha.uol.com.br/mundo/2024/11/lula-aposta-em-parceria-com-china-enquanto-crise-com-musk-e-trump-se-intensifica.shtml,https://www1.folha.uol.com.br/mundo/2024/11/lula-aposta-em-parceria-com-china-enquanto-crise-com-musk-e-trump-se-intensifica.shtml,https://www.estadao.com.br/economia/brasil-china-disputa-musk/,sim,nao_se_aplica,confirmado,sim,republicacao,concluido,resumo_e_evidencia_recuperados,"9 bilhões em 2023. O Brasil absorveu 63% do total em valor. Relação entre Brasil e China completa 50 anos ic_save Mais ic_share Leia Mais Ícone fechar Voltar Ver novamente Voltar Voltar Compartilhe Ícone Facebook Facebook Ícone Whatsapp Whatsapp Ícone X X Ícone de messenger Messenger Ícone Linkedin Linkedin Ícone de envelope E-mail Ícone de link Cadeado representando um link Copiar link Ícone fechar Carregando... ""Cinco anos atrás, a China estava investindo em ativos fixos caros, como infraestrutura elétrica, petróleo e gás"", diz Hsia Hua Sheng, professor da Fundação Getulio Vargas em São Paulo que também trabalha para o Banco da China. ""Hoje, investe em manufatura, renováveis, serviços e logística."" Ele afirma que esses são investimentos de ""maior qualidade"" porque frequentemente envolvem parcerias com empresas locais, criação de empregos e transferência de tecnologia. BYD e Great Wall Motors, dois rivais chineses da Tesla , estão abrindo fábricas de veículos elétricos no Brasil no próximo ano. A fábrica da BYD será erguida em uma antiga fábrica da Ford, e será a maior fábrica da empresa fora da Ásia . Uma fábrica chinesa de alta tecnologia construída no local de um campeão indust"
The Economist,participacoes_em_reportagens,manifestacao-1493e498d96989,hsia-3287a08f3185,hsia-3287a08f3185,nao_se_aplica,fonte_secundaria,escrita,Chinese investors are unfazed by Brazil's general election in October,2026,2026,participacao_reportagem,desconhecido,entrevistado,https://pt.linkedin.com/posts/hsia-hua-sheng-9312539_investimentos-marcaschinesas-byd-activity-7478585241197035520-KlO-,https://pt.linkedin.com/posts/hsia-hua-sheng-9312539_investimentos-marcaschinesas-byd-activity-7478585241197035520-KlO-,nenhuma,sim,nao_se_aplica,confirmado,sim,fonte_secundaria,concluido,resumo_e_evidencia_recuperados,"#investimentos #marcaschinesas #byd #gwm #huawei #geely #chery #hisense #brasil #china #consumo #altatecnologia | Hsia Hua Sheng Aceite e cadastre-se no LinkedIn Ao clicar em Continuar para se cadastrar ou entrar, você aceita o Contrato do Usuário , a Política de Privacidade e a Política de Cookies do LinkedIn. Pular para conteúdo principal LinkedIn Assuntos em alta Pessoas Learning Vagas Jogos Entrar Cadastre-se agora Publicação de Hsia Hua Sheng Hsia Hua Sheng 1 m Editado Denunciar esta publicação Agradeço a revista The Economist desta edição pela oportunidade de discutir grandes #investimentos das #MarcasChinesas de tecnologias no mercado de consumo e bens duráveis no Brasil. ❤️🇧🇷🇨🇳🌹 ""Chinese investors are unfazed by Brazil's general election in October. 'The private sector is much more important in pushing this relationship forward than anything to do with governments,' says Hsia Sheng of the Getulio Vargas Foundation, a university in São Paulo. 'If the election mattered, investments would have stopped, but the opposite is happening.'"".... Boa leitura！ Uma ótima semana para todos. 🥰🤗🌹 #Byd ; #Gwm ; #Huawei ; #Geely ; #Chery ; #Hisense #Brasil ; #China ; #consumo ; #AltaTecnolog"
Touros e Ursos,entrevistas_escritas_completas,manifestacao-8604bccc1d2c34,hsia-9139b39905ed,hsia-9139b39905ed,nao_se_aplica,origem,escrita,"A China vai bem, obrigado: vice-presidente do Bank of China diz que economia do país está melhor do que pensam os analistas",2024,2024-05-30,entrevista_escrita_derivada,desconhecido,entrevistado,https://www.seudinheiro.com/2024/internacional/vice-presidente-do-bank-of-china-diz-que-economia-do-pais-esta-melhor-do-que-pensam-os-analistas-julw/,https://www.seudinheiro.com/2024/internacional/vice-presidente-do-bank-of-china-diz-que-economia-do-pais-esta-melhor-do-que-pensam-os-analistas-julw/,"https://www.seudinheiro.com/wp-json/wp/v2/posts?search=H.H.%20Sheng&per_page=100&_fields=id,date,link,title,excerpt,content",sim,nao_se_aplica,confirmado,sim,origem,concluido,resumo_e_evidencia_recuperados,"Para Hsia Hua Sheng, executivo da filial brasileira do banco comercial chinês, premissas para entender a economia do Gigante Asiático são diferentes Os temores acerca da sustentabilidade do crescimento da China pairam sobre os mercados globais e afetam muito diretamente o Brasil , grande parceiro comercial do Gigante Asiático, sobretudo na exportação de commodities , como o minério de ferro . Mas, para o vice-presidente do Bank of China Brasil, Hsia Hua Sheng , os analistas não têm com o que se preocupar. O executivo da filial brasileira do mais antigo banco chinês, que atua como instituição financeira comercial e conta com participação estatal, defende que a ótica para se analisar a economia do país deve ser diferente. “Se você quer entender um pouco mais sobre a economia chinesa, talvez a ótica seja um pouco diferente, porque as premissas são diferentes”, afirmou Sheng, que participou, na última quarta-feira (29) do Asset Day da Empiricus Gestão . Se a sua fonte de renda está 100% em reais, você está errado – mas ainda dá tempo de começar a buscar ganhos em dólares de forma prática. Clique AQUI e saiba como. Segundo o executivo, a China está se saindo muito melhor do que muitos a"
Touros e Ursos,entrevistas_escritas_completas,manifestacao-6bdf2b071f7d50,hsia-eab7eda84000,hsia-eab7eda84000,nao_se_aplica,origem,escrita,China vs. Estados Unidos: começou uma nova guerra fria? O que está em jogo na disputa entre Trump e Xi,2025,2025-10-23,entrevista_escrita_derivada,desconhecido,entrevistado,https://www.seudinheiro.com/2025/internacional/china-vs-estados-unidos-comecou-uma-nova-guerra-fria-o-que-esta-em-jogo-na-disputa-entre-trump-e-xi-julw/,https://www.seudinheiro.com/2025/internacional/china-vs-estados-unidos-comecou-uma-nova-guerra-fria-o-que-esta-em-jogo-na-disputa-entre-trump-e-xi-julw/,"https://www.youtube.com/watch?v=mXR2jKPd1Ow | https://www.seudinheiro.com/wp-json/wp/v2/posts?search=H.H.%20Sheng&per_page=100&_fields=id,date,link,title,excerpt,content",sim,nao_se_aplica,confirmado,sim,manifestacao_derivada | origem,concluido,metadados_e_vinculo_recuperados | resumo_e_evidencia_recuperados,"Convidado desta edição do podcast Touros e Ursos, Hsia Hua Sheng, vice-presidente do Bank of China (Brasil) S.A. e professor da FGV, comenta os impactos da disputa e se ela pode afetar a reaproximação entre Brasil e EUA No fim da semana passada, o presidente norte-americano, Donald Trump , reacendeu a guerra comercial com a China anunciando uma tarifa adicional de 100% aos produtos chineses a partir de 1º de novembro . A medida foi uma resposta à imposição de restrições à exportação de produtos estratégicos por parte do Gigante Asiático, como as terras raras. A nova rodada tarifária azedou novamente o humor dos mercados, mas agora Trump e o presidente chinês, Xi Jin Ping , já preveem um encontro para a semana que vem. Quem acredita que os dois líderes mundiais irão se acertar é o convidado do podcast Touros e Ursos desta semana, Hsia Hua Sheng . Ele é vice-presidente do Bank of China (Brasil) S.A. e professor associado de finanças na Fundação Getulio Vargas (FGV) . LEIA TAMBÉM: Conheça as análises da research mais premiada da América Latina: veja como acessar os relatórios do BTG Pactual gratuitamente com a cortesia do Seu Dinheiro Na primeira parte do programa, o professor Sheng c"
Touros e Ursos,entrevistas_escritas_completas,manifestacao-74478d2d058e11,hsia-c3b3d3637bca,hsia-c3b3d3637bca,nao_se_aplica,origem,escrita,Efeito DeepSeek: Nvidia e outras big techs poderiam ter afundado ainda mais — saiba por que o vice-presidente do Bank of China diz isso,2025,2025-02-01,entrevista_escrita_derivada,desconhecido,entrevistado,https://www.seudinheiro.com/2025/internacional/efeito-deepseek-nvidia-e-outras-big-techs-poderiam-ter-afundado-ainda-mais-saiba-por-que-o-vice-presidente-do-bank-of-china-diz-isso-mnog/,https://www.seudinheiro.com/2025/internacional/efeito-deepseek-nvidia-e-outras-big-techs-poderiam-ter-afundado-ainda-mais-saiba-por-que-o-vice-presidente-do-bank-of-china-diz-isso-mnog/,"https://www.youtube.com/watch?v=Pyni3Y6uu0U | https://www.seudinheiro.com/wp-json/wp/v2/posts?search=H.H.%20Sheng&per_page=100&_fields=id,date,link,title,excerpt,content",sim,nao_se_aplica,confirmado,sim,manifestacao_derivada | origem,concluido,metadados_e_vinculo_recuperados | resumo_e_evidencia_recuperados,"Em episódio do Touros e Ursos, Hsia Hua Sheng enfatiza o potencial tecnológico de Pequim para desenvolver softwares tão eficientes quanto os criados nos Estados Unidos O mercado de ações dos Estados Unidos , em especial o índice Nasdaq , não teve um bom começo de semana, com quedas significativas das maiores gigantes de tecnologia — que, diga-se de passagem, foram as grandes vencedoras das bolsas nos últimos tempos. O que causou a derrocada de “Golias” foi um Davi que apareceu “do nada” (pelo menos da perspectiva do Ocidente): a inteligência artificial chinesa estilo-ChatGPT, DeepSeek . Com custos bem mais baratos e capacidade tecnológica equiparável à das criações da OpenAI e do Google , a China deixou bem claro para o mundo: ainda estamos aqui. Para a sorte de Golias, o país celebra o feriado do Ano Novo Chinês e as bolsas estão fechadas. Caso contrário, a queda da Nvidia e das outras big techs teria sido ainda mais brutal, na visão de Hsia Hua Sheng , vice-presidente da divisão brasileira do Bank of China . LEIA MAIS: DeepSeek é como um ‘Sputnik 2.0’: corrida tecnológica está só no começo e big techs devem se recuperar, segundo analista Aos investidores, a lição é clara: para re"
Touros e Ursos,videos_podcasts,manifestacao-e7ce34c5894d72,hsia-eab7eda84000,hsia-eab7eda84000,hsia-eab7eda84000,manifestacao_derivada,audiovisual,China vs. Estados Unidos: começou uma nova guerra fria? O que está em jogo na disputa entre Trump e Xi,2025,2025-10-23,entrevista_escrita_derivada,desconhecido,entrevistado,https://www.youtube.com/watch?v=mXR2jKPd1Ow,https://www.youtube.com/watch?v=mXR2jKPd1Ow,"https://www.seudinheiro.com/2025/internacional/china-vs-estados-unidos-comecou-uma-nova-guerra-fria-o-que-esta-em-jogo-na-disputa-entre-trump-e-xi-julw/ | https://www.seudinheiro.com/wp-json/wp/v2/posts?search=H.H.%20Sheng&per_page=100&_fields=id,date,link,title,excerpt,content",sim,nao_se_aplica,confirmado,sim,manifestacao_derivada | origem,concluido,metadados_e_vinculo_recuperados | resumo_e_evidencia_recuperados,"Convidado desta edição do podcast Touros e Ursos, Hsia Hua Sheng, vice-presidente do Bank of China (Brasil) S.A. e professor da FGV, comenta os impactos da disputa e se ela pode afetar a reaproximação entre Brasil e EUA No fim da semana passada, o presidente norte-americano, Donald Trump , reacendeu a guerra comercial com a China anunciando uma tarifa adicional de 100% aos produtos chineses a partir de 1º de novembro . A medida foi uma resposta à imposição de restrições à exportação de produtos estratégicos por parte do Gigante Asiático, como as terras raras. A nova rodada tarifária azedou novamente o humor dos mercados, mas agora Trump e o presidente chinês, Xi Jin Ping , já preveem um encontro para a semana que vem. Quem acredita que os dois líderes mundiais irão se acertar é o convidado do podcast Touros e Ursos desta semana, Hsia Hua Sheng . Ele é vice-presidente do Bank of China (Brasil) S.A. e professor associado de finanças na Fundação Getulio Vargas (FGV) . LEIA TAMBÉM: Conheça as análises da research mais premiada da América Latina: veja como acessar os relatórios do BTG Pactual gratuitamente com a cortesia do Seu Dinheiro Na primeira parte do programa, o professor Sheng c"
Touros e Ursos,videos_podcasts,manifestacao-bd5804d13160d0,hsia-c3b3d3637bca,hsia-c3b3d3637bca,hsia-c3b3d3637bca,manifestacao_derivada,audiovisual,Efeito DeepSeek: Nvidia e outras big techs poderiam ter afundado ainda mais — saiba por que o vice-presidente do Bank of China diz isso,2025,2025-02-01,entrevista_escrita_derivada,desconhecido,entrevistado,https://www.youtube.com/watch?v=Pyni3Y6uu0U,https://www.youtube.com/watch?v=Pyni3Y6uu0U,"https://www.seudinheiro.com/2025/internacional/efeito-deepseek-nvidia-e-outras-big-techs-poderiam-ter-afundado-ainda-mais-saiba-por-que-o-vice-presidente-do-bank-of-china-diz-isso-mnog/ | https://www.seudinheiro.com/wp-json/wp/v2/posts?search=H.H.%20Sheng&per_page=100&_fields=id,date,link,title,excerpt,content",sim,nao_se_aplica,confirmado,sim,manifestacao_derivada | origem,concluido,metadados_e_vinculo_recuperados | resumo_e_evidencia_recuperados,"Em episódio do Touros e Ursos, Hsia Hua Sheng enfatiza o potencial tecnológico de Pequim para desenvolver softwares tão eficientes quanto os criados nos Estados Unidos O mercado de ações dos Estados Unidos , em especial o índice Nasdaq , não teve um bom começo de semana, com quedas significativas das maiores gigantes de tecnologia — que, diga-se de passagem, foram as grandes vencedoras das bolsas nos últimos tempos. O que causou a derrocada de “Golias” foi um Davi que apareceu “do nada” (pelo menos da perspectiva do Ocidente): a inteligência artificial chinesa estilo-ChatGPT, DeepSeek . Com custos bem mais baratos e capacidade tecnológica equiparável à das criações da OpenAI e do Google , a China deixou bem claro para o mundo: ainda estamos aqui. Para a sorte de Golias, o país celebra o feriado do Ano Novo Chinês e as bolsas estão fechadas. Caso contrário, a queda da Nvidia e das outras big techs teria sido ainda mais brutal, na visão de Hsia Hua Sheng , vice-presidente da divisão brasileira do Bank of China . LEIA MAIS: DeepSeek é como um ‘Sputnik 2.0’: corrida tecnológica está só no começo e big techs devem se recuperar, segundo analista Aos investidores, a lição é clara: para re"
TozziniFreire,entrevistas_escritas_completas,manifestacao-26697a71138e28,hsia-437a8c6377b8,hsia-437a8c6377b8,hsia-437a8c6377b8,fonte_secundaria,escrita,50 anos de relacao comercial Brasil-China,2024,2024,podcast,desconhecido,entrevistado,https://pt.linkedin.com/posts/hsia-hua-sheng-9312539_oi-amigos-as-como-%C3%A9-rela%C3%A7%C3%A3o-econ%C3%B4mica-activity-7259680375738695680-VUr4,https://pt.linkedin.com/posts/hsia-hua-sheng-9312539_oi-amigos-as-como-%C3%A9-rela%C3%A7%C3%A3o-econ%C3%B4mica-activity-7259680375738695680-VUr4,https://www.youtube.com/watch?v=2d9FngQIONQ,sim,nao_se_aplica,confirmado,sim,fonte_secundaria | origem,concluido,resumo_e_evidencia_recuperados,"Oi Amigos (as)! Como é relação econômica Brasil e China vista por dentro do Brasil? Meu amigo Paulo Gala e eu tivemos enorme prazer de compartilhar as historias divertidas desde nosso tempo de… | Hsia Hua Sheng Aceite e cadastre-se no LinkedIn Ao clicar em Continuar para se cadastrar ou entrar, você aceita o Contrato do Usuário , a Política de Privacidade e a Política de Cookies do LinkedIn. Pular para conteúdo principal LinkedIn Assuntos em alta Pessoas Learning Vagas Jogos Entrar Cadastre-se agora Publicação de Hsia Hua Sheng Hsia Hua Sheng 1 a Editado Denunciar esta publicação Oi Amigos (as)! Como é relação econômica Brasil e China vista por dentro do Brasil? Meu amigo Paulo Gala e eu tivemos enorme prazer de compartilhar as historias divertidas desde nosso tempo de estudante do curso de graduação de economia School of Economics, Business and Accounting at the University of São Paulo (30 anos atrasss... 😁 ) ate data de hoje ...!!!!! Como essas duas economias se tornaram cada vez mais fortes e sólidos!!! Agradeco Marcel Medon Santos e Ligia Schlittler pela oportunidade de gravar junto este podcast!!! Confira o Podcast em: https://lnkd.in/dEyF9Z7u Boa diversao! ☺️ Uma otima semana"
TozziniFreire,videos_podcasts,manifestacao-fea392aaac9a92,hsia-437a8c6377b8,hsia-437a8c6377b8,nao_se_aplica,origem,audiovisual,50 anos de relacao comercial Brasil-China,2024,2024,podcast,desconhecido,entrevistado,https://www.youtube.com/watch?v=2d9FngQIONQ,https://www.youtube.com/watch?v=2d9FngQIONQ,https://pt.linkedin.com/posts/hsia-hua-sheng-9312539_oi-amigos-as-como-%C3%A9-rela%C3%A7%C3%A3o-econ%C3%B4mica-activity-7259680375738695680-VUr4,sim,nao_se_aplica,confirmado,sim,fonte_secundaria | origem,concluido,resumo_e_evidencia_recuperados,50 anos de relação comercial Brasil-China - YouTube Sobre Imprensa Direitos autorais Entre em contato Criadores de conteúdo Publicidade Desenvolvedores Termos Privacidade Política e segurança Como funciona o YouTube Testar os novos recursos © 2026 Google LLC
Valor Economico,artigos_profissionais,manifestacao-0d0325ab7d3496,hsia-1165656ebc10,hsia-1165656ebc10,nao_se_aplica,origem,escrita,"O BC e os fatores ESG: pontos de atenção na nova regulação bancária de riscos sociais, ambientais e climáticos",2023,2023-02-22,artigo_profissional,Eduardo Bruzzi | Aylton Gonçalves | Hsia Hua Sheng,coautor,https://valor.globo.com/empresas/esg/artigo/o-bc-e-os-fatores-esg-pontos-de-atencao-na-nova-regulacao-bancaria-de-riscos-sociais-ambientais-e-climaticos.ghtml,https://valor.globo.com/empresas/esg/artigo/o-bc-e-os-fatores-esg-pontos-de-atencao-na-nova-regulacao-bancaria-de-riscos-sociais-ambientais-e-climaticos.ghtml,nenhuma,sim,nao_se_aplica,confirmado,sim,origem,concluido,resumo_e_evidencia_recuperados,"Página original acessada diretamente em 2026-08-25 (HTTP 200); título, data e presença nominal de Hsia Hua Sheng foram conferidos. Registro incorporado a partir do link fornecido pelo usuário."
Valor Economico,participacoes_em_reportagens,manifestacao-11c5ee5414d7de,hsia-5382beca61bf,hsia-5382beca61bf,nao_se_aplica,origem,escrita,"Brasil & China, uma relação que pode avançar",2024,2024-11-29,participacao_reportagem,Olívia Bulla,entrevistado,https://valor.globo.com/publicacoes/especiais/revista-brasil-china/noticia/2024/11/29/brasil-and-china-uma-relacao-que-pode-avancar.ghtml,https://valor.globo.com/publicacoes/especiais/revista-brasil-china/noticia/2024/11/29/brasil-and-china-uma-relacao-que-pode-avancar.ghtml,nenhuma,sim,nao_se_aplica,confirmado,sim,origem,concluido,resumo_e_evidencia_recuperados,"Página original acessada diretamente em 2026-08-25 (HTTP 200); título, data e presença nominal de Hsia Hua Sheng foram conferidos. Registro incorporado a partir do link fornecido pelo usuário."
Valor Economico,participacoes_em_reportagens,manifestacao-f05354f290da1c,hsia-977edebf0964,hsia-977edebf0964,nao_se_aplica,origem,escrita,Commodities em queda e crise interna desafiam múltis brasileiras,2016,2016-04-18,participacao_reportagem,Eduardo Belo,entrevistado,https://valor.globo.com/brasil/noticia/2016/04/18/commodities-em-queda-e-crise-interna-desafiam-multis-brasileiras-1.ghtml,https://valor.globo.com/brasil/noticia/2016/04/18/commodities-em-queda-e-crise-interna-desafiam-multis-brasileiras-1.ghtml,nenhuma,sim,nao_se_aplica,confirmado,sim,origem,concluido,resumo_e_evidencia_recuperados,"Página original acessada diretamente em 2026-08-25 (HTTP 200); título, data e presença nominal de Hsia Hua Sheng foram conferidos. Registro incorporado a partir do link fornecido pelo usuário."
Valor Economico,participacoes_em_reportagens,manifestacao-b7396a673897f3,hsia-c31cbba9eaf5,hsia-c31cbba9eaf5,nao_se_aplica,origem,escrita,Economia fraca reduz comércio entre os países,2015,2015-09-28,participacao_reportagem,Guilherme Meirelles,entrevistado,https://valor.globo.com/brasil/noticia/2015/09/28/economia-fraca-reduz-comercio-entre-os-paises.ghtml,https://valor.globo.com/brasil/noticia/2015/09/28/economia-fraca-reduz-comercio-entre-os-paises.ghtml,nenhuma,sim,nao_se_aplica,confirmado,sim,origem,concluido,resumo_e_evidencia_recuperados,"Página original acessada diretamente em 2026-08-25 (HTTP 200); título, data e presença nominal de Hsia Hua Sheng foram conferidos. Registro incorporado a partir do link fornecido pelo usuário."
Valor Economico,participacoes_em_reportagens,manifestacao-a7513d3216e7cb,hsia-b9db3aed5fd8,hsia-b9db3aed5fd8,nao_se_aplica,origem,escrita,"Flutuação do yuan pode ser até positiva para o Brasil, dizem analistas",2015,2015-08-17,participacao_reportagem,Eduardo Belo,entrevistado,https://valor.globo.com/brasil/noticia/2015/08/17/flutuacao-do-yuan-pode-ser-ate-positiva-para-o-brasil-dizem-analistas.ghtml,https://valor.globo.com/brasil/noticia/2015/08/17/flutuacao-do-yuan-pode-ser-ate-positiva-para-o-brasil-dizem-analistas.ghtml,nenhuma,sim,nao_se_aplica,confirmado,sim,origem,concluido,resumo_e_evidencia_recuperados,"Página original acessada diretamente em 2026-08-25 (HTTP 200); título, data e presença nominal de Hsia Hua Sheng foram conferidos. Registro incorporado a partir do link fornecido pelo usuário."
Valor Economico,participacoes_em_reportagens,manifestacao-7f6a42a73503cd,hsia-e2f991c5359a,hsia-e2f991c5359a,nao_se_aplica,origem,escrita,Interesse chinês por investimentos no Brasil volta a crescer,2025,2025-05-09,participacao_reportagem,Domingos Zaparolli,entrevistado,https://valor.globo.com/summit-valor-brazil-china-2025/noticia/2025/05/09/interesse-chines-por-investimentos-no-brasil-volta-a-crescer.ghtml,https://valor.globo.com/summit-valor-brazil-china-2025/noticia/2025/05/09/interesse-chines-por-investimentos-no-brasil-volta-a-crescer.ghtml,https://oglobo.globo.com/economia/summit-brazil-china-2025/noticia/2025/05/09/empresas-chinesas-reforcam-aposta-em-setores-como-agro-energia-renovavel-saude-e-infraestrutura-no-brasil.ghtml,sim,nao_se_aplica,confirmado,sim,origem | republicacao,concluido,resumo_e_evidencia_recuperados,"Página original acessada diretamente em 2026-08-25 (HTTP 200); título, data e presença nominal de Hsia Hua Sheng foram conferidos. Registro incorporado a partir do link fornecido pelo usuário."
Valor Economico,participacoes_em_reportagens,manifestacao-46c9dbf1cfe00c,hsia-3b61cc562f82,hsia-3b61cc562f82,nao_se_aplica,origem,escrita,"Investimentos chineses: Menos recursos, mais valor",2024,2024-11-29,participacao_reportagem,Monica Magnavita,entrevistado,https://valor.globo.com/publicacoes/especiais/revista-brasil-china/noticia/2024/11/29/investimentos-chineses-menos-recursos-mais-valor.ghtml,https://valor.globo.com/publicacoes/especiais/revista-brasil-china/noticia/2024/11/29/investimentos-chineses-menos-recursos-mais-valor.ghtml,nenhuma,sim,nao_se_aplica,confirmado,sim,origem,concluido,resumo_e_evidencia_recuperados,"Página original acessada diretamente em 2026-08-25 (HTTP 200); título, data e presença nominal de Hsia Hua Sheng foram conferidos. Registro incorporado a partir do link fornecido pelo usuário."
Valor Economico,participacoes_em_reportagens,manifestacao-280382307b8c57,hsia-b267106047c6,hsia-b267106047c6,nao_se_aplica,origem,escrita,Os desafios da China para criar sua bolsa de petróleo,2018,2018-01-24,participacao_reportagem,Cláudia Schüffner,entrevistado,https://valor.globo.com/empresas/noticia/2018/01/24/os-desafios-da-china-para-criar-sua-bolsa-de-petroleo.ghtml,https://valor.globo.com/empresas/noticia/2018/01/24/os-desafios-da-china-para-criar-sua-bolsa-de-petroleo.ghtml,nenhuma,sim,nao_se_aplica,confirmado,sim,origem,concluido,resumo_e_evidencia_recuperados,"Página original acessada diretamente em 2026-08-25 (HTTP 200); título, data e presença nominal de Hsia Hua Sheng foram conferidos. Registro incorporado a partir do link fornecido pelo usuário."
Valor Economico,participacoes_em_reportagens,manifestacao-7854b6f306d1d2,hsia-4ad67ddd1ecb,hsia-4ad67ddd1ecb,nao_se_aplica,origem,escrita,Parcerias com a América Latina crescem no espaço deixado pelos Estados Unidos,2024,2024-01-23,participacao_reportagem,Eliane Sobral,entrevistado,https://valor.globo.com/brazilchinameeting/noticia/2024/01/23/parcerias-com-a-america-latina-crescem-no-espaco-deixado-pelos-estados-unidos-sembarreira.ghtml,https://valor.globo.com/brazilchinameeting/noticia/2024/01/23/parcerias-com-a-america-latina-crescem-no-espaco-deixado-pelos-estados-unidos-sembarreira.ghtml,https://pt.linkedin.com/posts/hsia-hua-sheng-9312539_parcerias-com-a-am%C3%A9rica-latina-crescem-no-activity-7155553111288225792-WINo,sim,nao_se_aplica,confirmado,sim,fonte_secundaria | origem,concluido,resumo_e_evidencia_recuperados,"Página original acessada diretamente em 2026-08-25 (HTTP 200); título, data e presença nominal de Hsia Hua Sheng foram conferidos. Registro incorporado a partir do link fornecido pelo usuário."
Valor Economico,participacoes_em_reportagens,manifestacao-ac31206462c218,hsia-bb4d9ecfe645,hsia-bb4d9ecfe645,nao_se_aplica,origem,escrita,Trabalho duro para enriquecer com as lavouras,2014,2014-03-25,participacao_reportagem,Lauro Veiga Filho,entrevistado,https://valor.globo.com/financas/noticia/2014/03/25/trabalho-duro-para-enriquecer-com-as-lavouras.ghtml,https://valor.globo.com/financas/noticia/2014/03/25/trabalho-duro-para-enriquecer-com-as-lavouras.ghtml,nenhuma,sim,nao_se_aplica,confirmado,sim,origem,concluido,resumo_e_evidencia_recuperados,"Página original acessada diretamente em 2026-08-25 (HTTP 200); título, data e presença nominal de Hsia Hua Sheng foram conferidos. Registro incorporado a partir do link fornecido pelo usuário."
Valor Economico,participacoes_em_reportagens,manifestacao-03572cdacb5eb5,hsia-61e15d80f99e,hsia-61e15d80f99e,nao_se_aplica,origem,escrita,Volume e produtividade para compensar a perda de margem,2014,2014-05-29,participacao_reportagem,Guilherme Meirelles,entrevistado,https://valor.globo.com/brasil/noticia/2014/05/29/volume-e-produtividade-para-compensar-a-perda-de-margem.ghtml,https://valor.globo.com/brasil/noticia/2014/05/29/volume-e-produtividade-para-compensar-a-perda-de-margem.ghtml,nenhuma,sim,nao_se_aplica,confirmado,sim,origem,concluido,resumo_e_evidencia_recuperados,"Página original acessada diretamente em 2026-08-25 (HTTP 200); título, data e presença nominal de Hsia Hua Sheng foram conferidos. Registro incorporado a partir do link fornecido pelo usuário."
Xinhua,transcricoes_palestras_aulas,manifestacao-461f89b08006b7,hsia-1e8c9a131410,hsia-1e8c9a131410,nao_se_aplica,origem,escrita,Participacao na Conferencia de Investimento e Financiamento Climatico de Pearl Bay 2025,2025,2025-12-13,palestra,Hsia Hua Sheng,palestrante,https://www.prnewswire.com/br/comunicados-para-a-imprensa/xinhua-silk-road-especialistas-estrangeiros-pedem-maior-cooperacao-internacional-em-economia-azul-e-financas-sustentaveis-302641721.html,https://www.prnewswire.com/br/comunicados-para-a-imprensa/xinhua-silk-road-especialistas-estrangeiros-pedem-maior-cooperacao-internacional-em-economia-azul-e-financas-sustentaveis-302641721.html,nenhuma,sim,nao_se_aplica,confirmado,sim,origem,concluido,resumo_ou_metadados_recuperados,"comunicado publico da Xinhua reproduz fala e identifica Hsia Hua Sheng, instituicao e evento"
